figure,case,ratio,jump_rate,path_count,method,rejection_probability,median_power,mean_power,median_relative_difference,mean_relative_difference,median_p_price,median_q_price,mean_p_price,mean_q_price,replicates,relative_difference_in_median_estimates,relative_difference_in_mean_estimates
fig1,gbm_merton_vanilla_call,0.25,0.01,16384,GradOne,0.91,0.8676437364444753,0.8035026919704958,0.003146193153959862,0.0031399682993677987,0.6380647513577742,0.6400961877272013,0.6381915673395622,0.6401956659342332,500,0.0031837464224506126,0.0031402774609283883
fig1,gbm_merton_vanilla_call,0.25,0.01,16384,GradTwo,0.91,0.8713065896404507,0.803447376577998,0.003146193153959862,0.0031399682993677987,0.6380647513577742,0.6400961877272013,0.6381915673395622,0.6401956659342332,500,0.0031837464224506126,0.0031402774609283883
fig1,gbm_merton_vanilla_call,0.25,0.01,16384,t-Test CRN,0.91,0.28147959931817224,0.3407519125689035,0.003146193153959862,0.0031399682993677987,0.6380647513577742,0.6400961877272013,0.6381915673395622,0.6401956659342332,500,0.0031837464224506126,0.0031402774609283883
fig1,gbm_merton_vanilla_call,0.25,0.08,16384,GradOne,0.222,0.2472615077271499,0.3281308889930547,0.0004767602983718365,0.0005442433299689898,5.082007668779664,5.083744879642881,5.0843282302923525,5.08658916074547,500,0.0003418355454064361,0.0004446861710554455
fig1,gbm_merton_vanilla_call,0.25,0.08,16384,GradTwo,0.224,0.2505167067281504,0.3288126917769603,0.0004767602983718365,0.0005442433299689898,5.082007668779664,5.083744879642881,5.0843282302923525,5.08658916074547,500,0.0003418355454064361,0.0004446861710554455
fig1,gbm_merton_vanilla_call,0.25,0.08,16384,t-Test CRN,0.224,0.9317252160633009,0.8459968605872971,0.0004767602983718365,0.0005442433299689898,5.082007668779664,5.083744879642881,5.0843282302923525,5.08658916074547,500,0.0003418355454064361,0.0004446861710554455
fig1,gbm_merton_vanilla_call,0.25,0.7,16384,GradOne,0.098,0.20290424603052068,0.2554628124843048,0.002190512506808518,0.003508606809506896,31.071755442102024,31.07754453847585,33.62126004486005,33.64480702481881,500,0.00018631378534797338,0.0007003598296833884
fig1,gbm_merton_vanilla_call,0.25,0.7,16384,GradTwo,0.1,0.20358820585174875,0.2560765878840866,0.002190512506808518,0.003508606809506896,31.071755442102024,31.07754453847585,33.62126004486005,33.64480702481881,500,0.00018631378534797338,0.0007003598296833884
fig1,gbm_merton_vanilla_call,0.25,0.7,16384,t-Test CRN,0.1,0.24911845757605866,0.33182295333556433,0.002190512506808518,0.003508606809506896,31.071755442102024,31.07754453847585,33.62126004486005,33.64480702481881,500,0.00018631378534797338,0.0007003598296833884
fig1,gbm_merton_vanilla_call,0.4,0.01,16384,GradOne,0.994,0.9827263210962736,0.9540652818722273,0.006590435553858983,0.006611176494651506,0.399351905553939,0.4021511594319275,0.39930238771562654,0.40194188036844936,500,0.007009491726615478,0.006610260128728805
fig1,gbm_merton_vanilla_call,0.4,0.01,16384,GradTwo,0.994,0.9824429521718396,0.9533676694342448,0.006590435553858983,0.006611176494651506,0.399351905553939,0.4021511594319275,0.39930238771562654,0.40194188036844936,500,0.007009491726615478,0.006610260128728805
fig1,gbm_merton_vanilla_call,0.4,0.01,16384,t-Test CRN,0.994,0.8358924141700299,0.7720092034863782,0.006590435553858983,0.006611176494651506,0.399351905553939,0.4021511594319275,0.39930238771562654,0.40194188036844936,500,0.007009491726615478,0.006610260128728805
fig1,gbm_merton_vanilla_call,0.4,0.08,16384,GradOne,0.454,0.4613292700497392,0.46904382193928057,0.0011321177460731067,0.00112889309299881,3.186792650033285,3.1905993780278807,3.187959273894223,3.1914395119872423,500,0.0011945326893345047,0.0010916821057026787
fig1,gbm_merton_vanilla_call,0.4,0.08,16384,GradTwo,0.454,0.4520748598117017,0.4683770577441744,0.0011321177460731067,0.00112889309299881,3.186792650033285,3.1905993780278807,3.187959273894223,3.1914395119872423,500,0.0011945326893345047,0.0010916821057026787
fig1,gbm_merton_vanilla_call,0.4,0.08,16384,t-Test CRN,0.452,0.34318723181403615,0.40265157421415493,0.0011321177460731067,0.00112889309299881,3.186792650033285,3.1905993780278807,3.187959273894223,3.1914395119872423,500,0.0011945326893345047,0.0010916821057026787
fig1,gbm_merton_vanilla_call,0.4,0.7,16384,GradOne,0.102,0.18297519512600757,0.24458048104927238,0.0010048159848912962,0.0012157532322894884,24.60044610257674,24.605655827194266,24.73869816021886,24.737368212668073,500,0.0002117735831213278,5.375980345340244e-05
fig1,gbm_merton_vanilla_call,0.4,0.7,16384,GradTwo,0.1,0.18118509888669132,0.24445125648769986,0.0010048159848912962,0.0012157532322894884,24.60044610257674,24.605655827194266,24.73869816021886,24.737368212668073,500,0.0002117735831213278,5.375980345340244e-05
fig1,gbm_merton_vanilla_call,0.4,0.7,16384,t-Test CRN,0.1,0.4238183167698273,0.4669404640115931,0.0010048159848912962,0.0012157532322894884,24.60044610257674,24.605655827194266,24.73869816021886,24.737368212668073,500,0.0002117735831213278,5.375980345340244e-05
fig1,gbm_merton_vanilla_call,0.5,0.01,16384,GradOne,1.0,0.9962948672683334,0.9845080449728401,0.009536664941863145,0.009605929280745848,0.31922661193622803,0.3222616630574794,0.3192970262021493,0.32236381888564375,500,0.0095075128694398,0.009604826953674348
fig1,gbm_merton_vanilla_call,0.5,0.01,16384,GradTwo,1.0,0.9962651899369751,0.9843298951152346,0.009536664941863145,0.009605929280745848,0.31922661193622803,0.3222616630574794,0.3192970262021493,0.32236381888564375,500,0.0095075128694398,0.009604826953674348
fig1,gbm_merton_vanilla_call,0.5,0.01,16384,t-Test CRN,1.0,0.9596029860763876,0.918779706855533,0.009536664941863145,0.009605929280745848,0.31922661193622803,0.3222616630574794,0.3192970262021493,0.32236381888564375,500,0.0095075128694398,0.009604826953674348
fig1,gbm_merton_vanilla_call,0.5,0.08,16384,GradOne,0.598,0.5970754212548622,0.5812013562876174,0.0017110457389970146,0.001731811512674996,2.5480421141780845,2.5524502071773765,2.5495807981838112,2.5539410146745607,500,0.0017299922064725841,0.0017101699596480569
fig1,gbm_merton_vanilla_call,0.5,0.08,16384,GradTwo,0.602,0.6014841747770359,0.5808765519423769,0.0017110457389970146,0.001731811512674996,2.5480421141780845,2.5524502071773765,2.5495807981838112,2.5539410146745607,500,0.0017299922064725841,0.0017101699596480569
fig1,gbm_merton_vanilla_call,0.5,0.08,16384,t-Test CRN,0.6,0.17735057085065087,0.25794405038541235,0.0017110457389970146,0.001731811512674996,2.5480421141780845,2.5524502071773765,2.5495807981838112,2.5539410146745607,500,0.0017299922064725841,0.0017101699596480569
fig1,gbm_merton_vanilla_call,0.5,0.7,16384,GradOne,0.098,0.178643147990305,0.24964207444150727,0.0007606409579665129,0.0008987748062305064,20.642847403844222,20.652030725692217,20.670019425579717,20.67449299326152,500,0.00044486701220711254,0.00021642784119818895
fig1,gbm_merton_vanilla_call,0.5,0.7,16384,GradTwo,0.096,0.18031742967573483,0.2496986322403755,0.0007606409579665129,0.0008987748062305064,20.642847403844222,20.652030725692217,20.670019425579717,20.67449299326152,500,0.00044486701220711254,0.00021642784119818895
fig1,gbm_merton_vanilla_call,0.5,0.7,16384,t-Test CRN,0.096,0.5171817064484786,0.5201369109347137,0.0007606409579665129,0.0008987748062305064,20.642847403844222,20.652030725692217,20.670019425579717,20.67449299326152,500,0.00044486701220711254,0.00021642784119818895
fig1,gbm_merton_vanilla_call,0.63,0.01,16384,GradOne,1.0,0.9991015707046932,0.9962607410738743,0.013152644462245674,0.013405620669040746,0.25323961665769407,0.25657622385698864,0.25327126767438995,0.25666629430261734,500,0.013175692031648784,0.013404705000300662
fig1,gbm_merton_vanilla_call,0.63,0.01,16384,GradTwo,1.0,0.9990765183190745,0.9962609826175884,0.013152644462245674,0.013405620669040746,0.25323961665769407,0.25657622385698864,0.25327126767438995,0.25666629430261734,500,0.013175692031648784,0.013404705000300662
fig1,gbm_merton_vanilla_call,0.63,0.01,16384,t-Test CRN,1.0,0.9916548006264498,0.9789373720223805,0.013152644462245674,0.013405620669040746,0.25323961665769407,0.25657622385698864,0.25327126767438995,0.25666629430261734,500,0.013175692031648784,0.013404705000300662
fig1,gbm_merton_vanilla_call,0.63,0.08,16384,GradOne,0.812,0.8101427953142065,0.7382644599239357,0.0027773248867901655,0.0027635636952856716,2.025448755077801,2.030605998672619,2.025642949106152,2.031238511810089,500,0.0025462226984950946,0.0027623637751195856
fig1,gbm_merton_vanilla_call,0.63,0.08,16384,GradTwo,0.816,0.8096135107997089,0.7375237932621647,0.0027773248867901655,0.0027635636952856716,2.025448755077801,2.030605998672619,2.025642949106152,2.031238511810089,500,0.0025462226984950946,0.0027623637751195856
fig1,gbm_merton_vanilla_call,0.63,0.08,16384,t-Test CRN,0.816,0.20672064421299105,0.2875568725351914,0.0027773248867901655,0.0027635636952856716,2.025448755077801,2.030605998672619,2.025642949106152,2.031238511810089,500,0.0025462226984950946,0.0027623637751195856
fig1,gbm_merton_vanilla_call,0.63,0.7,16384,GradOne,0.106,0.1878040128789179,0.24956998062298225,0.0006710298367869178,0.00075966960895281,16.879554788435524,16.887506633601006,16.88393012053624,16.888102841325185,500,0.00047109329986183633,0.0002471415576322688
fig1,gbm_merton_vanilla_call,0.63,0.7,16384,GradTwo,0.106,0.1868792508088521,0.24933068882822426,0.0006710298367869178,0.00075966960895281,16.879554788435524,16.887506633601006,16.88393012053624,16.888102841325185,500,0.00047109329986183633,0.0002471415576322688
fig1,gbm_merton_vanilla_call,0.63,0.7,16384,t-Test CRN,0.106,0.591840955353191,0.5735424822666748,0.0006710298367869178,0.00075966960895281,16.879554788435524,16.887506633601006,16.88393012053624,16.888102841325185,500,0.00047109329986183633,0.0002471415576322688
fig1,gbm_merton_vanilla_call,0.79,0.01,16384,GradOne,1.0,0.9997577883436394,0.9985706976430447,0.017722302828492326,0.01775745087005605,0.2018170943194964,0.2054412435908369,0.20184833257656984,0.20543286841853928,500,0.017957593154141405,0.017758560579685088
fig1,gbm_merton_vanilla_call,0.79,0.01,16384,GradTwo,1.0,0.9997595521141354,0.9985458402582211,0.017722302828492326,0.01775745087005605,0.2018170943194964,0.2054412435908369,0.20184833257656984,0.20543286841853928,500,0.017957593154141405,0.017758560579685088
fig1,gbm_merton_vanilla_call,0.79,0.01,16384,t-Test CRN,1.0,0.998215680588437,0.9924959715914091,0.017722302828492326,0.01775745087005605,0.2018170943194964,0.2054412435908369,0.20184833257656984,0.20543286841853928,500,0.017957593154141405,0.017758560579685088
fig1,gbm_merton_vanilla_call,0.79,0.08,16384,GradOne,0.946,0.944047043775578,0.8691140852566647,0.0043213097851252154,0.004310625591566749,1.6165533551046962,1.6226459782301188,1.6160561408924428,1.623020072555747,500,0.003768897021668667,0.004309213948135866
fig1,gbm_merton_vanilla_call,0.79,0.08,16384,GradTwo,0.952,0.9425035413385344,0.8695234549365409,0.0043213097851252154,0.004310625591566749,1.6165533551046962,1.6226459782301188,1.6160561408924428,1.623020072555747,500,0.003768897021668667,0.004309213948135866
fig1,gbm_merton_vanilla_call,0.79,0.08,16384,t-Test CRN,0.952,0.5316714304044365,0.5294729982775698,0.0043213097851252154,0.004310625591566749,1.6165533551046962,1.6226459782301188,1.6160561408924428,1.623020072555747,500,0.003768897021668667,0.004309213948135866
fig1,gbm_merton_vanilla_call,0.79,0.7,16384,GradOne,0.134,0.18613387602786519,0.2648732257105537,0.0006514975230947949,0.0007785711557146876,13.666401615839856,13.675681643180738,13.688205803872956,13.694176064522802,500,0.0006790395600643017,0.0004361609355812688
fig1,gbm_merton_vanilla_call,0.79,0.7,16384,GradTwo,0.134,0.18564802486474496,0.26393987446951744,0.0006514975230947949,0.0007785711557146876,13.666401615839856,13.675681643180738,13.688205803872956,13.694176064522802,500,0.0006790395600643017,0.0004361609355812688
fig1,gbm_merton_vanilla_call,0.79,0.7,16384,t-Test CRN,0.134,0.5339414486400136,0.5342810659693852,0.0006514975230947949,0.0007785711557146876,13.666401615839856,13.675681643180738,13.688205803872956,13.694176064522802,500,0.0006790395600643017,0.0004361609355812688
fig1,gbm_merton_vanilla_call,1.0,0.01,16384,GradOne,1.0,0.9999602242108301,0.9996260814572904,0.02481774438159364,0.024858850489490263,0.15960975459507065,0.16359837339276823,0.1596171139934994,0.1635847615950344,500,0.024989818497100538,0.024857281918382476
fig1,gbm_merton_vanilla_call,1.0,0.01,16384,GradTwo,1.0,0.9999597645591505,0.9996185129948698,0.02481774438159364,0.024858850489490263,0.15960975459507065,0.16359837339276823,0.1596171139934994,0.1635847615950344,500,0.024989818497100538,0.024857281918382476
fig1,gbm_merton_vanilla_call,1.0,0.01,16384,t-Test CRN,1.0,0.9997581860762179,0.9984002922004699,0.02481774438159364,0.024858850489490263,0.15960975459507065,0.16359837339276823,0.1596171139934994,0.1635847615950344,500,0.024989818497100538,0.024857281918382476
fig1,gbm_merton_vanilla_call,1.0,0.08,16384,GradOne,0.99,0.9904344390875224,0.9597953267486945,0.006647330382098391,0.006684415874601976,1.2757645393944097,1.2843008238531985,1.2760420333910443,1.2845702758388222,500,0.00669111281525423,0.0066833554260860755
fig1,gbm_merton_vanilla_call,1.0,0.08,16384,GradTwo,0.99,0.9909403815052085,0.9596823752920375,0.006647330382098391,0.006684415874601976,1.2757645393944097,1.2843008238531985,1.2760420333910443,1.2845702758388222,500,0.00669111281525423,0.0066833554260860755
fig1,gbm_merton_vanilla_call,1.0,0.08,16384,t-Test CRN,0.99,0.8748957753235049,0.8057996123266067,0.006647330382098391,0.006684415874601976,1.2757645393944097,1.2843008238531985,1.2760420333910443,1.2845702758388222,500,0.00669111281525423,0.0066833554260860755
fig1,gbm_merton_vanilla_call,1.0,0.7,16384,GradOne,0.206,0.22146083146727452,0.3112771690224877,0.0007848332517383966,0.0009556488313016091,10.943456689380621,10.954895121164425,10.947613385461114,10.955787202801748,500,0.0010452302328662875,0.0007466300692979142
fig1,gbm_merton_vanilla_call,1.0,0.7,16384,GradTwo,0.202,0.21420246157223066,0.3100076228389981,0.0007848332517383966,0.0009556488313016091,10.943456689380621,10.954895121164425,10.947613385461114,10.955787202801748,500,0.0010452302328662875,0.0007466300692979142
fig1,gbm_merton_vanilla_call,1.0,0.7,16384,t-Test CRN,0.202,0.3943932828495875,0.4311283989630781,0.0007848332517383966,0.0009556488313016091,10.943456689380621,10.954895121164425,10.947613385461114,10.955787202801748,500,0.0010452302328662875,0.0007466300692979142
fig1,gbm_merton_vanilla_call,1.59,0.01,16384,GradOne,1.0,0.9999966175281643,0.99996568858299,0.04420921743232485,0.04417576929945848,0.10036219451222692,0.10481110652288111,0.10040211446107064,0.10483722002792042,500,0.04432856447865135,0.044173427926853345
fig1,gbm_merton_vanilla_call,1.59,0.01,16384,GradTwo,1.0,0.9999965495699202,0.9999653659423615,0.04420921743232485,0.04417576929945848,0.10036219451222692,0.10481110652288111,0.10040211446107064,0.10483722002792042,500,0.04432856447865135,0.044173427926853345
fig1,gbm_merton_vanilla_call,1.59,0.01,16384,t-Test CRN,1.0,0.9999873872660827,0.9998947577913514,0.04420921743232485,0.04417576929945848,0.10036219451222692,0.10481110652288111,0.10040211446107064,0.10483722002792042,500,0.04432856447865135,0.044173427926853345
fig1,gbm_merton_vanilla_call,1.59,0.08,16384,GradOne,1.0,0.9999976105315784,0.9997080486376938,0.015975623711474058,0.015929464423482517,0.802147678168911,0.8153677198101186,0.8025309382829628,0.8153121153577698,500,0.01648080771284588,0.015926086416247893
fig1,gbm_merton_vanilla_call,1.59,0.08,16384,GradTwo,1.0,0.9999976426096665,0.9997160670897958,0.015975623711474058,0.015929464423482517,0.802147678168911,0.8153677198101186,0.8025309382829628,0.8153121153577698,500,0.01648080771284588,0.015926086416247893
fig1,gbm_merton_vanilla_call,1.59,0.08,16384,t-Test CRN,1.0,0.9999283260358464,0.9976374809027485,0.015975623711474058,0.015929464423482517,0.802147678168911,0.8153677198101186,0.8025309382829628,0.8153121153577698,500,0.01648080771284588,0.015926086416247893
fig1,gbm_merton_vanilla_call,1.59,0.7,16384,GradOne,0.536,0.534035036067313,0.5206314116162072,0.002063555242715255,0.00204968909797387,6.971941999616165,6.986257849753288,6.969210065045177,6.983204010517434,500,0.002053351869236917,0.002007967236121238
fig1,gbm_merton_vanilla_call,1.59,0.7,16384,GradTwo,0.54,0.5338047877288652,0.5189954877737034,0.002063555242715255,0.00204968909797387,6.971941999616165,6.986257849753288,6.969210065045177,6.983204010517434,500,0.002053351869236917,0.002007967236121238
fig1,gbm_merton_vanilla_call,1.59,0.7,16384,t-Test CRN,0.542,0.15641990957455393,0.23213270691792237,0.002063555242715255,0.00204968909797387,6.971941999616165,6.986257849753288,6.969210065045177,6.983204010517434,500,0.002053351869236917,0.002007967236121238
fig1,gbm_merton_vanilla_call,2.0,0.01,16384,GradOne,1.0,0.9999985136795844,0.999989587279786,0.05751896750372997,0.05752333341251313,0.07976519806305048,0.08436782457776203,0.07974218269242728,0.08432883254148513,500,0.05770218875496804,0.0575184888874809
fig1,gbm_merton_vanilla_call,2.0,0.01,16384,GradTwo,1.0,0.9999983899591163,0.9999893485096776,0.05751896750372997,0.05752333341251313,0.07976519806305048,0.08436782457776203,0.07974218269242728,0.08432883254148513,500,0.05770218875496804,0.0575184888874809
fig1,gbm_merton_vanilla_call,2.0,0.01,16384,t-Test CRN,1.0,0.9999956518888813,0.9999723585384389,0.05751896750372997,0.05752333341251313,0.07976519806305048,0.08436782457776203,0.07974218269242728,0.08432883254148513,500,0.05770218875496804,0.0575184888874809
fig1,gbm_merton_vanilla_call,2.0,0.08,16384,GradOne,1.0,0.9999999988143576,0.9999930570580087,0.024016002042490856,0.023894230710042937,0.6387643250878645,0.6538799437098117,0.6385719766295727,0.6538289099010165,500,0.0236638428732976,0.023892268733700147
fig1,gbm_merton_vanilla_call,2.0,0.08,16384,GradTwo,1.0,0.9999999985830786,0.9999932666729755,0.024016002042490856,0.023894230710042937,0.6387643250878645,0.6538799437098117,0.6385719766295727,0.6538289099010165,499,0.0236638428732976,0.023892268733700147
fig1,gbm_merton_vanilla_call,2.0,0.08,16384,t-Test CRN,1.0,0.9999999480690487,0.9999440680455121,0.024016002042490856,0.023894230710042937,0.6387643250878645,0.6538799437098117,0.6385719766295727,0.6538289099010165,500,0.0236638428732976,0.023892268733700147
fig1,gbm_merton_vanilla_call,2.0,0.7,16384,GradOne,0.734,0.7383043534435618,0.6782570043832409,0.003213540848218818,0.003203181275198182,5.557791813201415,5.575242089019118,5.5563121404086635,5.574009944714689,500,0.00313978580058603,0.003185171001700374
fig1,gbm_merton_vanilla_call,2.0,0.7,16384,GradTwo,0.726,0.7457027324212844,0.6782790317625211,0.003213540848218818,0.003203181275198182,5.557791813201415,5.575242089019118,5.5563121404086635,5.574009944714689,500,0.00313978580058603,0.003185171001700374
fig1,gbm_merton_vanilla_call,2.0,0.7,16384,t-Test CRN,0.728,0.24426450800039534,0.3228976718038942,0.003213540848218818,0.003203181275198182,5.557791813201415,5.575242089019118,5.5563121404086635,5.574009944714689,500,0.00313978580058603,0.003185171001700374
fig1,vasicek_mrjd_asian_call_4,0.2,0.01,256,GradOne,0.7,0.9657700553491133,0.6318303997999086,0.0023407920408091533,0.0022836729452861354,1.082865655454382,1.0834347213269166,1.0846134084678125,1.0858818647821868,219,0.0005255184423554311,0.001169500860372202
fig1,vasicek_mrjd_asian_call_4,0.2,0.01,256,GradTwo,0.7,0.9657700553491133,0.6316892339026324,0.0023407920408091533,0.0022836729452861354,1.082865655454382,1.0834347213269166,1.0846134084678125,1.0858818647821868,219,0.0005255184423554311,0.001169500860372202
fig1,vasicek_mrjd_asian_call_4,0.2,0.01,256,t-Test CRN,0.7,0.5353370237253823,0.5372807370826009,0.0023407920408091533,0.0022836729452861354,1.082865655454382,1.0834347213269166,1.0846134084678125,1.0858818647821868,300,0.0005255184423554311,0.001169500860372202
fig1,vasicek_mrjd_asian_call_4,0.2,0.08,256,GradOne,0.41333333333333333,0.30569877536092743,0.4843458875653713,0.009238008340358955,0.009538912177884707,1.0828109349856991,1.0897592972889032,1.0831875975851433,1.090620231864488,298,0.006416967245806237,0.006861816268867009
fig1,vasicek_mrjd_asian_call_4,0.2,0.08,256,GradTwo,0.41,0.30973553023530337,0.4840601690312618,0.009238008340358955,0.009538912177884707,1.0828109349856991,1.0897592972889032,1.0831875975851433,1.090620231864488,298,0.006416967245806237,0.006861816268867009
fig1,vasicek_mrjd_asian_call_4,0.2,0.08,256,t-Test CRN,0.41,0.25273803908116366,0.4394995234167529,0.009238008340358955,0.009538912177884707,1.0828109349856991,1.0897592972889032,1.0831875975851433,1.090620231864488,297,0.006416967245806237,0.006861816268867009
fig1,vasicek_mrjd_asian_call_4,0.2,0.7,256,GradOne,0.5866666666666667,0.6611776922599969,0.6057083215632811,0.053066518407572774,0.05320089887932604,1.0949774505898404,1.1462103530833316,1.089427475808138,1.1457781668568872,300,0.04678900233597794,0.05172505035908725
fig1,vasicek_mrjd_asian_call_4,0.2,0.7,256,GradTwo,0.6066666666666667,0.6328132110856213,0.6037664848769374,0.053066518407572774,0.05320089887932604,1.0949774505898404,1.1462103530833316,1.089427475808138,1.1457781668568872,300,0.04678900233597794,0.05172505035908725
fig1,vasicek_mrjd_asian_call_4,0.2,0.7,256,t-Test CRN,0.6133333333333333,0.6008929713197579,0.5881692351992253,0.053066518407572774,0.05320089887932604,1.0949774505898404,1.1462103530833316,1.089427475808138,1.1457781668568872,300,0.04678900233597794,0.05172505035908725
fig1,vasicek_mrjd_asian_call_4,0.25,0.01,256,GradOne,0.65,0.766628934181998,0.6089625328213503,0.002535225394465693,0.002673635621292638,1.084032950084346,1.0854647399107191,1.0828015739466093,1.0840743010657872,237,0.0013207991752111864,0.0011754019848152478
fig1,vasicek_mrjd_asian_call_4,0.25,0.01,256,GradTwo,0.65,0.7654494479381475,0.6074330143677984,0.002535225394465693,0.002673635621292638,1.084032950084346,1.0854647399107191,1.0828015739466093,1.0840743010657872,236,0.0013207991752111864,0.0011754019848152478
fig1,vasicek_mrjd_asian_call_4,0.25,0.01,256,t-Test CRN,0.65,0.4176286625362762,0.5025658419455813,0.002535225394465693,0.002673635621292638,1.084032950084346,1.0854647399107191,1.0828015739466093,1.0840743010657872,300,0.0013207991752111864,0.0011754019848152478
fig1,vasicek_mrjd_asian_call_4,0.25,0.08,256,GradOne,0.3466666666666667,0.2688598319489902,0.43173465624086554,0.009311834263171748,0.009930821578751053,1.0792805630946276,1.0863528377833527,1.0822976972274312,1.0901239390087152,299,0.0065527675847758165,0.007231135944696931
fig1,vasicek_mrjd_asian_call_4,0.25,0.08,256,GradTwo,0.3433333333333333,0.26191040583221303,0.42967414933655207,0.009311834263171748,0.009930821578751053,1.0792805630946276,1.0863528377833527,1.0822976972274312,1.0901239390087152,299,0.0065527675847758165,0.007231135944696931
fig1,vasicek_mrjd_asian_call_4,0.25,0.08,256,t-Test CRN,0.3433333333333333,0.2149859110162786,0.39558523205946045,0.009311834263171748,0.009930821578751053,1.0792805630946276,1.0863528377833527,1.0822976972274312,1.0901239390087152,300,0.0065527675847758165,0.007231135944696931
fig1,vasicek_mrjd_asian_call_4,0.25,0.7,256,GradOne,0.68,0.7223354352161653,0.6585393093793316,0.06487369013070979,0.06632674969417793,1.0841794596314336,1.152874949437411,1.0832207289792906,1.1534698648864277,300,0.06336173333271829,0.06485209710982198
fig1,vasicek_mrjd_asian_call_4,0.25,0.7,256,GradTwo,0.6833333333333333,0.7073863301430551,0.6528298481904025,0.06487369013070979,0.06632674969417793,1.0841794596314336,1.152874949437411,1.0832207289792906,1.1534698648864277,300,0.06336173333271829,0.06485209710982198
fig1,vasicek_mrjd_asian_call_4,0.25,0.7,256,t-Test CRN,0.69,0.6780494950814047,0.6389493551410474,0.06487369013070979,0.06632674969417793,1.0841794596314336,1.152874949437411,1.0832207289792906,1.1534698648864277,300,0.06336173333271829,0.06485209710982198
fig1,vasicek_mrjd_asian_call_4,0.29,0.01,256,GradOne,0.6366666666666667,0.6749918507711923,0.5980908984120312,0.002529918805453401,0.003217779779378059,1.0810945086495651,1.0806915846950502,1.0837336266859767,1.0849947837581349,261,0.000372700028805269,0.00116371499518263
fig1,vasicek_mrjd_asian_call_4,0.29,0.01,256,GradTwo,0.6366666666666667,0.6736371555525242,0.5948689990789535,0.002529918805453401,0.003217779779378059,1.0810945086495651,1.0806915846950502,1.0837336266859767,1.0849947837581349,259,0.000372700028805269,0.00116371499518263
fig1,vasicek_mrjd_asian_call_4,0.29,0.01,256,t-Test CRN,0.6366666666666667,0.34922411188833213,0.42908876985320643,0.002529918805453401,0.003217779779378059,1.0810945086495651,1.0806915846950502,1.0837336266859767,1.0849947837581349,300,0.000372700028805269,0.00116371499518263
fig1,vasicek_mrjd_asian_call_4,0.29,0.08,256,GradOne,0.37666666666666665,0.2961508659743415,0.4428871483693498,0.011189578639744485,0.011231315397948643,1.0838620558978327,1.0915029854881249,1.084885531200557,1.093687511458743,300,0.007049725146031331,0.008113280161866994
fig1,vasicek_mrjd_asian_call_4,0.29,0.08,256,GradTwo,0.36,0.2889369506261145,0.438027907558656,0.011189578639744485,0.011231315397948643,1.0838620558978327,1.0915029854881249,1.084885531200557,1.093687511458743,300,0.007049725146031331,0.008113280161866994
fig1,vasicek_mrjd_asian_call_4,0.29,0.08,256,t-Test CRN,0.36,0.24077075494642125,0.4016667479020765,0.011189578639744485,0.011231315397948643,1.0838620558978327,1.0915029854881249,1.084885531200557,1.093687511458743,300,0.007049725146031331,0.008113280161866994
fig1,vasicek_mrjd_asian_call_4,0.29,0.7,256,GradOne,0.75,0.7761435148397192,0.7100386372292264,0.07558254229432237,0.0774768631221097,1.0809463166301807,1.160222568089928,1.0826919165179851,1.1658593249094156,300,0.07333967491270874,0.0768153960721373
fig1,vasicek_mrjd_asian_call_4,0.29,0.7,256,GradTwo,0.7633333333333333,0.7742453071884832,0.7044072637809905,0.07558254229432237,0.0774768631221097,1.0809463166301807,1.160222568089928,1.0826919165179851,1.1658593249094156,300,0.07333967491270874,0.0768153960721373
fig1,vasicek_mrjd_asian_call_4,0.29,0.7,256,t-Test CRN,0.77,0.7508287206245701,0.6907483203283283,0.07558254229432237,0.0774768631221097,1.0809463166301807,1.160222568089928,1.0826919165179851,1.1658593249094156,300,0.07333967491270874,0.0768153960721373
fig1,vasicek_mrjd_asian_call_4,0.33,0.01,256,GradOne,0.5233333333333333,0.46169529697894796,0.531748520332881,0.00263031875747278,0.0035593837209264355,1.0795317270541809,1.081769363600932,1.0867200828505788,1.0878704761799183,271,0.0020727844218688964,0.001058592131951705
fig1,vasicek_mrjd_asian_call_4,0.33,0.01,256,GradTwo,0.5233333333333333,0.4636673061103519,0.5334262620310583,0.00263031875747278,0.0035593837209264355,1.0795317270541809,1.081769363600932,1.0867200828505788,1.0878704761799183,272,0.0020727844218688964,0.001058592131951705
fig1,vasicek_mrjd_asian_call_4,0.33,0.01,256,t-Test CRN,0.5233333333333333,0.30190879373498375,0.39294771611968315,0.00263031875747278,0.0035593837209264355,1.0795317270541809,1.081769363600932,1.0867200828505788,1.0878704761799183,300,0.0020727844218688964,0.001058592131951705
fig1,vasicek_mrjd_asian_call_4,0.33,0.08,256,GradOne,0.43,0.3728190103922263,0.48097452030819565,0.012687885638642213,0.013270945024903374,1.0963593274130625,1.106251177946529,1.0930725016821032,1.1053660846806552,300,0.009022453028066027,0.011246813893528275
fig1,vasicek_mrjd_asian_call_4,0.33,0.08,256,GradTwo,0.4266666666666667,0.38285855246095535,0.47905423339955444,0.012687885638642213,0.013270945024903374,1.0963593274130625,1.106251177946529,1.0930725016821032,1.1053660846806552,300,0.009022453028066027,0.011246813893528275
fig1,vasicek_mrjd_asian_call_4,0.33,0.08,256,t-Test CRN,0.4266666666666667,0.3074981330607517,0.4387293666928407,0.012687885638642213,0.013270945024903374,1.0963593274130625,1.106251177946529,1.0930725016821032,1.1053660846806552,300,0.009022453028066027,0.011246813893528275
fig1,vasicek_mrjd_asian_call_4,0.33,0.7,256,GradOne,0.82,0.8586078454072945,0.7625789347369881,0.09638289958149816,0.0953447263149843,1.0799577640363807,1.1760361768844867,1.0777115367957422,1.1796177899097964,300,0.08896497256430616,0.09455800521264014
fig1,vasicek_mrjd_asian_call_4,0.33,0.7,256,GradTwo,0.8133333333333334,0.8643354277836205,0.7567936236643525,0.09638289958149816,0.0953447263149843,1.0799577640363807,1.1760361768844867,1.0777115367957422,1.1796177899097964,300,0.08896497256430616,0.09455800521264014
fig1,vasicek_mrjd_asian_call_4,0.33,0.7,256,t-Test CRN,0.8033333333333333,0.8476079458487049,0.7453269404964225,0.09638289958149816,0.0953447263149843,1.0799577640363807,1.1760361768844867,1.0777115367957422,1.1796177899097964,300,0.08896497256430616,0.09455800521264014
fig1,vasicek_mrjd_asian_call_4,0.4,0.01,256,GradOne,0.5366666666666666,0.46297492089446524,0.5211111690979628,0.003005246488121696,0.004293971335117394,1.0877194482260046,1.0901125240820928,1.0810523870450808,1.0838257936243019,262,0.002200085564334727,0.002565469178419603
fig1,vasicek_mrjd_asian_call_4,0.4,0.01,256,GradTwo,0.5366666666666666,0.46320951130647503,0.5208640137715221,0.003005246488121696,0.004293971335117394,1.0877194482260046,1.0901125240820928,1.0810523870450808,1.0838257936243019,262,0.002200085564334727,0.002565469178419603
fig1,vasicek_mrjd_asian_call_4,0.4,0.01,256,t-Test CRN,0.5366666666666666,0.31117607499755934,0.39179062305924317,0.003005246488121696,0.004293971335117394,1.0877194482260046,1.0901125240820928,1.0810523870450808,1.0838257936243019,300,0.002200085564334727,0.002565469178419603
fig1,vasicek_mrjd_asian_call_4,0.4,0.08,256,GradOne,0.39666666666666667,0.32799725342302793,0.44748876193667986,0.015570115809727048,0.016432142626255575,1.0730373213804631,1.083409691541495,1.0801371757057672,1.094243112822302,299,0.009666364770693915,0.01305939415270839
fig1,vasicek_mrjd_asian_call_4,0.4,0.08,256,GradTwo,0.38333333333333336,0.329434548725242,0.4445871094243474,0.015570115809727048,0.016432142626255575,1.0730373213804631,1.083409691541495,1.0801371757057672,1.094243112822302,299,0.009666364770693915,0.01305939415270839
fig1,vasicek_mrjd_asian_call_4,0.4,0.08,256,t-Test CRN,0.38666666666666666,0.2898517728286991,0.41696824112508885,0.015570115809727048,0.016432142626255575,1.0730373213804631,1.083409691541495,1.0801371757057672,1.094243112822302,300,0.009666364770693915,0.01305939415270839
fig1,vasicek_mrjd_asian_call_4,0.4,0.7,256,GradOne,0.8533333333333334,0.9088195418689458,0.7970691938374163,0.1142745860702761,0.11644570996418006,1.0943788657655578,1.217249749241834,1.0953675635781839,1.2210502355806645,300,0.11227453975943105,0.11474018053987207
fig1,vasicek_mrjd_asian_call_4,0.4,0.7,256,GradTwo,0.8433333333333334,0.8796383680391894,0.7874273916365174,0.1142745860702761,0.11644570996418006,1.0943788657655578,1.217249749241834,1.0953675635781839,1.2210502355806645,300,0.11227453975943105,0.11474018053987207
fig1,vasicek_mrjd_asian_call_4,0.4,0.7,256,t-Test CRN,0.8466666666666667,0.8773746553916233,0.7783983010034145,0.1142745860702761,0.11644570996418006,1.0943788657655578,1.217249749241834,1.0953675635781839,1.2210502355806645,300,0.11227453975943105,0.11474018053987207
fig1,vasicek_mrjd_asian_call_4,0.5,0.01,256,GradOne,0.43666666666666665,0.39227008171174893,0.4786727403285054,0.003059592496950648,0.0046642625442368515,1.0679131960541117,1.0714341338628277,1.0772240204297487,1.0800676859231155,271,0.0032970262206007774,0.002639808841463016
fig1,vasicek_mrjd_asian_call_4,0.5,0.01,256,GradTwo,0.43666666666666665,0.390810997964135,0.4783152458180107,0.003059592496950648,0.0046642625442368515,1.0679131960541117,1.0714341338628277,1.0772240204297487,1.0800676859231155,271,0.0032970262206007774,0.002639808841463016
fig1,vasicek_mrjd_asian_call_4,0.5,0.01,256,t-Test CRN,0.43666666666666665,0.27942367736028695,0.3681798629496849,0.003059592496950648,0.0046642625442368515,1.0679131960541117,1.0714341338628277,1.0772240204297487,1.0800676859231155,300,0.0032970262206007774,0.002639808841463016
fig1,vasicek_mrjd_asian_call_4,0.5,0.08,256,GradOne,0.38666666666666666,0.3730296356043963,0.4334628989082476,0.018229207026164963,0.020781789050414654,1.0802676507139044,1.1059416896064258,1.086130765385624,1.1066600053237903,300,0.02376636833987807,0.01890125995176784
fig1,vasicek_mrjd_asian_call_4,0.5,0.08,256,GradTwo,0.38333333333333336,0.3739560203232911,0.4300497282066338,0.018229207026164963,0.020781789050414654,1.0802676507139044,1.1059416896064258,1.086130765385624,1.1066600053237903,300,0.02376636833987807,0.01890125995176784
fig1,vasicek_mrjd_asian_call_4,0.5,0.08,256,t-Test CRN,0.38333333333333336,0.32690026620307333,0.3991773132330571,0.018229207026164963,0.020781789050414654,1.0802676507139044,1.1059416896064258,1.086130765385624,1.1066600053237903,300,0.02376636833987807,0.01890125995176784
fig1,vasicek_mrjd_asian_call_4,0.5,0.7,256,GradOne,0.94,0.9383086588724201,0.8633134895125952,0.1608272239951121,0.16521577556091308,1.0799382902672292,1.2548157241406614,1.0841536488365553,1.2617974443116695,300,0.16193280250314956,0.16385481492014553
fig1,vasicek_mrjd_asian_call_4,0.5,0.7,256,GradTwo,0.9433333333333334,0.9267451503945983,0.8528488079169508,0.1608272239951121,0.16521577556091308,1.0799382902672292,1.2548157241406614,1.0841536488365553,1.2617974443116695,300,0.16193280250314956,0.16385481492014553
fig1,vasicek_mrjd_asian_call_4,0.5,0.7,256,t-Test CRN,0.9433333333333334,0.924684083992676,0.8501233235657263,0.1608272239951121,0.16521577556091308,1.0799382902672292,1.2548157241406614,1.0841536488365553,1.2617974443116695,300,0.16193280250314956,0.16385481492014553
fig1,vasicek_mrjd_asian_call_4,0.67,0.01,256,GradOne,0.4033333333333333,0.3493116916166883,0.44825190413439336,0.0032843764869515276,0.005511108419909352,1.0863084408539077,1.090090714155133,1.0885949101051213,1.092180301524969,274,0.0034817673866662335,0.0032935956126245044
fig1,vasicek_mrjd_asian_call_4,0.67,0.01,256,GradTwo,0.4033333333333333,0.3436563772696548,0.44388435067733545,0.0032843764869515276,0.005511108419909352,1.0863084408539077,1.090090714155133,1.0885949101051213,1.092180301524969,272,0.0034817673866662335,0.0032935956126245044
fig1,vasicek_mrjd_asian_call_4,0.67,0.01,256,t-Test CRN,0.4033333333333333,0.27994763253429944,0.3697623378306473,0.0032843764869515276,0.005511108419909352,1.0863084408539077,1.090090714155133,1.0885949101051213,1.092180301524969,300,0.0034817673866662335,0.0032935956126245044
fig1,vasicek_mrjd_asian_call_4,0.67,0.08,256,GradOne,0.3933333333333333,0.4090729795343566,0.45301561030793747,0.030805002510459756,0.03423055649455198,1.0775833989535641,1.1173732385659874,1.0831654076018127,1.1169595299190302,300,0.036925067378601906,0.03119941061637077
fig1,vasicek_mrjd_asian_call_4,0.67,0.08,256,GradTwo,0.39,0.41097407045694956,0.45135429705520436,0.030805002510459756,0.03423055649455198,1.0775833989535641,1.1173732385659874,1.0831654076018127,1.1169595299190302,300,0.036925067378601906,0.03119941061637077
fig1,vasicek_mrjd_asian_call_4,0.67,0.08,256,t-Test CRN,0.39,0.37139301103168637,0.4276945126900357,0.030805002510459756,0.03423055649455198,1.0775833989535641,1.1173732385659874,1.0831654076018127,1.1169595299190302,300,0.036925067378601906,0.03119941061637077
fig1,vasicek_mrjd_asian_call_4,0.67,0.7,256,GradOne,0.9866666666666667,0.9835206184205117,0.9341039339030514,0.2602216801103713,0.2613386824961171,1.0797973998295138,1.3635285609994856,1.0825035602742292,1.3633628343152009,300,0.26276333061625196,0.2594534414000652
fig1,vasicek_mrjd_asian_call_4,0.67,0.7,256,GradTwo,0.9733333333333334,0.9784922647655092,0.9252918775781657,0.2602216801103713,0.2613386824961171,1.0797973998295138,1.3635285609994856,1.0825035602742292,1.3633628343152009,300,0.26276333061625196,0.2594534414000652
fig1,vasicek_mrjd_asian_call_4,0.67,0.7,256,t-Test CRN,0.9766666666666667,0.9771043759650624,0.9240482949275834,0.2602216801103713,0.2613386824961171,1.0797973998295138,1.3635285609994856,1.0825035602742292,1.3633628343152009,300,0.26276333061625196,0.2594534414000652
fig1,vasicek_mrjd_asian_call_4,1.0,0.01,256,GradOne,0.29333333333333333,0.32220996329989937,0.4050238008695849,0.006185970214361685,0.008928995825917788,1.080717559407875,1.0844349814692795,1.0823885321032656,1.088731600053938,286,0.003439772056115418,0.005860250513137594
fig1,vasicek_mrjd_asian_call_4,1.0,0.01,256,GradTwo,0.29333333333333333,0.3221954619975299,0.4046282589276641,0.006185970214361685,0.008928995825917788,1.080717559407875,1.0844349814692795,1.0823885321032656,1.088731600053938,286,0.003439772056115418,0.005860250513137594
fig1,vasicek_mrjd_asian_call_4,1.0,0.01,256,t-Test CRN,0.29333333333333333,0.2769487662625638,0.3248788615423283,0.006185970214361685,0.008928995825917788,1.080717559407875,1.0844349814692795,1.0823885321032656,1.088731600053938,300,0.003439772056115418,0.005860250513137594
fig1,vasicek_mrjd_asian_call_4,1.0,0.08,256,GradOne,0.5066666666666667,0.5129777488528715,0.48733499752623183,0.054118754949236424,0.05941478838797622,1.0809565852375322,1.145822837362432,1.0864222599910047,1.1494812040422138,300,0.06000819367842219,0.0580427577503163
fig1,vasicek_mrjd_asian_call_4,1.0,0.08,256,GradTwo,0.5033333333333333,0.5103339746574131,0.4834258082403615,0.054118754949236424,0.05941478838797622,1.0809565852375322,1.145822837362432,1.0864222599910047,1.1494812040422138,300,0.06000819367842219,0.0580427577503163
fig1,vasicek_mrjd_asian_call_4,1.0,0.08,256,t-Test CRN,0.5033333333333333,0.4775703000454146,0.4661103082419664,0.054118754949236424,0.05941478838797622,1.0809565852375322,1.145822837362432,1.0864222599910047,1.1494812040422138,300,0.06000819367842219,0.0580427577503163
fig1,vasicek_mrjd_asian_call_4,1.0,0.7,256,GradOne,1.0,0.9965763818749682,0.9873487377971963,0.4751933674792074,0.474044314198684,1.0848055933328882,1.588018799693873,1.079870655358982,1.5877327875466922,300,0.4638740890106811,0.47029903967422954
fig1,vasicek_mrjd_asian_call_4,1.0,0.7,256,GradTwo,1.0,0.993023961622123,0.9813422588982489,0.4751933674792074,0.474044314198684,1.0848055933328882,1.588018799693873,1.079870655358982,1.5877327875466922,300,0.4638740890106811,0.47029903967422954
fig1,vasicek_mrjd_asian_call_4,1.0,0.7,256,t-Test CRN,1.0,0.9930264200110384,0.9818925176464132,0.4751933674792074,0.474044314198684,1.0848055933328882,1.588018799693873,1.079870655358982,1.5877327875466922,300,0.4638740890106811,0.47029903967422954
fig1,vasicek_mrjd_asian_put_12,0.2,0.01,256,GradOne,0.51,0.551626030894456,0.5862006157568707,0.0022684086799975396,0.0036164449876802747,1.0273623019138447,1.027059051851583,1.0264847692164347,1.0276385536697317,300,0.0002951734375466302,0.0011240151708998916
fig1,vasicek_mrjd_asian_put_12,0.2,0.01,256,GradTwo,0.51,0.5516260308944203,0.5865611011561742,0.0022684086799975396,0.0036164449876802747,1.0273623019138447,1.027059051851583,1.0264847692164347,1.0276385536697317,300,0.0002951734375466302,0.0011240151708998916
fig1,vasicek_mrjd_asian_put_12,0.2,0.01,256,t-Test CRN,0.51,0.9926438274006429,0.6533034224494964,0.0022684086799975396,0.0036164449876802747,1.0273623019138447,1.027059051851583,1.0264847692164347,1.0276385536697317,300,0.0002951734375466302,0.0011240151708998916
fig1,vasicek_mrjd_asian_put_12,0.2,0.08,256,GradOne,0.16333333333333333,0.2114247779162839,0.3063305691227012,0.009469538024531288,0.012455379786201799,1.0124867546587595,1.0205857049361433,1.0155664629987877,1.0213514513150472,300,0.007999067879276543,0.0056963168113857016
fig1,vasicek_mrjd_asian_put_12,0.2,0.08,256,GradTwo,0.16333333333333333,0.21153552172470513,0.30588381319290253,0.009469538024531288,0.012455379786201799,1.0124867546587595,1.0205857049361433,1.0155664629987877,1.0213514513150472,300,0.007999067879276543,0.0056963168113857016
fig1,vasicek_mrjd_asian_put_12,0.2,0.08,256,t-Test CRN,0.16333333333333333,0.2129089195252564,0.32266511073696064,0.009469538024531288,0.012455379786201799,1.0124867546587595,1.0205857049361433,1.0155664629987877,1.0213514513150472,300,0.007999067879276543,0.0056963168113857016
fig1,vasicek_mrjd_asian_put_12,0.2,0.7,256,GradOne,0.31,0.32047651740593097,0.37164901562178193,0.047396482026914155,0.05920458935219605,1.0144061178932922,1.0627661621605642,1.0168075000467445,1.0713799562527624,300,0.0476732576965384,0.053670391105011636
fig1,vasicek_mrjd_asian_put_12,0.2,0.7,256,GradTwo,0.2866666666666667,0.3214700012753517,0.36638116369768076,0.047396482026914155,0.05920458935219605,1.0144061178932922,1.0627661621605642,1.0168075000467445,1.0713799562527624,300,0.0476732576965384,0.053670391105011636
fig1,vasicek_mrjd_asian_put_12,0.2,0.7,256,t-Test CRN,0.2833333333333333,0.3048728273068381,0.3569989098349983,0.047396482026914155,0.05920458935219605,1.0144061178932922,1.0627661621605642,1.0168075000467445,1.0713799562527624,300,0.0476732576965384,0.053670391105011636
fig1,vasicek_mrjd_asian_put_12,0.25,0.01,256,GradOne,0.5566666666666666,0.8878673474427706,0.618235605433574,0.0025305456633682917,0.0038175510612906433,1.0091848767058904,1.0085172089068557,1.0083926194280446,1.0091899361616719,300,0.000661591165747612,0.0007906808501628032
fig1,vasicek_mrjd_asian_put_12,0.25,0.01,256,GradTwo,0.56,0.8878673474427701,0.6184716230343976,0.0025305456633682917,0.0038175510612906433,1.0091848767058904,1.0085172089068557,1.0083926194280446,1.0091899361616719,300,0.000661591165747612,0.0007906808501628032
fig1,vasicek_mrjd_asian_put_12,0.25,0.01,256,t-Test CRN,0.56,0.9997290277461012,0.6531201614668728,0.0025305456633682917,0.0038175510612906433,1.0091848767058904,1.0085172089068557,1.0083926194280446,1.0091899361616719,300,0.000661591165747612,0.0007906808501628032
fig1,vasicek_mrjd_asian_put_12,0.25,0.08,256,GradOne,0.12666666666666668,0.18929732003619337,0.2768100274152752,0.010628743907942825,0.014728188916956618,1.0089542354086993,1.0224244908513818,1.0056848713104152,1.0151250020616145,300,0.013350710042092253,0.009386768182063585
fig1,vasicek_mrjd_asian_put_12,0.25,0.08,256,GradTwo,0.13,0.19135695416971957,0.27738438259909465,0.010628743907942825,0.014728188916956618,1.0089542354086993,1.0224244908513818,1.0056848713104152,1.0151250020616145,300,0.013350710042092253,0.009386768182063585
fig1,vasicek_mrjd_asian_put_12,0.25,0.08,256,t-Test CRN,0.13,0.18533495294955427,0.28117445408956543,0.010628743907942825,0.014728188916956618,1.0089542354086993,1.0224244908513818,1.0056848713104152,1.0151250020616145,300,0.013350710042092253,0.009386768182063585
fig1,vasicek_mrjd_asian_put_12,0.25,0.7,256,GradOne,0.26,0.33060304329127954,0.3680842494212518,0.05979244517032406,0.0666102564944624,1.0124261268714092,1.0782241555560697,1.0147383448374847,1.079470120480848,300,0.0649904491184843,0.06379159314584716
fig1,vasicek_mrjd_asian_put_12,0.25,0.7,256,GradTwo,0.25,0.3108900951701874,0.3595354895171679,0.05979244517032406,0.0666102564944624,1.0124261268714092,1.0782241555560697,1.0147383448374847,1.079470120480848,300,0.0649904491184843,0.06379159314584716
fig1,vasicek_mrjd_asian_put_12,0.25,0.7,256,t-Test CRN,0.25333333333333335,0.2999210123278586,0.35019036309269924,0.05979244517032406,0.0666102564944624,1.0124261268714092,1.0782241555560697,1.0147383448374847,1.079470120480848,300,0.0649904491184843,0.06379159314584716
fig1,vasicek_mrjd_asian_put_12,0.29,0.01,256,GradOne,0.46,0.3333062805889836,0.5376156293207359,0.0025246587857452657,0.00439523315585684,1.0261957976578115,1.0264441389881878,1.019893629935468,1.021192179071596,300,0.00024200189763301088,0.0012732201653326437
fig1,vasicek_mrjd_asian_put_12,0.29,0.01,256,GradTwo,0.46,0.33545498519326666,0.5377404616836313,0.0025246587857452657,0.00439523315585684,1.0261957976578115,1.0264441389881878,1.019893629935468,1.021192179071596,300,0.00024200189763301088,0.0012732201653326437
fig1,vasicek_mrjd_asian_put_12,0.29,0.01,256,t-Test CRN,0.46,0.7220851633298156,0.6024329984211625,0.0025246587857452657,0.00439523315585684,1.0261957976578115,1.0264441389881878,1.019893629935468,1.021192179071596,300,0.00024200189763301088,0.0012732201653326437
fig1,vasicek_mrjd_asian_put_12,0.29,0.08,256,GradOne,0.10333333333333333,0.21362840687301238,0.27750653770117667,0.011387739191276062,0.015399710882570042,1.0054085034951417,1.0138256965976042,1.006665608541246,1.0156632706956974,300,0.008371913578611638,0.008938084382846732
fig1,vasicek_mrjd_asian_put_12,0.29,0.08,256,GradTwo,0.10333333333333333,0.21020204103867932,0.2760159315364291,0.011387739191276062,0.015399710882570042,1.0054085034951417,1.0138256965976042,1.006665608541246,1.0156632706956974,300,0.008371913578611638,0.008938084382846732
fig1,vasicek_mrjd_asian_put_12,0.29,0.08,256,t-Test CRN,0.10333333333333333,0.20692146883972673,0.28249392778881427,0.011387739191276062,0.015399710882570042,1.0054085034951417,1.0138256965976042,1.006665608541246,1.0156632706956974,300,0.008371913578611638,0.008938084382846732
fig1,vasicek_mrjd_asian_put_12,0.29,0.7,256,GradOne,0.31,0.36698804048164546,0.40927109202244805,0.07185245828230286,0.08400674666014461,1.0274344388609404,1.1040624885321957,1.024225026171257,1.1050666955087391,300,0.07458193610505066,0.07892959776591593
fig1,vasicek_mrjd_asian_put_12,0.29,0.7,256,GradTwo,0.31,0.36459922052475247,0.40718239886426894,0.07185245828230286,0.08400674666014461,1.0274344388609404,1.1040624885321957,1.024225026171257,1.1050666955087391,300,0.07458193610505066,0.07892959776591593
fig1,vasicek_mrjd_asian_put_12,0.29,0.7,256,t-Test CRN,0.31,0.34457779383286635,0.3981601248514329,0.07185245828230286,0.08400674666014461,1.0274344388609404,1.1040624885321957,1.024225026171257,1.1050666955087391,300,0.07458193610505066,0.07892959776591593
fig1,vasicek_mrjd_asian_put_12,0.33,0.01,256,GradOne,0.43333333333333335,0.31996494086717897,0.5167533128033216,0.0026108239528113975,0.0053494809085375735,1.015398058201546,1.018234992001224,1.0138757013498514,1.0161645484324051,300,0.002793912965229212,0.0022575223762699953
fig1,vasicek_mrjd_asian_put_12,0.33,0.01,256,GradTwo,0.43333333333333335,0.3242572920508908,0.5168899884914431,0.0026108239528113975,0.0053494809085375735,1.015398058201546,1.018234992001224,1.0138757013498514,1.0161645484324051,300,0.002793912965229212,0.0022575223762699953
fig1,vasicek_mrjd_asian_put_12,0.33,0.01,256,t-Test CRN,0.43333333333333335,0.6188067041853504,0.5837250710863795,0.0026108239528113975,0.0053494809085375735,1.015398058201546,1.018234992001224,1.0138757013498514,1.0161645484324051,300,0.002793912965229212,0.0022575223762699953
fig1,vasicek_mrjd_asian_put_12,0.33,0.08,256,GradOne,0.11333333333333333,0.1847506880235756,0.26069254138292375,0.011143863782637268,0.01713006530431465,1.007977843392463,1.0194072851349172,1.0110408982867394,1.0219665962928588,300,0.011338981126794422,0.010806385799658131
fig1,vasicek_mrjd_asian_put_12,0.33,0.08,256,GradTwo,0.11333333333333333,0.18588014682276344,0.2599815113430379,0.011143863782637268,0.01713006530431465,1.007977843392463,1.0194072851349172,1.0110408982867394,1.0219665962928588,300,0.011338981126794422,0.010806385799658131
fig1,vasicek_mrjd_asian_put_12,0.33,0.08,256,t-Test CRN,0.11333333333333333,0.17392400012940698,0.26426844512226866,0.011143863782637268,0.01713006530431465,1.007977843392463,1.0194072851349172,1.0110408982867394,1.0219665962928588,300,0.011338981126794422,0.010806385799658131
fig1,vasicek_mrjd_asian_put_12,0.33,0.7,256,GradOne,0.43,0.4345184081371941,0.45882641600030877,0.09280862363905855,0.10140869460075465,1.0111471938309275,1.112189452788976,1.0120589124849417,1.1123401053220057,300,0.09992833840069336,0.09908631958078429
fig1,vasicek_mrjd_asian_put_12,0.33,0.7,256,GradTwo,0.41333333333333333,0.42394558323110443,0.4486359139970414,0.09280862363905855,0.10140869460075465,1.0111471938309275,1.112189452788976,1.0120589124849417,1.1123401053220057,300,0.09992833840069336,0.09908631958078429
fig1,vasicek_mrjd_asian_put_12,0.33,0.7,256,t-Test CRN,0.41333333333333333,0.41712108458849384,0.44092878594718227,0.09280862363905855,0.10140869460075465,1.0111471938309275,1.112189452788976,1.0120589124849417,1.1123401053220057,300,0.09992833840069336,0.09908631958078429
fig1,vasicek_mrjd_asian_put_12,0.4,0.01,256,GradOne,0.4533333333333333,0.3775400718558424,0.5171598414107931,0.00313198099110011,0.005448078630401529,1.0130652349723723,1.0153488713775847,1.016103035148081,1.0174527945805503,300,0.002254184949180118,0.0013283686651644252
fig1,vasicek_mrjd_asian_put_12,0.4,0.01,256,GradTwo,0.4533333333333333,0.3775297076456684,0.5172199360480341,0.00313198099110011,0.005448078630401529,1.0130652349723723,1.0153488713775847,1.016103035148081,1.0174527945805503,300,0.002254184949180118,0.0013283686651644252
fig1,vasicek_mrjd_asian_put_12,0.4,0.01,256,t-Test CRN,0.4533333333333333,0.6351818180242426,0.5835373187069358,0.00313198099110011,0.005448078630401529,1.0130652349723723,1.0153488713775847,1.016103035148081,1.0174527945805503,300,0.002254184949180118,0.0013283686651644252
fig1,vasicek_mrjd_asian_put_12,0.4,0.08,256,GradOne,0.12333333333333334,0.2047573741099562,0.2786757511810944,0.013790608396954982,0.020393378121734022,1.0107692575410658,1.024298994348777,1.013147263306128,1.0264558572726494,300,0.013385584006210736,0.013135892923495105
fig1,vasicek_mrjd_asian_put_12,0.4,0.08,256,GradTwo,0.12333333333333334,0.20565449062135244,0.27866983695053504,0.013790608396954982,0.020393378121734022,1.0107692575410658,1.024298994348777,1.013147263306128,1.0264558572726494,300,0.013385584006210736,0.013135892923495105
fig1,vasicek_mrjd_asian_put_12,0.4,0.08,256,t-Test CRN,0.12333333333333334,0.20175020644645442,0.281146241836461,0.013790608396954982,0.020393378121734022,1.0107692575410658,1.024298994348777,1.013147263306128,1.0264558572726494,300,0.013385584006210736,0.013135892923495105
fig1,vasicek_mrjd_asian_put_12,0.4,0.7,256,GradOne,0.5366666666666666,0.5235329506145536,0.5258122351024901,0.12509900967786325,0.1318627883270228,1.0161449325234653,1.1501283273257354,1.0192504837853285,1.1498567185179207,300,0.13185461100469167,0.12813948760420715
fig1,vasicek_mrjd_asian_put_12,0.4,0.7,256,GradTwo,0.5233333333333333,0.519824583690531,0.5129975570760927,0.12509900967786325,0.1318627883270228,1.0161449325234653,1.1501283273257354,1.0192504837853285,1.1498567185179207,300,0.13185461100469167,0.12813948760420715
fig1,vasicek_mrjd_asian_put_12,0.4,0.7,256,t-Test CRN,0.5166666666666667,0.5065207773427485,0.5065041182786412,0.12509900967786325,0.1318627883270228,1.0161449325234653,1.1501283273257354,1.0192504837853285,1.1498567185179207,300,0.13185461100469167,0.12813948760420715
fig1,vasicek_mrjd_asian_put_12,0.5,0.01,256,GradOne,0.37666666666666665,0.2833164744844344,0.4674251223144887,0.0036510999583562005,0.006702384068948613,1.0155428247856757,1.0146387359451308,1.013984102882596,1.0167860150274548,300,0.0008902518126064641,0.0027632702888471497
fig1,vasicek_mrjd_asian_put_12,0.5,0.01,256,GradTwo,0.37666666666666665,0.28312377176283243,0.4675535019335164,0.0036510999583562005,0.006702384068948613,1.0155428247856757,1.0146387359451308,1.013984102882596,1.0167860150274548,300,0.0008902518126064641,0.0027632702888471497
fig1,vasicek_mrjd_asian_put_12,0.5,0.01,256,t-Test CRN,0.37666666666666665,0.3670959757551075,0.5205636963343943,0.0036510999583562005,0.006702384068948613,1.0155428247856757,1.0146387359451308,1.013984102882596,1.0167860150274548,300,0.0008902518126064641,0.0027632702888471497
fig1,vasicek_mrjd_asian_put_12,0.5,0.08,256,GradOne,0.09,0.22369951849463326,0.27731431365310916,0.01973665469986418,0.026505955310928777,1.012558522117692,1.0327723878805135,1.0136295353771003,1.0322512179869348,300,0.019963158001520397,0.01837129045663277
fig1,vasicek_mrjd_asian_put_12,0.5,0.08,256,GradTwo,0.09333333333333334,0.22189500519591604,0.27881552378812996,0.01973665469986418,0.026505955310928777,1.012558522117692,1.0327723878805135,1.0136295353771003,1.0322512179869348,300,0.019963158001520397,0.01837129045663277
fig1,vasicek_mrjd_asian_put_12,0.5,0.08,256,t-Test CRN,0.09333333333333334,0.22401422396555237,0.27761240975459384,0.01973665469986418,0.026505955310928777,1.012558522117692,1.0327723878805135,1.0136295353771003,1.0322512179869348,300,0.019963158001520397,0.01837129045663277
fig1,vasicek_mrjd_asian_put_12,0.5,0.7,256,GradOne,0.69,0.6344202518989441,0.6031411445069267,0.16561279617660496,0.17401439785003436,1.0163125914169888,1.1926723299945938,1.015268934223991,1.1893615304504066,300,0.17352903040561202,0.17147436541972141
fig1,vasicek_mrjd_asian_put_12,0.5,0.7,256,GradTwo,0.6733333333333333,0.602048629159107,0.5876547301250096,0.16561279617660496,0.17401439785003436,1.0163125914169888,1.1926723299945938,1.015268934223991,1.1893615304504066,300,0.17352903040561202,0.17147436541972141
fig1,vasicek_mrjd_asian_put_12,0.5,0.7,256,t-Test CRN,0.6733333333333333,0.5974958224150855,0.5812046103348577,0.16561279617660496,0.17401439785003436,1.0163125914169888,1.1926723299945938,1.015268934223991,1.1893615304504066,300,0.17352903040561202,0.17147436541972141
fig1,vasicek_mrjd_asian_put_12,0.67,0.01,256,GradOne,0.3466666666666667,0.30853877345055014,0.46103931135963355,0.0044592101454253765,0.00881605885333781,1.0150909929031648,1.0182925233796405,1.0126101188942582,1.0167090193937744,300,0.0031539344737157534,0.004047856547189264
fig1,vasicek_mrjd_asian_put_12,0.67,0.01,256,GradTwo,0.3466666666666667,0.30853883341427046,0.4611851704130586,0.0044592101454253765,0.00881605885333781,1.0150909929031648,1.0182925233796405,1.0126101188942582,1.0167090193937744,300,0.0031539344737157534,0.004047856547189264
fig1,vasicek_mrjd_asian_put_12,0.67,0.01,256,t-Test CRN,0.3466666666666667,0.34887970489251263,0.5128848533544145,0.0044592101454253765,0.00881605885333781,1.0150909929031648,1.0182925233796405,1.0126101188942582,1.0167090193937744,300,0.0031539344737157534,0.004047856547189264
fig1,vasicek_mrjd_asian_put_12,0.67,0.08,256,GradOne,0.12333333333333334,0.22635461196340556,0.2749535846403406,0.0271325986332159,0.034999692357924335,1.0114590949656983,1.0376331521825457,1.0155563234453389,1.0446222651838566,300,0.02587752420945411,0.028620708736182835
fig1,vasicek_mrjd_asian_put_12,0.67,0.08,256,GradTwo,0.13,0.2258959863807503,0.27544399628503574,0.0271325986332159,0.034999692357924335,1.0114590949656983,1.0376331521825457,1.0155563234453389,1.0446222651838566,300,0.02587752420945411,0.028620708736182835
fig1,vasicek_mrjd_asian_put_12,0.67,0.08,256,t-Test CRN,0.13,0.21600030787699165,0.269635268469107,0.0271325986332159,0.034999692357924335,1.0114590949656983,1.0376331521825457,1.0155563234453389,1.0446222651838566,300,0.02587752420945411,0.028620708736182835
fig1,vasicek_mrjd_asian_put_12,0.67,0.7,256,GradOne,0.8333333333333334,0.779796692319199,0.7219399459579167,0.25070097244454126,0.26208743638963705,1.0198364892823444,1.2851361204148875,1.0170047894336485,1.2807880470439963,300,0.26013937912658286,0.2593726798054156
fig1,vasicek_mrjd_asian_put_12,0.67,0.7,256,GradTwo,0.8366666666666667,0.7505056357131099,0.7030896811139665,0.25070097244454126,0.26208743638963705,1.0198364892823444,1.2851361204148875,1.0170047894336485,1.2807880470439963,300,0.26013937912658286,0.2593726798054156
fig1,vasicek_mrjd_asian_put_12,0.67,0.7,256,t-Test CRN,0.84,0.7485628075352202,0.6993756936144839,0.25070097244454126,0.26208743638963705,1.0198364892823444,1.2851361204148875,1.0170047894336485,1.2807880470439963,300,0.26013937912658286,0.2593726798054156
fig1,vasicek_mrjd_asian_put_12,1.0,0.01,256,GradOne,0.2966666666666667,0.3011996311671803,0.432433414248598,0.006970316976671531,0.012492227439900678,1.016650183357533,1.0237362286125131,1.0131327991559806,1.0209571938329425,300,0.006969993583808887,0.007722970457061669
fig1,vasicek_mrjd_asian_put_12,1.0,0.01,256,GradTwo,0.2966666666666667,0.30119963116717996,0.4326290256521412,0.006970316976671531,0.012492227439900678,1.016650183357533,1.0237362286125131,1.0131327991559806,1.0209571938329425,300,0.006969993583808887,0.007722970457061669
fig1,vasicek_mrjd_asian_put_12,1.0,0.01,256,t-Test CRN,0.2966666666666667,0.291508855371973,0.471454293773697,0.006970316976671531,0.012492227439900678,1.016650183357533,1.0237362286125131,1.0131327991559806,1.0209571938329425,300,0.006969993583808887,0.007722970457061669
fig1,vasicek_mrjd_asian_put_12,1.0,0.08,256,GradOne,0.18666666666666668,0.31705466583988695,0.33578806031569264,0.051815698358569855,0.06387412095578802,1.0128066365856854,1.0753171255471836,1.0178754237427103,1.0781933103814594,300,0.06172006255036989,0.059258613806551313
fig1,vasicek_mrjd_asian_put_12,1.0,0.08,256,GradTwo,0.18,0.31079735468920455,0.3320043489644382,0.051815698358569855,0.06387412095578802,1.0128066365856854,1.0753171255471836,1.0178754237427103,1.0781933103814594,300,0.06172006255036989,0.059258613806551313
fig1,vasicek_mrjd_asian_put_12,1.0,0.08,256,t-Test CRN,0.18,0.3022999708977573,0.3235876306403816,0.051815698358569855,0.06387412095578802,1.0128066365856854,1.0753171255471836,1.0178754237427103,1.0781933103814594,300,0.06172006255036989,0.059258613806551313
fig1,vasicek_mrjd_asian_put_12,1.0,0.7,256,GradOne,0.9733333333333334,0.9110590843083987,0.8695579035138381,0.4484261860368705,0.450484669040792,1.016299293671917,1.467855538546221,1.015125127431808,1.4688736303333634,300,0.44431423664855557,0.44698775612963665
fig1,vasicek_mrjd_asian_put_12,1.0,0.7,256,GradTwo,0.97,0.8899564016582486,0.8469887966022527,0.4484261860368705,0.450484669040792,1.016299293671917,1.467855538546221,1.015125127431808,1.4688736303333634,300,0.44431423664855557,0.44698775612963665
fig1,vasicek_mrjd_asian_put_12,1.0,0.7,256,t-Test CRN,0.97,0.885496985738584,0.8473819696387455,0.4484261860368705,0.450484669040792,1.016299293671917,1.467855538546221,1.015125127431808,1.4688736303333634,300,0.44431423664855557,0.44698775612963665
fig1,vasicek_mrjd_vanilla_put,0.2,0.01,256,GradOne,0.4,0.21575059106619054,0.4882615610121507,0.0016495338638756502,0.0017704333523213042,4.021769152225918,4.019206921911964,4.012870326775645,4.013938687976647,300,0.0006370903492896281,0.0002662336716621625
fig1,vasicek_mrjd_vanilla_put,0.2,0.01,256,GradTwo,0.4,0.21566802951471226,0.4882901963828968,0.0016495338638756502,0.0017704333523213042,4.021769152225918,4.019206921911964,4.012870326775645,4.013938687976647,300,0.0006370903492896281,0.0002662336716621625
fig1,vasicek_mrjd_vanilla_put,0.2,0.01,256,t-Test CRN,0.4,0.6837255401225986,0.5849015280302842,0.0016495338638756502,0.0017704333523213042,4.021769152225918,4.019206921911964,4.012870326775645,4.013938687976647,300,0.0006370903492896281,0.0002662336716621625
fig1,vasicek_mrjd_vanilla_put,0.2,0.08,256,GradOne,0.07,0.15131872266052837,0.22134143089972846,0.0035989182223233047,0.0048081236395151345,4.01816657516998,4.019342631302427,4.017840263619736,4.0236076333718325,300,0.00029268476317397327,0.001435440279773645
fig1,vasicek_mrjd_vanilla_put,0.2,0.08,256,GradTwo,0.06666666666666667,0.14972810923086105,0.22123951526990449,0.0035989182223233047,0.0048081236395151345,4.01816657516998,4.019342631302427,4.017840263619736,4.0236076333718325,300,0.00029268476317397327,0.001435440279773645
fig1,vasicek_mrjd_vanilla_put,0.2,0.08,256,t-Test CRN,0.06666666666666667,0.167636284417353,0.2483208677956648,0.0035989182223233047,0.0048081236395151345,4.01816657516998,4.019342631302427,4.017840263619736,4.0236076333718325,300,0.00029268476317397327,0.001435440279773645
fig1,vasicek_mrjd_vanilla_put,0.2,0.7,256,GradOne,0.07,0.19603412083038563,0.24875133611354935,0.015904376869438443,0.01867218721105356,4.008618261087628,4.067889120998593,4.011505404437778,4.067145622435031,300,0.01478585788183354,0.013870159051935943
fig1,vasicek_mrjd_vanilla_put,0.2,0.7,256,GradTwo,0.07,0.19499024798699727,0.243766164554971,0.015904376869438443,0.01867218721105356,4.008618261087628,4.067889120998593,4.011505404437778,4.067145622435031,300,0.01478585788183354,0.013870159051935943
fig1,vasicek_mrjd_vanilla_put,0.2,0.7,256,t-Test CRN,0.07,0.179021066200176,0.232565394227663,0.015904376869438443,0.01867218721105356,4.008618261087628,4.067889120998593,4.011505404437778,4.067145622435031,300,0.01478585788183354,0.013870159051935943
fig1,vasicek_mrjd_vanilla_put,0.25,0.01,256,GradOne,0.37333333333333335,0.2395462484492233,0.47313330651557056,0.0017626756872175038,0.0021344012363211104,4.005961739528919,4.007532969894457,4.0117913699555965,4.013369693751403,300,0.00039222300853085346,0.00039342120520687447
fig1,vasicek_mrjd_vanilla_put,0.25,0.01,256,GradTwo,0.37333333333333335,0.2395462484492233,0.47318868713992773,0.0017626756872175038,0.0021344012363211104,4.005961739528919,4.007532969894457,4.0117913699555965,4.013369693751403,300,0.00039222300853085346,0.00039342120520687447
fig1,vasicek_mrjd_vanilla_put,0.25,0.01,256,t-Test CRN,0.37333333333333335,0.674512706227833,0.5873879959779083,0.0017626756872175038,0.0021344012363211104,4.005961739528919,4.007532969894457,4.0117913699555965,4.013369693751403,300,0.00039222300853085346,0.00039342120520687447
fig1,vasicek_mrjd_vanilla_put,0.25,0.08,256,GradOne,0.08333333333333333,0.16796602309640918,0.24424969568857927,0.0048375067335529875,0.006053153545869164,4.009688239619683,4.017996823691233,4.010099341769986,4.0186658360939775,300,0.0020721272016743725,0.0021362299519020133
fig1,vasicek_mrjd_vanilla_put,0.25,0.08,256,GradTwo,0.08666666666666667,0.1681854816941884,0.24441202080472976,0.0048375067335529875,0.006053153545869164,4.009688239619683,4.017996823691233,4.010099341769986,4.0186658360939775,300,0.0020721272016743725,0.0021362299519020133
fig1,vasicek_mrjd_vanilla_put,0.25,0.08,256,t-Test CRN,0.08666666666666667,0.16599229845410624,0.2599670269470119,0.0048375067335529875,0.006053153545869164,4.009688239619683,4.017996823691233,4.010099341769986,4.0186658360939775,300,0.0020721272016743725,0.0021362299519020133
fig1,vasicek_mrjd_vanilla_put,0.25,0.7,256,GradOne,0.12333333333333334,0.20274049437244201,0.27062874936879905,0.01778930539253188,0.022796649293701985,4.008257671738844,4.081542641359016,4.013563443902355,4.084447051054331,300,0.018283497624637636,0.0176610157389356
fig1,vasicek_mrjd_vanilla_put,0.25,0.7,256,GradTwo,0.11666666666666667,0.1954241725219008,0.2657068058134015,0.01778930539253188,0.022796649293701985,4.008257671738844,4.081542641359016,4.013563443902355,4.084447051054331,300,0.018283497624637636,0.0176610157389356
fig1,vasicek_mrjd_vanilla_put,0.25,0.7,256,t-Test CRN,0.11666666666666667,0.18603091383343573,0.25546550610864327,0.01778930539253188,0.022796649293701985,4.008257671738844,4.081542641359016,4.013563443902355,4.084447051054331,300,0.018283497624637636,0.0176610157389356
fig1,vasicek_mrjd_vanilla_put,0.29,0.01,256,GradOne,0.38666666666666666,0.2453500932731628,0.4646905130821897,0.0018357020479966178,0.002318916852398912,4.014172125151553,4.013650991004883,4.016036455946839,4.017831936650538,300,0.00012982356770537812,0.00044707779010320377
fig1,vasicek_mrjd_vanilla_put,0.29,0.01,256,GradTwo,0.38666666666666666,0.2459214044946948,0.4647570055604209,0.0018357020479966178,0.002318916852398912,4.014172125151553,4.013650991004883,4.016036455946839,4.017831936650538,300,0.00012982356770537812,0.00044707779010320377
fig1,vasicek_mrjd_vanilla_put,0.29,0.01,256,t-Test CRN,0.38666666666666666,0.401995662819929,0.5472934680065605,0.0018357020479966178,0.002318916852398912,4.014172125151553,4.013650991004883,4.016036455946839,4.017831936650538,300,0.00012982356770537812,0.00044707779010320377
fig1,vasicek_mrjd_vanilla_put,0.29,0.08,256,GradOne,0.09,0.1627998913529105,0.24840967060485492,0.005501288179334179,0.006504030101513171,4.010389645835627,4.022111065725282,4.013532572347161,4.021154243999093,300,0.002922763353388022,0.0018989933467699462
fig1,vasicek_mrjd_vanilla_put,0.29,0.08,256,GradTwo,0.09,0.16254913469462579,0.24861681818354517,0.005501288179334179,0.006504030101513171,4.010389645835627,4.022111065725282,4.013532572347161,4.021154243999093,300,0.002922763353388022,0.0018989933467699462
fig1,vasicek_mrjd_vanilla_put,0.29,0.08,256,t-Test CRN,0.09,0.1657934695037943,0.26372998216783194,0.005501288179334179,0.006504030101513171,4.010389645835627,4.022111065725282,4.013532572347161,4.021154243999093,300,0.002922763353388022,0.0018989933467699462
fig1,vasicek_mrjd_vanilla_put,0.29,0.7,256,GradOne,0.13,0.22579616268719227,0.2863797319305887,0.023090496482196354,0.02666512771074692,4.019815100911595,4.100322351250514,4.025486638389413,4.108467965167397,300,0.02002760035422082,0.020613986390272593
fig1,vasicek_mrjd_vanilla_put,0.29,0.7,256,GradTwo,0.13333333333333333,0.231877385356286,0.2840665768328741,0.023090496482196354,0.02666512771074692,4.019815100911595,4.100322351250514,4.025486638389413,4.108467965167397,300,0.02002760035422082,0.020613986390272593
fig1,vasicek_mrjd_vanilla_put,0.29,0.7,256,t-Test CRN,0.13333333333333333,0.21434065629048174,0.27365428443272927,0.023090496482196354,0.02666512771074692,4.019815100911595,4.100322351250514,4.025486638389413,4.108467965167397,300,0.02002760035422082,0.020613986390272593
fig1,vasicek_mrjd_vanilla_put,0.33,0.01,256,GradOne,0.3566666666666667,0.24856421016992958,0.4395561302827005,0.001988218422543188,0.0027209003557432335,4.020745563372756,4.022680300667345,4.020538605086244,4.022821350226554,300,0.0004811886910261094,0.000567770979097614
fig1,vasicek_mrjd_vanilla_put,0.33,0.01,256,GradTwo,0.3566666666666667,0.24844618685065473,0.43962156316957324,0.001988218422543188,0.0027209003557432335,4.020745563372756,4.022680300667345,4.020538605086244,4.022821350226554,300,0.0004811886910261094,0.000567770979097614
fig1,vasicek_mrjd_vanilla_put,0.33,0.01,256,t-Test CRN,0.3566666666666667,0.4599256813257753,0.5419929049003919,0.001988218422543188,0.0027209003557432335,4.020745563372756,4.022680300667345,4.020538605086244,4.022821350226554,300,0.0004811886910261094,0.000567770979097614
fig1,vasicek_mrjd_vanilla_put,0.33,0.08,256,GradOne,0.15,0.18945638397169756,0.2747258245928002,0.0065475707246963125,0.00817574101019873,4.017043426305084,4.0233873335112325,4.020489831449468,4.030088381538744,300,0.0015792478529374088,0.0023874081247994183
fig1,vasicek_mrjd_vanilla_put,0.33,0.08,256,GradTwo,0.15,0.1902441652761907,0.274493561011056,0.0065475707246963125,0.00817574101019873,4.017043426305084,4.0233873335112325,4.020489831449468,4.030088381538744,300,0.0015792478529374088,0.0023874081247994183
fig1,vasicek_mrjd_vanilla_put,0.33,0.08,256,t-Test CRN,0.15,0.1842264267602453,0.29131293051480583,0.0065475707246963125,0.00817574101019873,4.017043426305084,4.0233873335112325,4.020489831449468,4.030088381538744,300,0.0015792478529374088,0.0023874081247994183
fig1,vasicek_mrjd_vanilla_put,0.33,0.7,256,GradOne,0.16666666666666666,0.24012888901510887,0.295957312025313,0.02553346160406515,0.030345948887755554,4.007482906428999,4.116528851542608,4.012942212732505,4.114343840862605,300,0.027210582717314143,0.02526864897490096
fig1,vasicek_mrjd_vanilla_put,0.33,0.7,256,GradTwo,0.16,0.22812201054893166,0.29131478298403785,0.02553346160406515,0.030345948887755554,4.007482906428999,4.116528851542608,4.012942212732505,4.114343840862605,300,0.027210582717314143,0.02526864897490096
fig1,vasicek_mrjd_vanilla_put,0.33,0.7,256,t-Test CRN,0.16333333333333333,0.2175066112931079,0.28077915870361286,0.02553346160406515,0.030345948887755554,4.007482906428999,4.116528851542608,4.012942212732505,4.114343840862605,300,0.027210582717314143,0.02526864897490096
fig1,vasicek_mrjd_vanilla_put,0.4,0.01,256,GradOne,0.33,0.24761889157192296,0.4138656758288862,0.002414362880552236,0.0031563211758876314,4.010240490765913,4.015141593409172,4.008837367249223,4.0115441721927585,300,0.0012221468150214188,0.0006752094673755877
fig1,vasicek_mrjd_vanilla_put,0.4,0.01,256,GradTwo,0.33,0.2476188915719229,0.41392911045617364,0.002414362880552236,0.0031563211758876314,4.010240490765913,4.015141593409172,4.008837367249223,4.0115441721927585,300,0.0012221468150214188,0.0006752094673755877
fig1,vasicek_mrjd_vanilla_put,0.4,0.01,256,t-Test CRN,0.33,0.3676553342523028,0.5168196650205277,0.002414362880552236,0.0031563211758876314,4.010240490765913,4.015141593409172,4.008837367249223,4.0115441721927585,300,0.0012221468150214188,0.0006752094673755877
fig1,vasicek_mrjd_vanilla_put,0.4,0.08,256,GradOne,0.09333333333333334,0.2072660641511924,0.25828012366099123,0.007831965673378505,0.009264006623337491,4.025663468270092,4.043734108365671,4.022969083289129,4.03997282518815,300,0.0044888600942453675,0.004226664820679945
fig1,vasicek_mrjd_vanilla_put,0.4,0.08,256,GradTwo,0.09333333333333334,0.20439682272427678,0.25791184763060526,0.007831965673378505,0.009264006623337491,4.025663468270092,4.043734108365671,4.022969083289129,4.03997282518815,300,0.0044888600942453675,0.004226664820679945
fig1,vasicek_mrjd_vanilla_put,0.4,0.08,256,t-Test CRN,0.09333333333333334,0.19651159249904765,0.2644611533838971,0.007831965673378505,0.009264006623337491,4.025663468270092,4.043734108365671,4.022969083289129,4.03997282518815,300,0.0044888600942453675,0.004226664820679945
fig1,vasicek_mrjd_vanilla_put,0.4,0.7,256,GradOne,0.20666666666666667,0.2407144188938276,0.31355739937800353,0.03237774364035917,0.036427004397129516,4.016069509690356,4.1269890541559064,4.017751584746595,4.142629655510335,300,0.027618930448766784,0.03108158086175373
fig1,vasicek_mrjd_vanilla_put,0.4,0.7,256,GradTwo,0.19666666666666666,0.243423760279383,0.30739845744207905,0.03237774364035917,0.036427004397129516,4.016069509690356,4.1269890541559064,4.017751584746595,4.142629655510335,300,0.027618930448766784,0.03108158086175373
fig1,vasicek_mrjd_vanilla_put,0.4,0.7,256,t-Test CRN,0.19666666666666666,0.22809305767586566,0.29835567883410025,0.03237774364035917,0.036427004397129516,4.016069509690356,4.1269890541559064,4.017751584746595,4.142629655510335,300,0.027618930448766784,0.03108158086175373
fig1,vasicek_mrjd_vanilla_put,0.5,0.01,256,GradOne,0.30666666666666664,0.2497273433133184,0.3840502351254516,0.002882814118698635,0.003591076176916031,4.017488157632449,4.0181783984772,4.015839154088526,4.017208233777,300,0.00017180905522781774,0.00034091995120873685
fig1,vasicek_mrjd_vanilla_put,0.5,0.01,256,GradTwo,0.30666666666666664,0.2497273433133185,0.38416594222798767,0.002882814118698635,0.003591076176916031,4.017488157632449,4.0181783984772,4.015839154088526,4.017208233777,300,0.00017180905522781774,0.00034091995120873685
fig1,vasicek_mrjd_vanilla_put,0.5,0.01,256,t-Test CRN,0.30666666666666664,0.37882194276747744,0.4987715598113955,0.002882814118698635,0.003591076176916031,4.017488157632449,4.0181783984772,4.015839154088526,4.017208233777,300,0.00017180905522781774,0.00034091995120873685
fig1,vasicek_mrjd_vanilla_put,0.5,0.08,256,GradOne,0.09666666666666666,0.19022887701734448,0.24557323962967403,0.008909890900478976,0.01121262521799236,4.020565506896497,4.041543673477298,4.017044511161291,4.038339751466418,300,0.005217715404665622,0.00530122089659645
fig1,vasicek_mrjd_vanilla_put,0.5,0.08,256,GradTwo,0.1,0.19573293621118817,0.24786616715831053,0.008909890900478976,0.01121262521799236,4.020565506896497,4.041543673477298,4.017044511161291,4.038339751466418,300,0.005217715404665622,0.00530122089659645
fig1,vasicek_mrjd_vanilla_put,0.5,0.08,256,t-Test CRN,0.1,0.1885653403551377,0.24996283637770805,0.008909890900478976,0.01121262521799236,4.020565506896497,4.041543673477298,4.017044511161291,4.038339751466418,300,0.005217715404665622,0.00530122089659645
fig1,vasicek_mrjd_vanilla_put,0.5,0.7,256,GradOne,0.24666666666666667,0.28100473578765867,0.3384745894709726,0.04188118068360392,0.04595927731562227,4.018636109498411,4.1823895070785175,4.023617849859756,4.192277090021913,300,0.04074850101333147,0.04191731085198269
fig1,vasicek_mrjd_vanilla_put,0.5,0.7,256,GradTwo,0.23333333333333334,0.27619558813188155,0.33481822193243244,0.04188118068360392,0.04595927731562227,4.018636109498411,4.1823895070785175,4.023617849859756,4.192277090021913,300,0.04074850101333147,0.04191731085198269
fig1,vasicek_mrjd_vanilla_put,0.5,0.7,256,t-Test CRN,0.23333333333333334,0.26494486245947024,0.32231838597782114,0.04188118068360392,0.04595927731562227,4.018636109498411,4.1823895070785175,4.023617849859756,4.192277090021913,300,0.04074850101333147,0.04191731085198269
fig1,vasicek_mrjd_vanilla_put,0.67,0.01,256,GradOne,0.23666666666666666,0.22980579674677956,0.3449223263896511,0.003483062285161906,0.004638206565449779,4.019140835098199,4.024248578747403,4.016701875578858,4.022401753683118,300,0.001270854607681194,0.001419044350519265
fig1,vasicek_mrjd_vanilla_put,0.67,0.01,256,GradTwo,0.23666666666666666,0.2303413820012592,0.3468569303022723,0.003483062285161906,0.004638206565449779,4.019140835098199,4.024248578747403,4.016701875578858,4.022401753683118,300,0.001270854607681194,0.001419044350519265
fig1,vasicek_mrjd_vanilla_put,0.67,0.01,256,t-Test CRN,0.23666666666666666,0.2473568767705105,0.4285161711766687,0.003483062285161906,0.004638206565449779,4.019140835098199,4.024248578747403,4.016701875578858,4.022401753683118,300,0.001270854607681194,0.001419044350519265
fig1,vasicek_mrjd_vanilla_put,0.67,0.08,256,GradOne,0.06,0.19548761198935444,0.24476530918297143,0.011732588496177962,0.014155842627184244,4.006964367226962,4.046171427801079,4.013467212814612,4.046132559728523,300,0.009784729031980617,0.008138934537602364
fig1,vasicek_mrjd_vanilla_put,0.67,0.08,256,GradTwo,0.06,0.19153460692850277,0.24428176885053665,0.011732588496177962,0.014155842627184244,4.006964367226962,4.046171427801079,4.013467212814612,4.046132559728523,300,0.009784729031980617,0.008138934537602364
fig1,vasicek_mrjd_vanilla_put,0.67,0.08,256,t-Test CRN,0.06,0.1882224005183292,0.24082222964521052,0.011732588496177962,0.014155842627184244,4.006964367226962,4.046171427801079,4.013467212814612,4.046132559728523,300,0.009784729031980617,0.008138934537602364
fig1,vasicek_mrjd_vanilla_put,0.67,0.7,256,GradOne,0.44333333333333336,0.4427836005042538,0.45506893518905894,0.07818509233820818,0.07874458623093034,4.008971003098469,4.331415526218799,4.019304790712854,4.328679406429466,300,0.08043074466518166,0.076972171016108
fig1,vasicek_mrjd_vanilla_put,0.67,0.7,256,GradTwo,0.44,0.4487021017905381,0.454658396002704,0.07818509233820818,0.07874458623093034,4.008971003098469,4.331415526218799,4.019304790712854,4.328679406429466,300,0.08043074466518166,0.076972171016108
fig1,vasicek_mrjd_vanilla_put,0.67,0.7,256,t-Test CRN,0.43666666666666665,0.4402692630400234,0.44338654519251985,0.07818509233820818,0.07874458623093034,4.008971003098469,4.331415526218799,4.019304790712854,4.328679406429466,300,0.08043074466518166,0.076972171016108
fig1,vasicek_mrjd_vanilla_put,1.0,0.01,256,GradOne,0.15333333333333332,0.23341212619201107,0.29681966870885756,0.004615185821663292,0.006378307346299895,4.012391732943609,4.022586771365261,4.015594300241854,4.02571758200072,300,0.002540888103707824,0.002520992162544012
fig1,vasicek_mrjd_vanilla_put,1.0,0.01,256,GradTwo,0.15333333333333332,0.2288941254443428,0.29662008171366866,0.004615185821663292,0.006378307346299895,4.012391732943609,4.022586771365261,4.015594300241854,4.02571758200072,300,0.002540888103707824,0.002520992162544012
fig1,vasicek_mrjd_vanilla_put,1.0,0.01,256,t-Test CRN,0.15333333333333332,0.2201373943210163,0.3587615959831797,0.004615185821663292,0.006378307346299895,4.012391732943609,4.022586771365261,4.015594300241854,4.02571758200072,300,0.002540888103707824,0.002520992162544012
fig1,vasicek_mrjd_vanilla_put,1.0,0.08,256,GradOne,0.14,0.2203250280194073,0.2754447962586542,0.017502155694299103,0.02252506470658936,4.018768035355382,4.084631084730299,4.0204407196030285,4.089057153597192,300,0.016388865641281662,0.017066893601888202
fig1,vasicek_mrjd_vanilla_put,1.0,0.08,256,GradTwo,0.14,0.2129084992507505,0.2751089628248782,0.017502155694299103,0.02252506470658936,4.018768035355382,4.084631084730299,4.0204407196030285,4.089057153597192,300,0.016388865641281662,0.017066893601888202
fig1,vasicek_mrjd_vanilla_put,1.0,0.08,256,t-Test CRN,0.14,0.2088283445441591,0.2666234289966145,0.017502155694299103,0.02252506470658936,4.018768035355382,4.084631084730299,4.0204407196030285,4.089057153597192,300,0.016388865641281662,0.017066893601888202
fig1,vasicek_mrjd_vanilla_put,1.0,0.7,256,GradOne,0.7666666666666667,0.7099630409210786,0.657254258946354,0.14933248766009333,0.1503815269242991,4.018037777677513,4.619773453294087,4.0196460753122585,4.622020000708108,300,0.1497585908623254,0.14985745364386477
fig1,vasicek_mrjd_vanilla_put,1.0,0.7,256,GradTwo,0.7466666666666667,0.6749834421040499,0.645076698122832,0.14933248766009333,0.1503815269242991,4.018037777677513,4.619773453294087,4.0196460753122585,4.622020000708108,300,0.1497585908623254,0.14985745364386477
fig1,vasicek_mrjd_vanilla_put,1.0,0.7,256,t-Test CRN,0.75,0.6655888747103679,0.6377441171159902,0.14933248766009333,0.1503815269242991,4.018037777677513,4.619773453294087,4.0196460753122585,4.622020000708108,300,0.1497585908623254,0.14985745364386477
fig2,gbm_merton_vanilla_call,0.5,0.01,64,GradOne,0.576,0.9999999987562632,0.6863865046680679,0.00038362019110092696,0.01839983842526303,0.3235069042019895,0.3262245508466409,0.32241715616329436,0.32587578880836565,500,0.008400583138573685,0.010727197914119682
fig2,gbm_merton_vanilla_call,0.5,0.01,64,GradTwo,0.578,0.9999999987563348,0.6879511224892046,0.00038362019110092696,0.01839983842526303,0.3235069042019895,0.3262245508466409,0.32241715616329436,0.32587578880836565,500,0.008400583138573685,0.010727197914119682
fig2,gbm_merton_vanilla_call,0.5,0.01,64,t-Test CRN,0.578,1.0,0.6963326115849456,0.00038362019110092696,0.01839983842526303,0.3235069042019895,0.3262245508466409,0.32241715616329436,0.32587578880836565,500,0.008400583138573685,0.010727197914119682
fig2,gbm_merton_vanilla_call,0.5,0.01,128,GradOne,0.286,0.27148977730823165,0.4735677324661607,0.009244901064290309,0.016895348729536304,0.31905206850655055,0.3233209934523092,0.32104722051615053,0.3244234674235878,500,0.01338002591784168,0.010516356136051392
fig2,gbm_merton_vanilla_call,0.5,0.01,128,GradTwo,0.288,0.2715643943988152,0.47486272530398616,0.009244901064290309,0.016895348729536304,0.31905206850655055,0.3233209934523092,0.32104722051615053,0.3244234674235878,500,0.01338002591784168,0.010516356136051392
fig2,gbm_merton_vanilla_call,0.5,0.01,128,t-Test CRN,0.288,0.3206142632241722,0.4979431842040539,0.009244901064290309,0.016895348729536304,0.31905206850655055,0.3233209934523092,0.32104722051615053,0.3244234674235878,500,0.01338002591784168,0.010516356136051392
fig2,gbm_merton_vanilla_call,0.5,0.01,256,GradOne,0.09,0.26170490179502004,0.32597207421903635,0.008979247319127116,0.013052222590909782,0.3186360459298587,0.3224108228827498,0.3189096324284892,0.32172907406391765,500,0.011846672719890643,0.008840879511724012
fig2,gbm_merton_vanilla_call,0.5,0.01,256,GradTwo,0.09,0.26170621504242786,0.32599027716115037,0.008979247319127116,0.013052222590909782,0.3186360459298587,0.3224108228827498,0.3189096324284892,0.32172907406391765,500,0.011846672719890643,0.008840879511724012
fig2,gbm_merton_vanilla_call,0.5,0.01,256,t-Test CRN,0.09,0.2490965402510521,0.3558499975101283,0.008979247319127116,0.013052222590909782,0.3186360459298587,0.3224108228827498,0.3189096324284892,0.32172907406391765,500,0.011846672719890643,0.008840879511724012
fig2,gbm_merton_vanilla_call,0.5,0.01,512,GradOne,0.082,0.2567853721159705,0.28606520521196166,0.008951504607147585,0.011408089636009016,0.31874158836975147,0.32183373111043967,0.3194271191456268,0.322368648550042,500,0.00970109597716255,0.009208765405651494
fig2,gbm_merton_vanilla_call,0.5,0.01,512,GradTwo,0.08,0.2567772551556604,0.285787055455703,0.008951504607147585,0.011408089636009016,0.31874158836975147,0.32183373111043967,0.3194271191456268,0.322368648550042,500,0.00970109597716255,0.009208765405651494
fig2,gbm_merton_vanilla_call,0.5,0.01,512,t-Test CRN,0.08,0.22721265963211412,0.2756452726299058,0.008951504607147585,0.011408089636009016,0.31874158836975147,0.32183373111043967,0.3194271191456268,0.322368648550042,500,0.00970109597716255,0.009208765405651494
fig2,gbm_merton_vanilla_call,0.5,0.01,1024,GradOne,0.212,0.3153911944116685,0.3384963400345078,0.00847218828267656,0.009942872674742361,0.31960877726920256,0.3220457366573565,0.31884703564276395,0.3218018344178648,500,0.007624819972016267,0.00926713578862125
fig2,gbm_merton_vanilla_call,0.5,0.01,1024,GradTwo,0.208,0.3114369200094288,0.33811819723777736,0.00847218828267656,0.009942872674742361,0.31960877726920256,0.3220457366573565,0.31884703564276395,0.3218018344178648,500,0.007624819972016267,0.00926713578862125
fig2,gbm_merton_vanilla_call,0.5,0.01,1024,t-Test CRN,0.208,0.246135298187662,0.28984839142991903,0.00847218828267656,0.009942872674742361,0.31960877726920256,0.3220457366573565,0.31884703564276395,0.3218018344178648,500,0.007624819972016267,0.00926713578862125
fig2,gbm_merton_vanilla_call,0.5,0.01,2048,GradOne,0.508,0.5048088560472,0.4800769379790302,0.009940445254702522,0.010154216273780726,0.31885375975487684,0.321556748535225,0.31885675978976663,0.32202685500578776,500,0.008477205294446257,0.009942066833117427
fig2,gbm_merton_vanilla_call,0.5,0.01,2048,GradTwo,0.506,0.5033280581504695,0.47905932896237186,0.009940445254702522,0.010154216273780726,0.31885375975487684,0.321556748535225,0.31885675978976663,0.32202685500578776,500,0.008477205294446257,0.009942066833117427
fig2,gbm_merton_vanilla_call,0.5,0.01,2048,t-Test CRN,0.506,0.38033078290914,0.3879930817048092,0.009940445254702522,0.010154216273780726,0.31885375975487684,0.321556748535225,0.31885675978976663,0.32202685500578776,500,0.008477205294446257,0.009942066833117427
fig2,gbm_merton_vanilla_call,0.5,0.01,4096,GradOne,0.758,0.6956341196816267,0.6590183950139434,0.00927767818308055,0.009444706863273497,0.3191988094470556,0.322044622280421,0.31924278042321963,0.32225698496048993,500,0.00891548699161881,0.009441731253168445
fig2,gbm_merton_vanilla_call,0.5,0.01,4096,GradTwo,0.758,0.6956382633862117,0.6588344171592987,0.00927767818308055,0.009444706863273497,0.3191988094470556,0.322044622280421,0.31924278042321963,0.32225698496048993,500,0.00891548699161881,0.009441731253168445
fig2,gbm_merton_vanilla_call,0.5,0.01,4096,t-Test CRN,0.758,0.5305545927056772,0.5114717151251938,0.00927767818308055,0.009444706863273497,0.3191988094470556,0.322044622280421,0.31924278042321963,0.32225698496048993,500,0.00891548699161881,0.009441731253168445
fig2,gbm_merton_vanilla_call,0.5,0.01,8192,GradOne,0.972,0.9271942311479691,0.8754017857275098,0.009613149205757331,0.009641765528424252,0.3189430418083356,0.3221597458747468,0.3192162252176327,0.32229362522854865,500,0.010085512598654535,0.009640487443324216
fig2,gbm_merton_vanilla_call,0.5,0.01,8192,GradTwo,0.972,0.9271963196845391,0.8752510364388668,0.009613149205757331,0.009641765528424252,0.3189430418083356,0.3221597458747468,0.3192162252176327,0.32229362522854865,500,0.010085512598654535,0.009640487443324216
fig2,gbm_merton_vanilla_call,0.5,0.01,8192,t-Test CRN,0.972,0.7932946377885042,0.7310148718502585,0.009613149205757331,0.009641765528424252,0.3189430418083356,0.3221597458747468,0.3192162252176327,0.32229362522854865,500,0.010085512598654535,0.009640487443324216
fig2,gbm_merton_vanilla_call,0.5,0.01,16384,GradOne,1.0,0.9956902769664113,0.9845938022105549,0.009479470650222158,0.009453325349254535,0.31897018667900623,0.3219861655516883,0.3190589999505349,0.32207498294957876,500,0.009455362910506682,0.009452743848352364
fig2,gbm_merton_vanilla_call,0.5,0.01,16384,GradTwo,1.0,0.9957271968277486,0.9843669231929324,0.009479470650222158,0.009453325349254535,0.31897018667900623,0.3219861655516883,0.3190589999505349,0.32207498294957876,500,0.009455362910506682,0.009452743848352364
fig2,gbm_merton_vanilla_call,0.5,0.01,16384,t-Test CRN,1.0,0.9590282228533591,0.9145795848007937,0.009479470650222158,0.009453325349254535,0.31897018667900623,0.3219861655516883,0.3190589999505349,0.32207498294957876,500,0.009455362910506682,0.009452743848352364
fig2,gbm_merton_vanilla_call,0.5,0.08,64,GradOne,0.062,0.2519964399953906,0.2831300939276881,0.009346442426881211,0.012004401594305984,2.5445669891377385,2.558945209264298,2.5547114093455505,2.559595289709805,500,0.00565055673045247,0.0019117150948589833
fig2,gbm_merton_vanilla_call,0.5,0.08,64,GradTwo,0.062,0.2517149413370581,0.2822710983160881,0.009346442426881211,0.012004401594305984,2.5445669891377385,2.558945209264298,2.5547114093455505,2.559595289709805,500,0.00565055673045247,0.0019117150948589833
fig2,gbm_merton_vanilla_call,0.5,0.08,64,t-Test CRN,0.062,0.2325702254384224,0.2947001363687785,0.009346442426881211,0.012004401594305984,2.5445669891377385,2.558945209264298,2.5547114093455505,2.559595289709805,500,0.00565055673045247,0.0019117150948589833
fig2,gbm_merton_vanilla_call,0.5,0.08,128,GradOne,0.068,0.19570107989497426,0.24477235689367344,0.005954873914766384,0.007612191293387735,2.562404641478612,2.5666652340005394,2.5555677924664892,2.560418203706836,500,0.001662732127845709,0.0018979779188974541
fig2,gbm_merton_vanilla_call,0.5,0.08,128,GradTwo,0.07,0.1965192472359995,0.24447277890732658,0.005954873914766384,0.007612191293387735,2.562404641478612,2.5666652340005394,2.5555677924664892,2.560418203706836,500,0.001662732127845709,0.0018979779188974541
fig2,gbm_merton_vanilla_call,0.5,0.08,128,t-Test CRN,0.07,0.1771424942796549,0.24589098027447354,0.005954873914766384,0.007612191293387735,2.562404641478612,2.5666652340005394,2.5555677924664892,2.560418203706836,500,0.001662732127845709,0.0018979779188974541
fig2,gbm_merton_vanilla_call,0.5,0.08,256,GradOne,0.118,0.19642537427925538,0.2591664455198455,0.0048393561026559865,0.005989613505920852,2.5474733613645,2.5563844575642607,2.558928931165008,2.5634158273559455,500,0.0034980134963952885,0.001753427434537892
fig2,gbm_merton_vanilla_call,0.5,0.08,256,GradTwo,0.116,0.19855422262626998,0.2593346179780094,0.0048393561026559865,0.005989613505920852,2.5474733613645,2.5563844575642607,2.558928931165008,2.5634158273559455,500,0.0034980134963952885,0.001753427434537892
fig2,gbm_merton_vanilla_call,0.5,0.08,256,t-Test CRN,0.116,0.1955399477732288,0.2562848604019531,0.0048393561026559865,0.005989613505920852,2.5474733613645,2.5563844575642607,2.558928931165008,2.5634158273559455,500,0.0034980134963952885,0.001753427434537892
fig2,gbm_merton_vanilla_call,0.5,0.08,512,GradOne,0.086,0.19261103796069334,0.2513728233943676,0.003544784266816244,0.004140217629838564,2.554801171576779,2.556958813023755,2.551976294846332,2.5560596636692314,500,0.000844543783281689,0.0016000810160915983
fig2,gbm_merton_vanilla_call,0.5,0.08,512,GradTwo,0.088,0.19115714273950116,0.2508727612461095,0.003544784266816244,0.004140217629838564,2.554801171576779,2.556958813023755,2.551976294846332,2.5560596636692314,500,0.000844543783281689,0.0016000810160915983
fig2,gbm_merton_vanilla_call,0.5,0.08,512,t-Test CRN,0.088,0.1838894313087971,0.24351424943852723,0.003544784266816244,0.004140217629838564,2.554801171576779,2.556958813023755,2.551976294846332,2.5560596636692314,500,0.000844543783281689,0.0016000810160915983
fig2,gbm_merton_vanilla_call,0.5,0.08,1024,GradOne,0.104,0.20638786756787875,0.2614081728650391,0.002748169471789133,0.003064274219829479,2.540720895588026,2.547049688981648,2.5401191504572522,2.5444103653083934,500,0.0024909439697261616,0.0016893754178297796
fig2,gbm_merton_vanilla_call,0.5,0.08,1024,GradTwo,0.106,0.20764723193501694,0.26093012321069187,0.002748169471789133,0.003064274219829479,2.540720895588026,2.547049688981648,2.5401191504572522,2.5444103653083934,500,0.0024909439697261616,0.0016893754178297796
fig2,gbm_merton_vanilla_call,0.5,0.08,1024,t-Test CRN,0.106,0.1653453916816114,0.23555408869108843,0.002748169471789133,0.003064274219829479,2.540720895588026,2.547049688981648,2.5401191504572522,2.5444103653083934,500,0.0024909439697261616,0.0016893754178297796
fig2,gbm_merton_vanilla_call,0.5,0.08,2048,GradOne,0.182,0.22563765818959497,0.29923997581394063,0.002104059132876067,0.0024748073860881834,2.5531570233807774,2.55671345457165,2.550392144892955,2.5546467351658624,500,0.0013929543534941641,0.0016682102324644648
fig2,gbm_merton_vanilla_call,0.5,0.08,2048,GradTwo,0.18,0.22230740577815913,0.2987794736631523,0.002104059132876067,0.0024748073860881834,2.5531570233807774,2.55671345457165,2.550392144892955,2.5546467351658624,500,0.0013929543534941641,0.0016682102324644648
fig2,gbm_merton_vanilla_call,0.5,0.08,2048,t-Test CRN,0.18,0.1862790983506824,0.2556341067995526,0.002104059132876067,0.0024748073860881834,2.5531570233807774,2.55671345457165,2.550392144892955,2.5546467351658624,500,0.0013929543534941641,0.0016682102324644648
fig2,gbm_merton_vanilla_call,0.5,0.08,4096,GradOne,0.258,0.28564118006268613,0.34673887451790325,0.001911102643865854,0.002056396150357724,2.5464422529911817,2.55173901064454,2.54939412200164,2.553911565753929,500,0.002080061955905891,0.001771967587633009
fig2,gbm_merton_vanilla_call,0.5,0.08,4096,GradTwo,0.258,0.28445943443324784,0.3477835647981201,0.001911102643865854,0.002056396150357724,2.5464422529911817,2.55173901064454,2.54939412200164,2.553911565753929,500,0.002080061955905891,0.001771967587633009
fig2,gbm_merton_vanilla_call,0.5,0.08,4096,t-Test CRN,0.258,0.17023144462889053,0.23856683371224865,0.001911102643865854,0.002056396150357724,2.5464422529911817,2.55173901064454,2.54939412200164,2.553911565753929,500,0.002080061955905891,0.001771967587633009
fig2,gbm_merton_vanilla_call,0.5,0.08,8192,GradOne,0.414,0.4107322408443411,0.45662771638689403,0.0018087022987614255,0.0019261067731884346,2.5504136234972,2.5553290828896236,2.550512183099158,2.5550876218407086,500,0.0019273185130196419,0.001793929380878695
fig2,gbm_merton_vanilla_call,0.5,0.08,8192,GradTwo,0.42,0.41521440355191397,0.4569196135452436,0.0018087022987614255,0.0019261067731884346,2.5504136234972,2.5553290828896236,2.550512183099158,2.5550876218407086,500,0.0019273185130196419,0.001793929380878695
fig2,gbm_merton_vanilla_call,0.5,0.08,8192,t-Test CRN,0.42,0.18837021186542408,0.2686420416926914,0.0018087022987614255,0.0019261067731884346,2.5504136234972,2.5553290828896236,2.550512183099158,2.5550876218407086,500,0.0019273185130196419,0.001793929380878695
fig2,gbm_merton_vanilla_call,0.5,0.08,16384,GradOne,0.64,0.6190658956033994,0.5920582093387583,0.0017440350417323024,0.0017599184467403924,2.5517517804775878,2.5557083302841965,2.5504781274523625,2.5549310658488684,500,0.0015505229924315934,0.0017459229893313907
fig2,gbm_merton_vanilla_call,0.5,0.08,16384,GradTwo,0.64,0.6257868065709817,0.5925279613644083,0.0017440350417323024,0.0017599184467403924,2.5517517804775878,2.5557083302841965,2.5504781274523625,2.5549310658488684,500,0.0015505229924315934,0.0017459229893313907
fig2,gbm_merton_vanilla_call,0.5,0.08,16384,t-Test CRN,0.64,0.18198965324428196,0.2527535278190182,0.0017440350417323024,0.0017599184467403924,2.5517517804775878,2.5557083302841965,2.5504781274523625,2.5549310658488684,500,0.0015505229924315934,0.0017459229893313907
fig2,gbm_merton_vanilla_call,0.5,0.7,64,GradOne,0.066,0.20225633576659102,0.24202423050737176,0.00822311519209509,0.0105753663400979,17.863982529776507,17.85951227359124,20.511776043800058,20.52789497550853,500,0.0002502384996076242,0.0007858379339776782
fig2,gbm_merton_vanilla_call,0.5,0.7,64,GradTwo,0.066,0.20314614982644796,0.24140934728782154,0.00822311519209509,0.0105753663400979,17.863982529776507,17.85951227359124,20.511776043800058,20.52789497550853,500,0.0002502384996076242,0.0007858379339776782
fig2,gbm_merton_vanilla_call,0.5,0.7,64,t-Test CRN,0.066,0.20618568479658073,0.250645853270946,0.00822311519209509,0.0105753663400979,17.863982529776507,17.85951227359124,20.511776043800058,20.52789497550853,500,0.0002502384996076242,0.0007858379339776782
fig2,gbm_merton_vanilla_call,0.5,0.7,128,GradOne,0.08,0.21137420618992664,0.2540326593980287,0.006013475927064003,0.00798628548337633,19.53874288069551,19.60785755107223,20.329536248883738,20.333884385645934,500,0.0035373140840604593,0.00021388273244232143
fig2,gbm_merton_vanilla_call,0.5,0.7,128,GradTwo,0.08,0.2116807649341337,0.25420733663579426,0.006013475927064003,0.00798628548337633,19.53874288069551,19.60785755107223,20.329536248883738,20.333884385645934,500,0.0035373140840604593,0.00021388273244232143
fig2,gbm_merton_vanilla_call,0.5,0.7,128,t-Test CRN,0.08,0.21981005364970635,0.26789921048124143,0.006013475927064003,0.00798628548337633,19.53874288069551,19.60785755107223,20.329536248883738,20.333884385645934,500,0.0035373140840604593,0.00021388273244232143
fig2,gbm_merton_vanilla_call,0.5,0.7,256,GradOne,0.09,0.2104001751829175,0.2553188071824033,0.005103286815112814,0.006301081072737632,19.680998904803207,19.629692820951053,20.599862821165647,20.59425604139906,500,0.0026068841373510037,0.00027217558753967765
fig2,gbm_merton_vanilla_call,0.5,0.7,256,GradTwo,0.094,0.20900309391029823,0.2556181178904395,0.005103286815112814,0.006301081072737632,19.680998904803207,19.629692820951053,20.599862821165647,20.59425604139906,500,0.0026068841373510037,0.00027217558753967765
fig2,gbm_merton_vanilla_call,0.5,0.7,256,t-Test CRN,0.092,0.21371932739314786,0.277358835175452,0.005103286815112814,0.006301081072737632,19.680998904803207,19.629692820951053,20.599862821165647,20.59425604139906,500,0.0026068841373510037,0.00027217558753967765
fig2,gbm_merton_vanilla_call,0.5,0.7,512,GradOne,0.084,0.20218048167212735,0.25178291386007234,0.0036377686062721466,0.004751705002709537,20.672072588278986,20.61849826488141,20.954176821988234,20.961349149777256,500,0.002591628060940199,0.00034228630644631984
fig2,gbm_merton_vanilla_call,0.5,0.7,512,GradTwo,0.082,0.20256137169659771,0.2516508815855424,0.0036377686062721466,0.004751705002709537,20.672072588278986,20.61849826488141,20.954176821988234,20.961349149777256,500,0.002591628060940199,0.00034228630644631984
fig2,gbm_merton_vanilla_call,0.5,0.7,512,t-Test CRN,0.082,0.20863362930422327,0.27630707477022837,0.0036377686062721466,0.004751705002709537,20.672072588278986,20.61849826488141,20.954176821988234,20.961349149777256,500,0.002591628060940199,0.00034228630644631984
fig2,gbm_merton_vanilla_call,0.5,0.7,1024,GradOne,0.108,0.18652858232272285,0.2510353770730828,0.002531587569160632,0.0033635531941935393,20.23974968772663,20.253011963278958,20.560234754541277,20.562206091243635,500,0.0006552588721179122,9.588104055681054e-05
fig2,gbm_merton_vanilla_call,0.5,0.7,1024,GradTwo,0.11,0.1840743504084149,0.2511083721846831,0.002531587569160632,0.0033635531941935393,20.23974968772663,20.253011963278958,20.560234754541277,20.562206091243635,500,0.0006552588721179122,9.588104055681054e-05
fig2,gbm_merton_vanilla_call,0.5,0.7,1024,t-Test CRN,0.11,0.20609988118112033,0.28438636503366205,0.002531587569160632,0.0033635531941935393,20.23974968772663,20.253011963278958,20.560234754541277,20.562206091243635,500,0.0006552588721179122,9.588104055681054e-05
fig2,gbm_merton_vanilla_call,0.5,0.7,2048,GradOne,0.08,0.1938753867952619,0.2471245761838015,0.0020326132805762497,0.002450133385453102,20.325924847169436,20.328234602048244,20.510382572783296,20.51018865347842,500,0.00011363590568083516,9.454689798635198e-06
fig2,gbm_merton_vanilla_call,0.5,0.7,2048,GradTwo,0.082,0.19452923572983508,0.2475428884426381,0.0020326132805762497,0.002450133385453102,20.325924847169436,20.328234602048244,20.510382572783296,20.51018865347842,500,0.00011363590568083516,9.454689798635198e-06
fig2,gbm_merton_vanilla_call,0.5,0.7,2048,t-Test CRN,0.082,0.2434312729686608,0.31615823001102544,0.0020326132805762497,0.002450133385453102,20.325924847169436,20.328234602048244,20.510382572783296,20.51018865347842,500,0.00011363590568083516,9.454689798635198e-06
fig2,gbm_merton_vanilla_call,0.5,0.7,4096,GradOne,0.102,0.18969713360039792,0.24602099220367168,0.0015123588629982838,0.0017176607583447119,20.559147507077085,20.567554259548125,20.67751003183611,20.68078251319564,500,0.0004089056935918821,0.0001582628350556895
fig2,gbm_merton_vanilla_call,0.5,0.7,4096,GradTwo,0.1,0.18997905122732725,0.24540485561759087,0.0015123588629982838,0.0017176607583447119,20.559147507077085,20.567554259548125,20.67751003183611,20.68078251319564,500,0.0004089056935918821,0.0001582628350556895
fig2,gbm_merton_vanilla_call,0.5,0.7,4096,t-Test CRN,0.1,0.23799231734076884,0.32988157216921615,0.0015123588629982838,0.0017176607583447119,20.559147507077085,20.567554259548125,20.67751003183611,20.68078251319564,500,0.0004089056935918821,0.0001582628350556895
fig2,gbm_merton_vanilla_call,0.5,0.7,8192,GradOne,0.084,0.17851631453212646,0.24017925091910067,0.0010336442016407655,0.0012332863372759592,20.49668880987469,20.500084187767946,20.575327500816744,20.578509140378596,500,0.00016565494674534073,0.00015463372632711325
fig2,gbm_merton_vanilla_call,0.5,0.7,8192,GradTwo,0.08,0.1791614464207598,0.23968204246767622,0.0010336442016407655,0.0012332863372759592,20.49668880987469,20.500084187767946,20.575327500816744,20.578509140378596,500,0.00016565494674534073,0.00015463372632711325
fig2,gbm_merton_vanilla_call,0.5,0.7,8192,t-Test CRN,0.08,0.36773938484144675,0.41978870757330905,0.0010336442016407655,0.0012332863372759592,20.49668880987469,20.500084187767946,20.575327500816744,20.578509140378596,500,0.00016565494674534073,0.00015463372632711325
fig2,gbm_merton_vanilla_call,0.5,0.7,16384,GradOne,0.124,0.18365615603768515,0.25177984110512275,0.0007245166300619989,0.0009030089909839307,20.6376672317112,20.650116007431556,20.669837449619443,20.67469774230958,500,0.000603206533983949,0.00023513937649400702
fig2,gbm_merton_vanilla_call,0.5,0.7,16384,GradTwo,0.122,0.1818336275287184,0.25152467636739695,0.0007245166300619989,0.0009030089909839307,20.6376672317112,20.650116007431556,20.669837449619443,20.67469774230958,500,0.000603206533983949,0.00023513937649400702
fig2,gbm_merton_vanilla_call,0.5,0.7,16384,t-Test CRN,0.124,0.5155322018846937,0.5282772432989523,0.0007245166300619989,0.0009030089909839307,20.6376672317112,20.650116007431556,20.669837449619443,20.67469774230958,500,0.000603206533983949,0.00023513937649400702
fig2,vasicek_mrjd_asian_call_4,0.33,0.01,64,GradOne,0.8033333333333333,0.9999999347349823,0.8338482187376833,0.002572465516755559,0.004577923454469246,1.0804584946556803,1.080615231082354,1.081880498815484,1.0832974448423824,300,0.00014506473635864716,0.0013097065974013087
fig2,vasicek_mrjd_asian_call_4,0.33,0.01,64,GradTwo,0.8033333333333333,0.9999999347349823,0.8336123754783084,0.002572465516755559,0.004577923454469246,1.0804584946556803,1.080615231082354,1.081880498815484,1.0832974448423824,300,0.00014506473635864716,0.0013097065974013087
fig2,vasicek_mrjd_asian_call_4,0.33,0.01,64,t-Test CRN,0.8033333333333333,0.29849396867608946,0.3831509852450777,0.002572465516755559,0.004577923454469246,1.0804584946556803,1.080615231082354,1.081880498815484,1.0832974448423824,300,0.00014506473635864716,0.0013097065974013087
fig2,vasicek_mrjd_asian_call_4,0.33,0.01,128,GradOne,0.67,0.9998939118026562,0.6949275757644832,0.002680510748380117,0.004225197747202037,1.089800394354884,1.0901319873285304,1.0844384205000148,1.085262052246077,294,0.00030426945646572055,0.0007595007060727212
fig2,vasicek_mrjd_asian_call_4,0.33,0.01,128,GradTwo,0.67,0.9998939118026564,0.6947553293756713,0.002680510748380117,0.004225197747202037,1.089800394354884,1.0901319873285304,1.0844384205000148,1.085262052246077,294,0.00030426945646572055,0.0007595007060727212
fig2,vasicek_mrjd_asian_call_4,0.33,0.01,128,t-Test CRN,0.67,0.31519776620716244,0.4180944160415528,0.002680510748380117,0.004225197747202037,1.089800394354884,1.0901319873285304,1.0844384205000148,1.085262052246077,300,0.00030426945646572055,0.0007595007060727212
fig2,vasicek_mrjd_asian_call_4,0.33,0.01,256,GradOne,0.61,0.6069556351002016,0.5927403202589525,0.002541530406525653,0.0032538968111598702,1.087784952576751,1.090042731702097,1.090493548119933,1.0927310859235295,266,0.0020755748826989688,0.00205185790182273
fig2,vasicek_mrjd_asian_call_4,0.33,0.01,256,GradTwo,0.6033333333333334,0.6065257833390864,0.5908957219748566,0.002541530406525653,0.0032538968111598702,1.087784952576751,1.090042731702097,1.090493548119933,1.0927310859235295,267,0.0020755748826989688,0.00205185790182273
fig2,vasicek_mrjd_asian_call_4,0.33,0.01,256,t-Test CRN,0.6033333333333334,0.3212091077504804,0.38998582971261814,0.002541530406525653,0.0032538968111598702,1.087784952576751,1.090042731702097,1.090493548119933,1.0927310859235295,300,0.0020755748826989688,0.00205185790182273
fig2,vasicek_mrjd_asian_call_4,0.33,0.01,512,GradOne,0.4533333333333333,0.3014329081158784,0.48108357220199033,0.0024416785202070923,0.002568523308546404,1.0869912009896017,1.088074818808813,1.083487431722549,1.0846532743630974,278,0.0009968965877780432,0.0010760093808333821
fig2,vasicek_mrjd_asian_call_4,0.33,0.01,512,GradTwo,0.4533333333333333,0.2988937470581633,0.4831381243229533,0.0024416785202070923,0.002568523308546404,1.0869912009896017,1.088074818808813,1.083487431722549,1.0846532743630974,279,0.0009968965877780432,0.0010760093808333821
fig2,vasicek_mrjd_asian_call_4,0.33,0.01,512,t-Test CRN,0.4533333333333333,0.2477786189190404,0.36238374136965384,0.0024416785202070923,0.002568523308546404,1.0869912009896017,1.088074818808813,1.083487431722549,1.0846532743630974,300,0.0009968965877780432,0.0010760093808333821
fig2,vasicek_mrjd_asian_call_4,0.33,0.01,1024,GradOne,0.5033333333333333,0.5071598854412838,0.5223333432770335,0.0021359072865834786,0.0022897428592099592,1.0835554663622173,1.0855890141656603,1.0862864865272426,1.0879805780520277,299,0.001876736232313203,0.0015595255448689438
fig2,vasicek_mrjd_asian_call_4,0.33,0.01,1024,GradTwo,0.5033333333333333,0.49291261707124456,0.5200884391690264,0.0021359072865834786,0.0022897428592099592,1.0835554663622173,1.0855890141656603,1.0862864865272426,1.0879805780520277,298,0.001876736232313203,0.0015595255448689438
fig2,vasicek_mrjd_asian_call_4,0.33,0.01,1024,t-Test CRN,0.5033333333333333,0.24424254183958993,0.3058893203094419,0.0021359072865834786,0.0022897428592099592,1.0835554663622173,1.0855890141656603,1.0862864865272426,1.0879805780520277,300,0.001876736232313203,0.0015595255448689438
fig2,vasicek_mrjd_asian_call_4,0.33,0.01,2048,GradOne,0.38666666666666666,0.3151152970666884,0.45461670405098875,0.0015359670921131687,0.001606533430121796,1.0870115552831012,1.0884451737469893,1.0861036216184201,1.0874490893861812,300,0.0013188622116484755,0.0012388023950755443
fig2,vasicek_mrjd_asian_call_4,0.33,0.01,2048,GradTwo,0.39,0.31327719264185194,0.4553498021058912,0.0015359670921131687,0.001606533430121796,1.0870115552831012,1.0884451737469893,1.0861036216184201,1.0874490893861812,300,0.0013188622116484755,0.0012388023950755443
fig2,vasicek_mrjd_asian_call_4,0.33,0.01,2048,t-Test CRN,0.39,0.21322859486030987,0.2615852888007368,0.0015359670921131687,0.001606533430121796,1.0870115552831012,1.0884451737469893,1.0861036216184201,1.0874490893861812,300,0.0013188622116484755,0.0012388023950755443
fig2,vasicek_mrjd_asian_call_4,0.33,0.01,4096,GradOne,0.46,0.4434291709446566,0.5020730915084974,0.0014048609393028265,0.0014469141030129431,1.0833850686026996,1.0850077831484608,1.0837375317433668,1.085187202711909,300,0.001497818820647161,0.001337658728317791
fig2,vasicek_mrjd_asian_call_4,0.33,0.01,4096,GradTwo,0.46,0.4432037212602874,0.5017328884899374,0.0014048609393028265,0.0014469141030129431,1.0833850686026996,1.0850077831484608,1.0837375317433668,1.085187202711909,300,0.001497818820647161,0.001337658728317791
fig2,vasicek_mrjd_asian_call_4,0.33,0.01,4096,t-Test CRN,0.46,0.2136483219419055,0.2722839685801473,0.0014048609393028265,0.0014469141030129431,1.0833850686026996,1.0850077831484608,1.0837375317433668,1.085187202711909,300,0.001497818820647161,0.001337658728317791
fig2,vasicek_mrjd_asian_call_4,0.33,0.01,8192,GradOne,0.56,0.5814970535949704,0.5785494903963563,0.001319138964733734,0.001350484324995716,1.0866147749125399,1.0881751940454754,1.0854469488629668,1.0868897572780927,300,0.001436037102533482,0.0013292297856079232
fig2,vasicek_mrjd_asian_call_4,0.33,0.01,8192,GradTwo,0.5566666666666666,0.5786934807691979,0.5782162632105842,0.001319138964733734,0.001350484324995716,1.0866147749125399,1.0881751940454754,1.0854469488629668,1.0868897572780927,300,0.001436037102533482,0.0013292297856079232
fig2,vasicek_mrjd_asian_call_4,0.33,0.01,8192,t-Test CRN,0.5566666666666666,0.2799072327101313,0.3193718517767128,0.001319138964733734,0.001350484324995716,1.0866147749125399,1.0881751940454754,1.0854469488629668,1.0868897572780927,300,0.001436037102533482,0.0013292297856079232
fig2,vasicek_mrjd_asian_call_4,0.33,0.01,16384,GradOne,0.78,0.8374068256495146,0.7396260192926539,0.0013442954945238894,0.001322350604431636,1.0845469964529315,1.086049304569019,1.0851352694391145,1.086568944621937,300,0.0013851941142253895,0.0013211948991056176
fig2,vasicek_mrjd_asian_call_4,0.33,0.01,16384,GradTwo,0.7733333333333333,0.8369606202547613,0.7393062956948687,0.0013442954945238894,0.001322350604431636,1.0845469964529315,1.086049304569019,1.0851352694391145,1.086568944621937,300,0.0013851941142253895,0.0013211948991056176
fig2,vasicek_mrjd_asian_call_4,0.33,0.01,16384,t-Test CRN,0.7733333333333333,0.3659555904585431,0.3981793356091641,0.0013442954945238894,0.001322350604431636,1.0845469964529315,1.086049304569019,1.0851352694391145,1.086568944621937,300,0.0013851941142253895,0.0013211948991056176
fig2,vasicek_mrjd_asian_call_4,0.33,0.08,64,GradOne,0.49,0.47167955499453285,0.5341292179328567,0.018942024828406574,0.019950846676737514,1.0946767230092789,1.105177083564592,1.0943577080311329,1.104784921094826,300,0.009592202277259997,0.0095281579205512
fig2,vasicek_mrjd_asian_call_4,0.33,0.08,64,GradTwo,0.4866666666666667,0.471679554994527,0.5327688829876113,0.018942024828406574,0.019950846676737514,1.0946767230092789,1.105177083564592,1.0943577080311329,1.104784921094826,300,0.009592202277259997,0.0095281579205512
fig2,vasicek_mrjd_asian_call_4,0.33,0.08,64,t-Test CRN,0.4866666666666667,0.394806643496263,0.5154643849712602,0.018942024828406574,0.019950846676737514,1.0946767230092789,1.105177083564592,1.0943577080311329,1.104784921094826,300,0.009592202277259997,0.0095281579205512
fig2,vasicek_mrjd_asian_call_4,0.33,0.08,128,GradOne,0.38333333333333336,0.2748558865200443,0.45347086925537394,0.01504540664952464,0.016756104373639173,1.0804358341566305,1.0929481380217276,1.0849871505907422,1.0954187252627043,299,0.011580793111017139,0.00961446839834225
fig2,vasicek_mrjd_asian_call_4,0.33,0.08,128,GradTwo,0.38,0.27411285947964276,0.45122964349404265,0.01504540664952464,0.016756104373639173,1.0804358341566305,1.0929481380217276,1.0849871505907422,1.0954187252627043,299,0.011580793111017139,0.00961446839834225
fig2,vasicek_mrjd_asian_call_4,0.33,0.08,128,t-Test CRN,0.38,0.24471127006776422,0.4302837899115567,0.01504540664952464,0.016756104373639173,1.0804358341566305,1.0929481380217276,1.0849871505907422,1.0954187252627043,300,0.011580793111017139,0.00961446839834225
fig2,vasicek_mrjd_asian_call_4,0.33,0.08,256,GradOne,0.39666666666666667,0.3436407326908413,0.46044659494031465,0.012924212748907562,0.01296517962444898,1.0913128950995628,1.1003456164990966,1.0911102195100013,1.1021462259091177,300,0.008276930878480769,0.010114474414942674
fig2,vasicek_mrjd_asian_call_4,0.33,0.08,256,GradTwo,0.4,0.3407663408845967,0.4573912374414483,0.012924212748907562,0.01296517962444898,1.0913128950995628,1.1003456164990966,1.0911102195100013,1.1021462259091177,300,0.008276930878480769,0.010114474414942674
fig2,vasicek_mrjd_asian_call_4,0.33,0.08,256,t-Test CRN,0.4,0.29606519723207014,0.41985686568039216,0.012924212748907562,0.01296517962444898,1.0913128950995628,1.1003456164990966,1.0911102195100013,1.1021462259091177,300,0.008276930878480769,0.010114474414942674
fig2,vasicek_mrjd_asian_call_4,0.33,0.08,512,GradOne,0.46,0.4341126834711638,0.4927141837462286,0.010810266524938595,0.011471146365440282,1.0840728873912295,1.0931737390650058,1.0828594132308966,1.0942949811879366,300,0.008395055147700493,0.010560528742064448
fig2,vasicek_mrjd_asian_call_4,0.33,0.08,512,GradTwo,0.4533333333333333,0.4299211611078033,0.4922881402243894,0.010810266524938595,0.011471146365440282,1.0840728873912295,1.0931737390650058,1.0828594132308966,1.0942949811879366,300,0.008395055147700493,0.010560528742064448
fig2,vasicek_mrjd_asian_call_4,0.33,0.08,512,t-Test CRN,0.4533333333333333,0.3406605732926685,0.44055998249317857,0.010810266524938595,0.011471146365440282,1.0840728873912295,1.0931737390650058,1.0828594132308966,1.0942949811879366,300,0.008395055147700493,0.010560528742064448
fig2,vasicek_mrjd_asian_call_4,0.33,0.08,1024,GradOne,0.5766666666666667,0.6016145135184793,0.5865318407265382,0.010422056329975556,0.010829457970301415,1.0780243255740092,1.089617502978012,1.0813829118061158,1.0926971040470295,300,0.010754096293541276,0.010462706703971139
fig2,vasicek_mrjd_asian_call_4,0.33,0.08,1024,GradTwo,0.57,0.5911103658266286,0.5838729483230396,0.010422056329975556,0.010829457970301415,1.0780243255740092,1.089617502978012,1.0813829118061158,1.0926971040470295,300,0.010754096293541276,0.010462706703971139
fig2,vasicek_mrjd_asian_call_4,0.33,0.08,1024,t-Test CRN,0.5666666666666667,0.4514387474528676,0.5095673680890211,0.010422056329975556,0.010829457970301415,1.0780243255740092,1.089617502978012,1.0813829118061158,1.0926971040470295,300,0.010754096293541276,0.010462706703971139
fig2,vasicek_mrjd_asian_call_4,0.33,0.08,2048,GradOne,0.8,0.8515896555054161,0.7497031185142976,0.01105802996752495,0.010940133214853896,1.086189030065423,1.0979608064504123,1.0862009267125186,1.097970689666235,300,0.01083768668173748,0.010835714336332371
fig2,vasicek_mrjd_asian_call_4,0.33,0.08,2048,GradTwo,0.8,0.8493414518071752,0.7505271366458637,0.01105802996752495,0.010940133214853896,1.086189030065423,1.0979608064504123,1.0862009267125186,1.097970689666235,300,0.01083768668173748,0.010835714336332371
fig2,vasicek_mrjd_asian_call_4,0.33,0.08,2048,t-Test CRN,0.8,0.7077177741038625,0.654720728629656,0.01105802996752495,0.010940133214853896,1.086189030065423,1.0979608064504123,1.0862009267125186,1.097970689666235,300,0.01083768668173748,0.010835714336332371
fig2,vasicek_mrjd_asian_call_4,0.33,0.08,4096,GradOne,0.9466666666666667,0.9765801249623665,0.8925020851105194,0.010466247979104181,0.010456458511640275,1.0848073433150383,1.0963100834548203,1.085522724173109,1.0968706525494534,300,0.010603486610471374,0.010453883759079005
fig2,vasicek_mrjd_asian_call_4,0.33,0.08,4096,GradTwo,0.9466666666666667,0.9751620502374898,0.8927834579713353,0.010466247979104181,0.010456458511640275,1.0848073433150383,1.0963100834548203,1.085522724173109,1.0968706525494534,300,0.010603486610471374,0.010453883759079005
fig2,vasicek_mrjd_asian_call_4,0.33,0.08,4096,t-Test CRN,0.9466666666666667,0.8936528852117473,0.7984548064820882,0.010466247979104181,0.010456458511640275,1.0848073433150383,1.0963100834548203,1.085522724173109,1.0968706525494534,300,0.010603486610471374,0.010453883759079005
fig2,vasicek_mrjd_asian_call_4,0.33,0.08,8192,GradOne,1.0,0.999823634837407,0.9904889842536561,0.010815456618414373,0.010789947030356515,1.0844943085414416,1.096881848713085,1.0844143468349001,1.0961118332205668,300,0.011422411417081198,0.01078691592361201
fig2,vasicek_mrjd_asian_call_4,0.33,0.08,8192,GradTwo,1.0,0.9998171201494328,0.9908789296584707,0.010815456618414373,0.010789947030356515,1.0844943085414416,1.096881848713085,1.0844143468349001,1.0961118332205668,299,0.011422411417081198,0.01078691592361201
fig2,vasicek_mrjd_asian_call_4,0.33,0.08,8192,t-Test CRN,1.0,0.9954644566318014,0.9615133057443933,0.010815456618414373,0.010789947030356515,1.0844943085414416,1.096881848713085,1.0844143468349001,1.0961118332205668,300,0.011422411417081198,0.01078691592361201
fig2,vasicek_mrjd_asian_call_4,0.33,0.08,16384,GradOne,1.0,0.9999999921486307,0.9998120142843834,0.01068680769696482,0.010564634734334092,1.0842651264312329,1.0952400652437055,1.0840172852911696,1.0954672727898762,299,0.010122006642965429,0.010562550665998958
fig2,vasicek_mrjd_asian_call_4,0.33,0.08,16384,GradTwo,1.0,0.9999999921670277,0.999817308236623,0.01068680769696482,0.010564634734334092,1.0842651264312329,1.0952400652437055,1.0840172852911696,1.0954672727898762,298,0.010122006642965429,0.010562550665998958
fig2,vasicek_mrjd_asian_call_4,0.33,0.08,16384,t-Test CRN,1.0,0.9999910913875671,0.9964811765583259,0.01068680769696482,0.010564634734334092,1.0842651264312329,1.0952400652437055,1.0840172852911696,1.0954672727898762,300,0.010122006642965429,0.010562550665998958
fig2,vasicek_mrjd_asian_call_4,0.33,0.7,64,GradOne,0.47333333333333333,0.4403485399898555,0.5139660018253746,0.10095904358457015,0.10593048787470748,1.0812707852074754,1.191474560796936,1.0871532901734196,1.1936250921971976,300,0.10192060776738221,0.0979363287460538
fig2,vasicek_mrjd_asian_call_4,0.33,0.7,64,GradTwo,0.44333333333333336,0.42206523582206257,0.4989108906381149,0.10095904358457015,0.10593048787470748,1.0812707852074754,1.191474560796936,1.0871532901734196,1.1936250921971976,300,0.10192060776738221,0.0979363287460538
fig2,vasicek_mrjd_asian_call_4,0.33,0.7,64,t-Test CRN,0.4533333333333333,0.4087659349175985,0.4943448899185922,0.10095904358457015,0.10593048787470748,1.0812707852074754,1.191474560796936,1.0871532901734196,1.1936250921971976,300,0.10192060776738221,0.0979363287460538
fig2,vasicek_mrjd_asian_call_4,0.33,0.7,128,GradOne,0.6033333333333334,0.6300327749891663,0.6047060512551108,0.0931952508717624,0.095446655485607,1.0958557348346107,1.1963971426846949,1.1051664701600707,1.2071235802684956,300,0.09174693771644869,0.0922549795540373
fig2,vasicek_mrjd_asian_call_4,0.33,0.7,128,GradTwo,0.6033333333333334,0.6337728186253466,0.6019193502349657,0.0931952508717624,0.095446655485607,1.0958557348346107,1.1963971426846949,1.1051664701600707,1.2071235802684956,300,0.09174693771644869,0.0922549795540373
fig2,vasicek_mrjd_asian_call_4,0.33,0.7,128,t-Test CRN,0.6,0.6111338946504564,0.5903823246201307,0.0931952508717624,0.095446655485607,1.0958557348346107,1.1963971426846949,1.1051664701600707,1.2071235802684956,300,0.09174693771644869,0.0922549795540373
fig2,vasicek_mrjd_asian_call_4,0.33,0.7,256,GradOne,0.7766666666666666,0.8739478999839854,0.7521139849390273,0.09385397201545191,0.09380321408492405,1.0781509367525985,1.1748507040437632,1.0770882257127328,1.1767134524316045,300,0.0896903800709253,0.09249495476839659
fig2,vasicek_mrjd_asian_call_4,0.33,0.7,256,GradTwo,0.7866666666666666,0.8498829193449415,0.7391806468078939,0.09385397201545191,0.09380321408492405,1.0781509367525985,1.1748507040437632,1.0770882257127328,1.1767134524316045,300,0.0896903800709253,0.09249495476839659
fig2,vasicek_mrjd_asian_call_4,0.33,0.7,256,t-Test CRN,0.79,0.8343921564510014,0.7293604414101654,0.09385397201545191,0.09380321408492405,1.0781509367525985,1.1748507040437632,1.0770882257127328,1.1767134524316045,300,0.0896903800709253,0.09249495476839659
fig2,vasicek_mrjd_asian_call_4,0.33,0.7,512,GradOne,0.9566666666666667,0.9816979665308109,0.9076691303160169,0.09163190005440411,0.09169793535895866,1.0912016616729003,1.1883693768953982,1.0906671612833436,1.1900315106415218,300,0.0890465242451445,0.09110419098092234
fig2,vasicek_mrjd_asian_call_4,0.33,0.7,512,GradTwo,0.9533333333333334,0.9809652502559156,0.9059279028445885,0.09163190005440411,0.09169793535895866,1.0912016616729003,1.1883693768953982,1.0906671612833436,1.1900315106415218,300,0.0890465242451445,0.09110419098092234
fig2,vasicek_mrjd_asian_call_4,0.33,0.7,512,t-Test CRN,0.9533333333333334,0.9779631192431183,0.8972877184502308,0.09163190005440411,0.09169793535895866,1.0912016616729003,1.1883693768953982,1.0906671612833436,1.1900315106415218,300,0.0890465242451445,0.09110419098092234
fig2,vasicek_mrjd_asian_call_4,0.33,0.7,1024,GradOne,1.0,0.9998311765433829,0.9876718142101906,0.09389684816824817,0.09353546347951927,1.0826577025332136,1.183518437324578,1.0836781379042002,1.1847874626538812,300,0.09316031701928448,0.09330198812095936
fig2,vasicek_mrjd_asian_call_4,0.33,0.7,1024,GradTwo,1.0,0.9998286344369587,0.9872658749588135,0.09389684816824817,0.09353546347951927,1.0826577025332136,1.183518437324578,1.0836781379042002,1.1847874626538812,300,0.09316031701928448,0.09330198812095936
fig2,vasicek_mrjd_asian_call_4,0.33,0.7,1024,t-Test CRN,1.0,0.9997124248101807,0.9854547371048687,0.09389684816824817,0.09353546347951927,1.0826577025332136,1.183518437324578,1.0836781379042002,1.1847874626538812,300,0.09316031701928448,0.09330198812095936
fig2,vasicek_mrjd_asian_call_4,0.33,0.7,2048,GradOne,1.0,0.9999999862396621,0.9999371610024085,0.09107594566186536,0.09210118954377758,1.086628493749671,1.1872688347961957,1.0869374676684054,1.1869112240251205,295,0.09261706427303514,0.0919774681897472
fig2,vasicek_mrjd_asian_call_4,0.33,0.7,2048,GradTwo,1.0,0.9999999845316907,0.9999341545501762,0.09107594566186536,0.09210118954377758,1.086628493749671,1.1872688347961957,1.0869374676684054,1.1869112240251205,297,0.09261706427303514,0.0919774681897472
fig2,vasicek_mrjd_asian_call_4,0.33,0.7,2048,t-Test CRN,1.0,0.9999999628192338,0.9999020254704755,0.09107594566186536,0.09210118954377758,1.086628493749671,1.1872688347961957,1.0869374676684054,1.1869112240251205,298,0.09261706427303514,0.0919774681897472
fig2,vasicek_mrjd_asian_call_4,0.33,0.7,4096,GradOne,1.0,1.0,0.9999999996581153,0.09247113477935513,0.09223824351628802,1.0868872094022435,1.1859504066686046,1.0870267013648887,1.1872172970520514,190,0.09114395349342923,0.09216939709149899
fig2,vasicek_mrjd_asian_call_4,0.33,0.7,4096,GradTwo,1.0,0.9999999999999999,0.9999999997857656,0.09247113477935513,0.09223824351628802,1.0868872094022435,1.1859504066686046,1.0870267013648887,1.1872172970520514,199,0.09114395349342923,0.09216939709149899
fig2,vasicek_mrjd_asian_call_4,0.33,0.7,4096,t-Test CRN,1.0,0.9999999999999996,0.9999999995210008,0.09247113477935513,0.09223824351628802,1.0868872094022435,1.1859504066686046,1.0870267013648887,1.1872172970520514,210,0.09114395349342923,0.09216939709149899
fig2,vasicek_mrjd_asian_call_4,0.33,0.7,8192,GradOne,1.0,1.0,1.0,0.09290610564028559,0.09258028181300092,1.0825692029849512,1.1830714562851838,1.082316714490267,1.182474454772679,133,0.09283679327207846,0.09254013999920795
fig2,vasicek_mrjd_asian_call_4,0.33,0.7,8192,GradTwo,1.0,1.0,1.0,0.09290610564028559,0.09258028181300092,1.0825692029849512,1.1830714562851838,1.082316714490267,1.182474454772679,163,0.09283679327207846,0.09254013999920795
fig2,vasicek_mrjd_asian_call_4,0.33,0.7,8192,t-Test CRN,1.0,1.0,1.0,0.09290610564028559,0.09258028181300092,1.0825692029849512,1.1830714562851838,1.082316714490267,1.182474454772679,163,0.09283679327207846,0.09254013999920795
fig2,vasicek_mrjd_asian_call_4,0.33,0.7,16384,GradOne,1.0,1.0,1.0,0.09206644436923336,0.0920405893968251,1.0851408638774165,1.1842142796865924,1.0846703178826949,1.1844923045072955,97,0.09130005062676161,0.0920297946563669
fig2,vasicek_mrjd_asian_call_4,0.33,0.7,16384,GradTwo,1.0,1.0,1.0,0.09206644436923336,0.0920405893968251,1.0851408638774165,1.1842142796865924,1.0846703178826949,1.1844923045072955,96,0.09130005062676161,0.0920297946563669
fig2,vasicek_mrjd_asian_call_4,0.33,0.7,16384,t-Test CRN,1.0,1.0,1.0,0.09206644436923336,0.0920405893968251,1.0851408638774165,1.1842142796865924,1.0846703178826949,1.1844923045072955,111,0.09130005062676161,0.0920297946563669
fig2,vasicek_mrjd_asian_put_12,0.33,0.01,64,GradOne,0.77,0.9999999810648307,0.8157259798679767,0.0025316595651028962,0.006959736666730656,1.007746688742693,1.0083957002616666,1.0026387884409997,1.0037303339706756,300,0.0006440224772987431,0.0010886727526002375
fig2,vasicek_mrjd_asian_put_12,0.33,0.01,64,GradTwo,0.77,0.9999999810648307,0.8157376244166715,0.0025316595651028962,0.006959736666730656,1.007746688742693,1.0083957002616666,1.0026387884409997,1.0037303339706756,300,0.0006440224772987431,0.0010886727526002375
fig2,vasicek_mrjd_asian_put_12,0.33,0.01,64,t-Test CRN,0.77,1.0,0.8390250873134328,0.0025316595651028962,0.006959736666730656,1.007746688742693,1.0083957002616666,1.0026387884409997,1.0037303339706756,300,0.0006440224772987431,0.0010886727526002375
fig2,vasicek_mrjd_asian_put_12,0.33,0.01,128,GradOne,0.59,0.9202502374187485,0.6579025349407611,0.002588992975738319,0.0061430795060574556,1.003393144011544,1.0087082229053723,1.0069906052396507,1.008831450543609,300,0.005297105053537388,0.001828066016087737
fig2,vasicek_mrjd_asian_put_12,0.33,0.01,128,GradTwo,0.59,0.9202502374187551,0.6580115474878113,0.002588992975738319,0.0061430795060574556,1.003393144011544,1.0087082229053723,1.0069906052396507,1.008831450543609,300,0.005297105053537388,0.001828066016087737
fig2,vasicek_mrjd_asian_put_12,0.33,0.01,128,t-Test CRN,0.59,0.9998925334042268,0.7033244927302487,0.002588992975738319,0.0061430795060574556,1.003393144011544,1.0087082229053723,1.0069906052396507,1.008831450543609,300,0.005297105053537388,0.001828066016087737
fig2,vasicek_mrjd_asian_put_12,0.33,0.01,256,GradOne,0.47,0.4088925953876441,0.5383810589116357,0.00262252982229513,0.004543608932562318,1.02467684621896,1.0255931675003218,1.020521519639725,1.0216458784150275,300,0.0008942539150202191,0.0011017492073066852
fig2,vasicek_mrjd_asian_put_12,0.33,0.01,256,GradTwo,0.47,0.40889259538764444,0.5385800857181555,0.00262252982229513,0.004543608932562318,1.02467684621896,1.0255931675003218,1.020521519639725,1.0216458784150275,300,0.0008942539150202191,0.0011017492073066852
fig2,vasicek_mrjd_asian_put_12,0.33,0.01,256,t-Test CRN,0.47,0.8127274466190749,0.6136949919494245,0.00262252982229513,0.004543608932562318,1.02467684621896,1.0255931675003218,1.020521519639725,1.0216458784150275,300,0.0008942539150202191,0.0011017492073066852
fig2,vasicek_mrjd_asian_put_12,0.33,0.01,512,GradOne,0.3566666666666667,0.2432218927851123,0.4505011587540658,0.00238391398333031,0.0031958479779473138,1.0192096037983445,1.0196805985099129,1.0170004567434963,1.0175012989993573,300,0.00046211761527082925,0.0004924700402443584
fig2,vasicek_mrjd_asian_put_12,0.33,0.01,512,GradTwo,0.3566666666666667,0.24322189278511283,0.45051256156725844,0.00238391398333031,0.0031958479779473138,1.0192096037983445,1.0196805985099129,1.0170004567434963,1.0175012989993573,300,0.00046211761527082925,0.0004924700402443584
fig2,vasicek_mrjd_asian_put_12,0.33,0.01,512,t-Test CRN,0.3566666666666667,0.37816845021007184,0.5295383755392783,0.00238391398333031,0.0031958479779473138,1.0192096037983445,1.0196805985099129,1.0170004567434963,1.0175012989993573,300,0.00046211761527082925,0.0004924700402443584
fig2,vasicek_mrjd_asian_put_12,0.33,0.01,1024,GradOne,0.18666666666666668,0.23693169208263468,0.3339167027075041,0.002203768996223818,0.003271405323638504,1.0160535750604511,1.0171466643238767,1.0170563526949954,1.018910028724416,300,0.0010758185299043076,0.0018225893034428998
fig2,vasicek_mrjd_asian_put_12,0.33,0.01,1024,GradTwo,0.18666666666666668,0.23656442119500604,0.3339414383850862,0.002203768996223818,0.003271405323638504,1.0160535750604511,1.0171466643238767,1.0170563526949954,1.018910028724416,300,0.0010758185299043076,0.0018225893034428998
fig2,vasicek_mrjd_asian_put_12,0.33,0.01,1024,t-Test CRN,0.18666666666666668,0.2195197843564572,0.4111749942937395,0.002203768996223818,0.003271405323638504,1.0160535750604511,1.0171466643238767,1.0170563526949954,1.018910028724416,300,0.0010758185299043076,0.0018225893034428998
fig2,vasicek_mrjd_asian_put_12,0.33,0.01,2048,GradOne,0.09666666666666666,0.2085000267921757,0.2715494909289493,0.0017096844652475024,0.0021985030845034694,1.018278364670119,1.020384227195974,1.0172406957721327,1.0187239245666708,300,0.0020680617392251073,0.001458090303212128
fig2,vasicek_mrjd_asian_put_12,0.33,0.01,2048,GradTwo,0.09666666666666666,0.20844233553064184,0.27162530137336444,0.0017096844652475024,0.0021985030845034694,1.018278364670119,1.020384227195974,1.0172406957721327,1.0187239245666708,300,0.0020680617392251073,0.001458090303212128
fig2,vasicek_mrjd_asian_put_12,0.33,0.01,2048,t-Test CRN,0.09666666666666666,0.17774153447329266,0.3306524454333974,0.0017096844652475024,0.0021985030845034694,1.018278364670119,1.020384227195974,1.0172406957721327,1.0187239245666708,300,0.0020680617392251073,0.001458090303212128
fig2,vasicek_mrjd_asian_put_12,0.33,0.01,4096,GradOne,0.1,0.19989897008143154,0.26089145397985886,0.0013560923626129758,0.0016759559754064412,1.0172764605233608,1.018091657831066,1.0159146494889857,1.0172484832661608,300,0.0008013527682393011,0.0013129388161161363
fig2,vasicek_mrjd_asian_put_12,0.33,0.01,4096,GradTwo,0.1,0.20044461463395363,0.26090148873132163,0.0013560923626129758,0.0016759559754064412,1.0172764605233608,1.018091657831066,1.0159146494889857,1.0172484832661608,300,0.0008013527682393011,0.0013129388161161363
fig2,vasicek_mrjd_asian_put_12,0.33,0.01,4096,t-Test CRN,0.1,0.19555444870091693,0.32870852912342075,0.0013560923626129758,0.0016759559754064412,1.0172764605233608,1.018091657831066,1.0159146494889857,1.0172484832661608,300,0.0008013527682393011,0.0013129388161161363
fig2,vasicek_mrjd_asian_put_12,0.33,0.01,8192,GradOne,0.12666666666666668,0.24332008880978737,0.28523751713741907,0.0011603556444131045,0.001359206737129038,1.0156181716374157,1.017213478903476,1.0153552186202603,1.0165892143238546,300,0.0015707746381577172,0.0012153339845646593
fig2,vasicek_mrjd_asian_put_12,0.33,0.01,8192,GradTwo,0.12666666666666668,0.24351872356535942,0.2850254795465172,0.0011603556444131045,0.001359206737129038,1.0156181716374157,1.017213478903476,1.0153552186202603,1.0165892143238546,300,0.0015707746381577172,0.0012153339845646593
fig2,vasicek_mrjd_asian_put_12,0.33,0.01,8192,t-Test CRN,0.12666666666666668,0.2191673854844459,0.32472312301846634,0.0011603556444131045,0.001359206737129038,1.0156181716374157,1.017213478903476,1.0153552186202603,1.0165892143238546,300,0.0015707746381577172,0.0012153339845646593
fig2,vasicek_mrjd_asian_put_12,0.33,0.01,16384,GradOne,0.35333333333333333,0.3791829137816377,0.40848282943006464,0.0012600836192825258,0.0013742573646876,1.0154438211790242,1.0169802346860013,1.0152040529881463,1.0165500020360545,300,0.001513046290629025,0.0013257916415389901
fig2,vasicek_mrjd_asian_put_12,0.33,0.01,16384,GradTwo,0.35333333333333333,0.3834188444524902,0.4085348112006492,0.0012600836192825258,0.0013742573646876,1.0154438211790242,1.0169802346860013,1.0152040529881463,1.0165500020360545,300,0.001513046290629025,0.0013257916415389901
fig2,vasicek_mrjd_asian_put_12,0.33,0.01,16384,t-Test CRN,0.35333333333333333,0.24734163817086785,0.34569128541823907,0.0012600836192825258,0.0013742573646876,1.0154438211790242,1.0169802346860013,1.0152040529881463,1.0165500020360545,300,0.001513046290629025,0.0013257916415389901
fig2,vasicek_mrjd_asian_put_12,0.33,0.08,64,GradOne,0.31666666666666665,0.2422387255390596,0.4175165480895035,0.021007275316474772,0.03031751517379447,1.0052880799827455,1.018730062709609,1.0084892220243917,1.018304848860011,300,0.01337127435858405,0.009733001227237621
fig2,vasicek_mrjd_asian_put_12,0.33,0.08,64,GradTwo,0.31666666666666665,0.24230311841000485,0.4189157723489765,0.021007275316474772,0.03031751517379447,1.0052880799827455,1.018730062709609,1.0084892220243917,1.018304848860011,300,0.01337127435858405,0.009733001227237621
fig2,vasicek_mrjd_asian_put_12,0.33,0.08,64,t-Test CRN,0.31666666666666665,0.253253863460666,0.4313316296245205,0.021007275316474772,0.03031751517379447,1.0052880799827455,1.018730062709609,1.0084892220243917,1.018304848860011,300,0.01337127435858405,0.009733001227237621
fig2,vasicek_mrjd_asian_put_12,0.33,0.08,128,GradOne,0.16333333333333333,0.19277207918089995,0.30715403752076714,0.01798609253177674,0.024121043468989488,1.0170432463510202,1.0302464663092061,1.0150357712867075,1.0279822736738784,300,0.012981965128382586,0.012754725255405804
fig2,vasicek_mrjd_asian_put_12,0.33,0.08,128,GradTwo,0.16333333333333333,0.19164903995713212,0.3083403898918544,0.01798609253177674,0.024121043468989488,1.0170432463510202,1.0302464663092061,1.0150357712867075,1.0279822736738784,300,0.012981965128382586,0.012754725255405804
fig2,vasicek_mrjd_asian_put_12,0.33,0.08,128,t-Test CRN,0.16333333333333333,0.19643388881561008,0.31324241767968247,0.01798609253177674,0.024121043468989488,1.0170432463510202,1.0302464663092061,1.0150357712867075,1.0279822736738784,300,0.012981965128382586,0.012754725255405804
fig2,vasicek_mrjd_asian_put_12,0.33,0.08,256,GradOne,0.11333333333333333,0.19006748489858916,0.274132958788755,0.012133566569520577,0.015395017937003846,1.0233560119030998,1.0295475324082182,1.0192197496321096,1.027451187410624,300,0.006050211688896263,0.008076214949215408
fig2,vasicek_mrjd_asian_put_12,0.33,0.08,256,GradTwo,0.12,0.1938650360694445,0.2744725319708527,0.012133566569520577,0.015395017937003846,1.0233560119030998,1.0295475324082182,1.0192197496321096,1.027451187410624,300,0.006050211688896263,0.008076214949215408
fig2,vasicek_mrjd_asian_put_12,0.33,0.08,256,t-Test CRN,0.12,0.1898125726119169,0.2801608683072182,0.012133566569520577,0.015395017937003846,1.0233560119030998,1.0295475324082182,1.0192197496321096,1.027451187410624,300,0.006050211688896263,0.008076214949215408
fig2,vasicek_mrjd_asian_put_12,0.33,0.08,512,GradOne,0.11333333333333333,0.23074766534629318,0.27913482591290006,0.01132521576315778,0.014344562820591496,1.0132868875062713,1.0268662226283727,1.0140140038505228,1.0249727504089048,300,0.013401273903307436,0.010807293111109215
fig2,vasicek_mrjd_asian_put_12,0.33,0.08,512,GradTwo,0.11,0.23647635389960436,0.2773821026202722,0.01132521576315778,0.014344562820591496,1.0132868875062713,1.0268662226283727,1.0140140038505228,1.0249727504089048,300,0.013401273903307436,0.010807293111109215
fig2,vasicek_mrjd_asian_put_12,0.33,0.08,512,t-Test CRN,0.11,0.21410881851008312,0.2698087236294856,0.01132521576315778,0.014344562820591496,1.0132868875062713,1.0268662226283727,1.0140140038505228,1.0249727504089048,300,0.013401273903307436,0.010807293111109215
fig2,vasicek_mrjd_asian_put_12,0.33,0.08,1024,GradOne,0.19,0.27430557315972515,0.3254693607651979,0.011512429516114968,0.0125280654068538,1.0127104479040314,1.022843467538839,1.013663748912062,1.025212647859346,300,0.010005840915119848,0.011393224784529567
fig2,vasicek_mrjd_asian_put_12,0.33,0.08,1024,GradTwo,0.18666666666666668,0.27647205688285537,0.3244408652368478,0.011512429516114968,0.0125280654068538,1.0127104479040314,1.022843467538839,1.013663748912062,1.025212647859346,300,0.010005840915119848,0.011393224784529567
fig2,vasicek_mrjd_asian_put_12,0.33,0.08,1024,t-Test CRN,0.18666666666666668,0.22887732309558745,0.29018975951338266,0.011512429516114968,0.0125280654068538,1.0127104479040314,1.022843467538839,1.013663748912062,1.025212647859346,300,0.010005840915119848,0.011393224784529567
fig2,vasicek_mrjd_asian_put_12,0.33,0.08,2048,GradOne,0.4066666666666667,0.431934743098774,0.44136092671499777,0.011057305634167607,0.011839667429049499,1.012831667850397,1.024406480938577,1.0132573450209728,1.0249132116343644,300,0.011428170598916895,0.011503362566940414
fig2,vasicek_mrjd_asian_put_12,0.33,0.08,2048,GradTwo,0.4033333333333333,0.428544288345031,0.44024244711592303,0.011057305634167607,0.011839667429049499,1.012831667850397,1.024406480938577,1.0132573450209728,1.0249132116343644,300,0.011428170598916895,0.011503362566940414
fig2,vasicek_mrjd_asian_put_12,0.33,0.08,2048,t-Test CRN,0.4033333333333333,0.3429790660745158,0.3738842870863981,0.011057305634167607,0.011839667429049499,1.012831667850397,1.024406480938577,1.0132573450209728,1.0249132116343644,300,0.011428170598916895,0.011503362566940414
fig2,vasicek_mrjd_asian_put_12,0.33,0.08,4096,GradOne,0.6866666666666666,0.6440518049695361,0.6156658446917216,0.011110090603900512,0.011300187002279949,1.0175985622257846,1.0290411239926065,1.0173710827236604,1.0288531074480503,300,0.011244671711989927,0.011285975117015021
fig2,vasicek_mrjd_asian_put_12,0.33,0.08,4096,GradTwo,0.6866666666666666,0.6471385343496476,0.6141288848164382,0.011110090603900512,0.011300187002279949,1.0175985622257846,1.0290411239926065,1.0173710827236604,1.0288531074480503,300,0.011244671711989927,0.011285975117015021
fig2,vasicek_mrjd_asian_put_12,0.33,0.08,4096,t-Test CRN,0.6866666666666666,0.5068823042102764,0.5003707121779621,0.011110090603900512,0.011300187002279949,1.0175985622257846,1.0290411239926065,1.0173710827236604,1.0288531074480503,300,0.011244671711989927,0.011285975117015021
fig2,vasicek_mrjd_asian_put_12,0.33,0.08,8192,GradOne,0.9566666666666667,0.8825961688532911,0.8297259198483918,0.010941019744682787,0.01108930268362008,1.015692813224243,1.0268050114409308,1.015043485448455,1.0262954423969082,300,0.010940510823752778,0.011085196949450945
fig2,vasicek_mrjd_asian_put_12,0.33,0.08,8192,GradTwo,0.9533333333333334,0.8809333848594225,0.8279976810684113,0.010941019744682787,0.01108930268362008,1.015692813224243,1.0268050114409308,1.015043485448455,1.0262954423969082,300,0.010940510823752778,0.011085196949450945
fig2,vasicek_mrjd_asian_put_12,0.33,0.08,8192,t-Test CRN,0.95,0.7465249304597781,0.6985738356618236,0.010941019744682787,0.01108930268362008,1.015692813224243,1.0268050114409308,1.015043485448455,1.0262954423969082,300,0.010940510823752778,0.011085196949450945
fig2,vasicek_mrjd_asian_put_12,0.33,0.08,16384,GradOne,1.0,0.9905114368392296,0.9657722972626135,0.010853799431530878,0.010890807491436207,1.0159885448073678,1.02661409468758,1.016410048012164,1.0274765334773968,300,0.0104583363016428,0.010887815883831425
fig2,vasicek_mrjd_asian_put_12,0.33,0.08,16384,GradTwo,1.0,0.9900264606334592,0.9650938153791556,0.010853799431530878,0.010890807491436207,1.0159885448073678,1.02661409468758,1.016410048012164,1.0274765334773968,300,0.0104583363016428,0.010887815883831425
fig2,vasicek_mrjd_asian_put_12,0.33,0.08,16384,t-Test CRN,1.0,0.9436939848566887,0.8874555275185634,0.010853799431530878,0.010890807491436207,1.0159885448073678,1.02661409468758,1.016410048012164,1.0274765334773968,300,0.0104583363016428,0.010887815883831425
fig2,vasicek_mrjd_asian_put_12,0.33,0.7,64,GradOne,0.12666666666666668,0.2297405351793853,0.28839172927600626,0.08972092356267589,0.12675395631572103,1.0391807676030234,1.1176114649292543,1.036210942082223,1.1357785075802687,300,0.07547358435735815,0.09608812400491427
fig2,vasicek_mrjd_asian_put_12,0.33,0.7,64,GradTwo,0.13,0.23695916552050192,0.28911287119591217,0.08972092356267589,0.12675395631572103,1.0391807676030234,1.1176114649292543,1.036210942082223,1.1357785075802687,300,0.07547358435735815,0.09608812400491427
fig2,vasicek_mrjd_asian_put_12,0.33,0.7,64,t-Test CRN,0.13,0.23765696664267708,0.2872667713083488,0.08972092356267589,0.12675395631572103,1.0391807676030234,1.1176114649292543,1.036210942082223,1.1357785075802687,300,0.07547358435735815,0.09608812400491427
fig2,vasicek_mrjd_asian_put_12,0.33,0.7,128,GradOne,0.23333333333333334,0.2875803061614923,0.3374415577346494,0.08423113048689307,0.1079493576167426,1.012946329191462,1.10905009070535,1.0194482453347824,1.1168293181984852,300,0.09487547241579761,0.09552331205565347
fig2,vasicek_mrjd_asian_put_12,0.33,0.7,128,GradTwo,0.22333333333333333,0.2697541651780682,0.33113193870135277,0.08423113048689307,0.1079493576167426,1.012946329191462,1.10905009070535,1.0194482453347824,1.1168293181984852,300,0.09487547241579761,0.09552331205565347
fig2,vasicek_mrjd_asian_put_12,0.33,0.7,128,t-Test CRN,0.23333333333333334,0.2650416125389571,0.3276137780027602,0.08423113048689307,0.1079493576167426,1.012946329191462,1.10905009070535,1.0194482453347824,1.1168293181984852,300,0.09487547241579761,0.09552331205565347
fig2,vasicek_mrjd_asian_put_12,0.33,0.7,256,GradOne,0.46,0.46590559841259455,0.4692191406774947,0.09582224949744192,0.10447719874139397,1.0142324742719286,1.1093326161780488,1.0134581448461473,1.1157122993636912,300,0.09376562505986433,0.10089627779652124
fig2,vasicek_mrjd_asian_put_12,0.33,0.7,256,GradTwo,0.43333333333333335,0.4623574118519826,0.46231248829533256,0.09582224949744192,0.10447719874139397,1.0142324742719286,1.1093326161780488,1.0134581448461473,1.1157122993636912,300,0.09376562505986433,0.10089627779652124
fig2,vasicek_mrjd_asian_put_12,0.33,0.7,256,t-Test CRN,0.44,0.4518980067673189,0.45317359203388957,0.09582224949744192,0.10447719874139397,1.0142324742719286,1.1093326161780488,1.0134581448461473,1.1157122993636912,300,0.09376562505986433,0.10089627779652124
fig2,vasicek_mrjd_asian_put_12,0.33,0.7,512,GradOne,0.7366666666666667,0.6760422440167554,0.6371190695520108,0.09504541535580266,0.09476934135002921,1.0159695204988237,1.1199587802798425,1.0226284469882103,1.1192022889916056,300,0.10235470423360915,0.09443688202476597
fig2,vasicek_mrjd_asian_put_12,0.33,0.7,512,GradTwo,0.7066666666666667,0.6609939529894174,0.6228452048226379,0.09504541535580266,0.09476934135002921,1.0159695204988237,1.1199587802798425,1.0226284469882103,1.1192022889916056,300,0.10235470423360915,0.09443688202476597
fig2,vasicek_mrjd_asian_put_12,0.33,0.7,512,t-Test CRN,0.71,0.6478601744746196,0.609603104058037,0.09504541535580266,0.09476934135002921,1.0159695204988237,1.1199587802798425,1.0226284469882103,1.1192022889916056,300,0.10235470423360915,0.09443688202476597
fig2,vasicek_mrjd_asian_put_12,0.33,0.7,1024,GradOne,0.9433333333333334,0.9009998557422463,0.8485294705510759,0.0925017518616128,0.09400192107036681,1.0169569213081866,1.1094015553619032,1.0165636048323732,1.1118393222786174,300,0.09090319571727608,0.09372332138720896
fig2,vasicek_mrjd_asian_put_12,0.33,0.7,1024,GradTwo,0.9366666666666666,0.8923859569121737,0.8377143280612503,0.0925017518616128,0.09400192107036681,1.0169569213081866,1.1094015553619032,1.0165636048323732,1.1118393222786174,300,0.09090319571727608,0.09372332138720896
fig2,vasicek_mrjd_asian_put_12,0.33,0.7,1024,t-Test CRN,0.94,0.8772403599541001,0.8248915171182929,0.0925017518616128,0.09400192107036681,1.0169569213081866,1.1094015553619032,1.0165636048323732,1.1118393222786174,300,0.09090319571727608,0.09372332138720896
fig2,vasicek_mrjd_asian_put_12,0.33,0.7,2048,GradOne,1.0,0.9947407952947755,0.9772567300706203,0.09291047242601731,0.09453240132966684,1.0166003513532054,1.113102421352858,1.0172097648407714,1.113234520487423,300,0.09492626071907007,0.09440015124282923
fig2,vasicek_mrjd_asian_put_12,0.33,0.7,2048,GradTwo,0.9966666666666667,0.9929364260589318,0.9728090292059268,0.09291047242601731,0.09453240132966684,1.0166003513532054,1.113102421352858,1.0172097648407714,1.113234520487423,300,0.09492626071907007,0.09440015124282923
fig2,vasicek_mrjd_asian_put_12,0.33,0.7,2048,t-Test CRN,0.9966666666666667,0.9906214026553861,0.9682225730358736,0.09291047242601731,0.09453240132966684,1.0166003513532054,1.113102421352858,1.0172097648407714,1.113234520487423,300,0.09492626071907007,0.09440015124282923
fig2,vasicek_mrjd_asian_put_12,0.33,0.7,4096,GradOne,1.0,0.9999927181827611,0.9996307340798428,0.09460375244699515,0.09549541785232812,1.0157853259281637,1.1110327799217279,1.0155813685752466,1.1125077619043209,300,0.09376730649907031,0.09543931813661741
fig2,vasicek_mrjd_asian_put_12,0.33,0.7,4096,GradTwo,1.0,0.9999887722085042,0.9994983440820248,0.09460375244699515,0.09549541785232812,1.0157853259281637,1.1110327799217279,1.0155813685752466,1.1125077619043209,300,0.09376730649907031,0.09543931813661741
fig2,vasicek_mrjd_asian_put_12,0.33,0.7,4096,t-Test CRN,1.0,0.9999795062325472,0.9992855682517957,0.09460375244699515,0.09549541785232812,1.0157853259281637,1.1110327799217279,1.0155813685752466,1.1125077619043209,300,0.09376730649907031,0.09543931813661741
fig2,vasicek_mrjd_asian_put_12,0.33,0.7,8192,GradOne,1.0,0.9999999999951604,0.9999999940474871,0.09498982249997384,0.09476947997776912,1.016127192538573,1.111471395514054,1.0162986586829819,1.1125716965784513,291,0.09383097281087831,0.09472908093790992
fig2,vasicek_mrjd_asian_put_12,0.33,0.7,8192,GradTwo,1.0,0.9999999999834781,0.9999999866480239,0.09498982249997384,0.09476947997776912,1.016127192538573,1.111471395514054,1.0162986586829819,1.1125716965784513,299,0.09383097281087831,0.09472908093790992
fig2,vasicek_mrjd_asian_put_12,0.33,0.7,8192,t-Test CRN,1.0,0.9999999999485749,0.9999999668350313,0.09498982249997384,0.09476947997776912,1.016127192538573,1.111471395514054,1.0162986586829819,1.1125716965784513,298,0.09383097281087831,0.09472908093790992
fig2,vasicek_mrjd_asian_put_12,0.33,0.7,16384,GradOne,1.0,1.0,1.0,0.0951320476212447,0.09545565776799746,1.0161322198612595,1.1117441012626392,1.0153432195546979,1.112245822928003,195,0.09409393731697083,0.09543827299679414
fig2,vasicek_mrjd_asian_put_12,0.33,0.7,16384,GradTwo,1.0,1.0,1.0,0.0951320476212447,0.09545565776799746,1.0161322198612595,1.1117441012626392,1.0153432195546979,1.112245822928003,192,0.09409393731697083,0.09543827299679414
fig2,vasicek_mrjd_asian_put_12,0.33,0.7,16384,t-Test CRN,1.0,1.0,1.0,0.0951320476212447,0.09545565776799746,1.0161322198612595,1.1117441012626392,1.0153432195546979,1.112245822928003,195,0.09409393731697083,0.09543827299679414
fig2,vasicek_mrjd_vanilla_put,0.33,0.01,64,GradOne,0.6233333333333333,0.9855753335859854,0.6816895058309987,0.001898326997852243,0.004127907611799711,3.9988248868334315,4.0066050921912115,4.00931660707885,4.011542411114509,300,0.0019456229212229798,0.0005551579617655439
fig2,vasicek_mrjd_vanilla_put,0.33,0.01,64,GradTwo,0.6233333333333333,0.9855753335859854,0.681757995026024,0.001898326997852243,0.004127907611799711,3.9988248868334315,4.0066050921912115,4.00931660707885,4.011542411114509,300,0.0019456229212229798,0.0005551579617655439
fig2,vasicek_mrjd_vanilla_put,0.33,0.01,64,t-Test CRN,0.6233333333333333,0.9999999876126514,0.729529537891182,0.001898326997852243,0.004127907611799711,3.9988248868334315,4.0066050921912115,4.00931660707885,4.011542411114509,300,0.0019456229212229798,0.0005551579617655439
fig2,vasicek_mrjd_vanilla_put,0.33,0.01,128,GradOne,0.5066666666666667,0.5119330304683398,0.5530399590662156,0.0020613031265522067,0.0035038020454045346,4.014158145980836,4.0075061310147095,4.0112739031427385,4.013786985502553,300,0.00165713824025274,0.0006265048013414319
fig2,vasicek_mrjd_vanilla_put,0.33,0.01,128,GradTwo,0.5066666666666667,0.51193303046834,0.553088302662832,0.0020613031265522067,0.0035038020454045346,4.014158145980836,4.0075061310147095,4.0112739031427385,4.013786985502553,300,0.00165713824025274,0.0006265048013414319
fig2,vasicek_mrjd_vanilla_put,0.33,0.01,128,t-Test CRN,0.5066666666666667,0.8333023514650646,0.6318764298436641,0.0020613031265522067,0.0035038020454045346,4.014158145980836,4.0075061310147095,4.0112739031427385,4.013786985502553,300,0.00165713824025274,0.0006265048013414319
fig2,vasicek_mrjd_vanilla_put,0.33,0.01,256,GradOne,0.44666666666666666,0.3086881025189452,0.49785376488425737,0.0022565220463083664,0.0026936105934336225,4.006967359294297,4.00878403501031,4.0100979951954905,4.010953454729761,300,0.00045337921503126245,0.0002133263414748504
fig2,vasicek_mrjd_vanilla_put,0.33,0.01,256,GradTwo,0.44666666666666666,0.30868100188102066,0.49791821157113236,0.0022565220463083664,0.0026936105934336225,4.006967359294297,4.00878403501031,4.0100979951954905,4.010953454729761,300,0.00045337921503126245,0.0002133263414748504
fig2,vasicek_mrjd_vanilla_put,0.33,0.01,256,t-Test CRN,0.44666666666666666,0.8052780428393235,0.5926225604029074,0.0022565220463083664,0.0026936105934336225,4.006967359294297,4.00878403501031,4.0100979951954905,4.010953454729761,300,0.00045337921503126245,0.0002133263414748504
fig2,vasicek_mrjd_vanilla_put,0.33,0.01,512,GradOne,0.2,0.1889886505395623,0.32378451171294115,0.0013613668209997314,0.0017788991513632965,4.0093372624558725,4.010640443572651,4.013158698819059,4.015420318359348,300,0.0003250365413211134,0.0005635509856499469
fig2,vasicek_mrjd_vanilla_put,0.33,0.01,512,GradTwo,0.2,0.18889582814000277,0.3238490830945036,0.0013613668209997314,0.0017788991513632965,4.0093372624558725,4.010640443572651,4.013158698819059,4.015420318359348,300,0.0003250365413211134,0.0005635509856499469
fig2,vasicek_mrjd_vanilla_put,0.33,0.01,512,t-Test CRN,0.2,0.2728767411220469,0.45234204790464577,0.0013613668209997314,0.0017788991513632965,4.0093372624558725,4.010640443572651,4.013158698819059,4.015420318359348,300,0.0003250365413211134,0.0005635509856499469
fig2,vasicek_mrjd_vanilla_put,0.33,0.01,1024,GradOne,0.21,0.2070866304958369,0.32244336954905795,0.0011359013681941886,0.0013408722371216779,4.017787468094966,4.019641106904917,4.0189499919713425,4.019801978003306,300,0.0004613581043474573,0.000211992195390732
fig2,vasicek_mrjd_vanilla_put,0.33,0.01,1024,GradTwo,0.21,0.20706545628814874,0.3226637991955201,0.0011359013681941886,0.0013408722371216779,4.017787468094966,4.019641106904917,4.0189499919713425,4.019801978003306,300,0.0004613581043474573,0.000211992195390732
fig2,vasicek_mrjd_vanilla_put,0.33,0.01,1024,t-Test CRN,0.21,0.37087608935855343,0.5075458077309399,0.0011359013681941886,0.0013408722371216779,4.017787468094966,4.019641106904917,4.0189499919713425,4.019801978003306,300,0.0004613581043474573,0.000211992195390732
fig2,vasicek_mrjd_vanilla_put,0.33,0.01,2048,GradOne,0.11666666666666667,0.18531222343056508,0.2645105612091578,0.0007789783156587782,0.0009714263146972476,4.015832184000425,4.016818055200028,4.016975780257249,4.018290978287073,300,0.0002454961149848274,0.00032740999741337235
fig2,vasicek_mrjd_vanilla_put,0.33,0.01,2048,GradTwo,0.11666666666666667,0.18533200924427673,0.2646928050613131,0.0007789783156587782,0.0009714263146972476,4.015832184000425,4.016818055200028,4.016975780257249,4.018290978287073,300,0.0002454961149848274,0.00032740999741337235
fig2,vasicek_mrjd_vanilla_put,0.33,0.01,2048,t-Test CRN,0.11666666666666667,0.4613872437037778,0.5213472969777353,0.0007789783156587782,0.0009714263146972476,4.015832184000425,4.016818055200028,4.016975780257249,4.018290978287073,300,0.0002454961149848274,0.00032740999741337235
fig2,vasicek_mrjd_vanilla_put,0.33,0.01,4096,GradOne,0.08333333333333333,0.1758520440499592,0.2417647918282264,0.0005501066842226118,0.000679402587181112,4.016288340326729,4.017957670041067,4.015890943172195,4.017236973648525,300,0.00041563990751779424,0.0003351760531790008
fig2,vasicek_mrjd_vanilla_put,0.33,0.01,4096,GradTwo,0.08333333333333333,0.17581201542009406,0.24142789441008783,0.0005501066842226118,0.000679402587181112,4.016288340326729,4.017957670041067,4.015890943172195,4.017236973648525,300,0.00041563990751779424,0.0003351760531790008
fig2,vasicek_mrjd_vanilla_put,0.33,0.01,4096,t-Test CRN,0.08333333333333333,0.6356504903468961,0.6049931239790067,0.0005501066842226118,0.000679402587181112,4.016288340326729,4.017957670041067,4.015890943172195,4.017236973648525,300,0.00041563990751779424,0.0003351760531790008
fig2,vasicek_mrjd_vanilla_put,0.33,0.01,8192,GradOne,0.09,0.18029337016835728,0.25015989999688754,0.00042114563494309685,0.0005369230974143521,4.014580237939791,4.015946333541521,4.0145106951516265,4.015828197902375,300,0.0003402835466631803,0.00032818513906065474
fig2,vasicek_mrjd_vanilla_put,0.33,0.01,8192,GradTwo,0.09,0.17932787286430116,0.25002285577105127,0.00042114563494309685,0.0005369230974143521,4.014580237939791,4.015946333541521,4.0145106951516265,4.015828197902375,300,0.0003402835466631803,0.00032818513906065474
fig2,vasicek_mrjd_vanilla_put,0.33,0.01,8192,t-Test CRN,0.09,0.8452115013191845,0.7590800776522292,0.00042114563494309685,0.0005369230974143521,4.014580237939791,4.015946333541521,4.0145106951516265,4.015828197902375,300,0.0003402835466631803,0.00032818513906065474
fig2,vasicek_mrjd_vanilla_put,0.33,0.01,16384,GradOne,0.13333333333333333,0.21600416499889705,0.2857366256680867,0.00037539772952875953,0.00044855227289055516,4.01391050242489,4.015700210913655,4.013961104763359,4.01535682385642,300,0.0004458765305513981,0.00034771614787319066
fig2,vasicek_mrjd_vanilla_put,0.33,0.01,16384,GradTwo,0.13666666666666666,0.2158419082867635,0.28554397982475366,0.00037539772952875953,0.00044855227289055516,4.01391050242489,4.015700210913655,4.013961104763359,4.01535682385642,300,0.0004458765305513981,0.00034771614787319066
fig2,vasicek_mrjd_vanilla_put,0.33,0.01,16384,t-Test CRN,0.13666666666666666,0.980491049687624,0.9062068223957579,0.00037539772952875953,0.00044855227289055516,4.01391050242489,4.015700210913655,4.013961104763359,4.01535682385642,300,0.0004458765305513981,0.00034771614787319066
fig2,vasicek_mrjd_vanilla_put,0.33,0.08,64,GradOne,0.23,0.20513434336399666,0.35162757988229304,0.010818002410119664,0.014401845634049743,4.008285149926619,4.019768167594696,4.017756063143904,4.026530353067651,300,0.0028648205500766666,0.0021838782110831204
fig2,vasicek_mrjd_vanilla_put,0.33,0.08,64,GradTwo,0.23,0.20603905177607296,0.3519290937436086,0.010818002410119664,0.014401845634049743,4.008285149926619,4.019768167594696,4.017756063143904,4.026530353067651,300,0.0028648205500766666,0.0021838782110831204
fig2,vasicek_mrjd_vanilla_put,0.33,0.08,64,t-Test CRN,0.23,0.21466107271774432,0.3699046982962069,0.010818002410119664,0.014401845634049743,4.008285149926619,4.019768167594696,4.017756063143904,4.026530353067651,300,0.0028648205500766666,0.0021838782110831204
fig2,vasicek_mrjd_vanilla_put,0.33,0.08,128,GradOne,0.16333333333333333,0.1761237301251706,0.28866608468848404,0.00842430493671812,0.010214219043385087,4.00594825961665,4.010735997431117,4.016751744847243,4.025322898165801,300,0.001195157177323327,0.00213385189402204
fig2,vasicek_mrjd_vanilla_put,0.33,0.08,128,GradTwo,0.16333333333333333,0.17612373012517055,0.28908146749247127,0.00842430493671812,0.010214219043385087,4.00594825961665,4.010735997431117,4.016751744847243,4.025322898165801,300,0.001195157177323327,0.00213385189402204
fig2,vasicek_mrjd_vanilla_put,0.33,0.08,128,t-Test CRN,0.16333333333333333,0.18138614234840023,0.3060190326205389,0.00842430493671812,0.010214219043385087,4.00594825961665,4.010735997431117,4.016751744847243,4.025322898165801,300,0.001195157177323327,0.00213385189402204
fig2,vasicek_mrjd_vanilla_put,0.33,0.08,256,GradOne,0.07666666666666666,0.1753936269788955,0.23146358145195567,0.0057445235074642725,0.007290318882056024,4.016982694592101,4.02820733226392,4.013571819477707,4.0265940761373535,300,0.0027942957501236126,0.003244555534412075
fig2,vasicek_mrjd_vanilla_put,0.33,0.08,256,GradTwo,0.07666666666666666,0.17513710605754157,0.23215905795901687,0.0057445235074642725,0.007290318882056024,4.016982694592101,4.02820733226392,4.013571819477707,4.0265940761373535,300,0.0027942957501236126,0.003244555534412075
fig2,vasicek_mrjd_vanilla_put,0.33,0.08,256,t-Test CRN,0.07666666666666666,0.16423409166168676,0.23679929080707307,0.0057445235074642725,0.007290318882056024,4.016982694592101,4.02820733226392,4.013571819477707,4.0265940761373535,300,0.0027942957501236126,0.003244555534412075
fig2,vasicek_mrjd_vanilla_put,0.33,0.08,512,GradOne,0.06666666666666667,0.16289057775384838,0.22887787436445464,0.004002824135229578,0.005276282728095566,4.01756145902633,4.029436810465221,4.018437761372003,4.029058804068029,300,0.0029558605537221383,0.0026430775656456867
fig2,vasicek_mrjd_vanilla_put,0.33,0.08,512,GradTwo,0.06666666666666667,0.16131364304030005,0.2289345606907818,0.004002824135229578,0.005276282728095566,4.01756145902633,4.029436810465221,4.018437761372003,4.029058804068029,300,0.0029558605537221383,0.0026430775656456867
fig2,vasicek_mrjd_vanilla_put,0.33,0.08,512,t-Test CRN,0.06666666666666667,0.1656252406187446,0.22922608272189138,0.004002824135229578,0.005276282728095566,4.01756145902633,4.029436810465221,4.018437761372003,4.029058804068029,300,0.0029558605537221383,0.0026430775656456867
fig2,vasicek_mrjd_vanilla_put,0.33,0.08,1024,GradOne,0.07333333333333333,0.18687710672373567,0.24813902633881108,0.003577179102665609,0.004313437162648961,4.01275803692608,4.024633571897808,4.011345698524339,4.02299188278234,300,0.002959444567164883,0.0029033110415502164
fig2,vasicek_mrjd_vanilla_put,0.33,0.08,1024,GradTwo,0.07666666666666666,0.1875730301849814,0.24768523235972004,0.003577179102665609,0.004313437162648961,4.01275803692608,4.024633571897808,4.011345698524339,4.02299188278234,300,0.002959444567164883,0.0029033110415502164
fig2,vasicek_mrjd_vanilla_put,0.33,0.08,1024,t-Test CRN,0.07666666666666666,0.1660771796847958,0.22994386968393016,0.003577179102665609,0.004313437162648961,4.01275803692608,4.024633571897808,4.011345698524339,4.02299188278234,300,0.002959444567164883,0.0029033110415502164
fig2,vasicek_mrjd_vanilla_put,0.33,0.08,2048,GradOne,0.17333333333333334,0.2354953985843684,0.2943683437895283,0.0031590431442003325,0.0036352862692087175,4.014778684591464,4.027708217607707,4.016068465469791,4.028692382342945,300,0.0032204846224439215,0.0031433520074905337
fig2,vasicek_mrjd_vanilla_put,0.33,0.08,2048,GradTwo,0.17,0.23385595705187187,0.29353224021594754,0.0031590431442003325,0.0036352862692087175,4.014778684591464,4.027708217607707,4.016068465469791,4.028692382342945,300,0.0032204846224439215,0.0031433520074905337
fig2,vasicek_mrjd_vanilla_put,0.33,0.08,2048,t-Test CRN,0.17333333333333334,0.17337331864097477,0.2291529243703911,0.0031590431442003325,0.0036352862692087175,4.014778684591464,4.027708217607707,4.016068465469791,4.028692382342945,300,0.0032204846224439215,0.0031433520074905337
fig2,vasicek_mrjd_vanilla_put,0.33,0.08,4096,GradOne,0.20666666666666667,0.2802961322118651,0.33702867979174894,0.0026043463146984973,0.002986806135886039,4.0131222948473795,4.024223394938245,4.013489224972922,4.024582985841452,300,0.002766200298734624,0.0027641187621737302
fig2,vasicek_mrjd_vanilla_put,0.33,0.08,4096,GradTwo,0.21,0.2786239369384217,0.33574182603903663,0.0026043463146984973,0.002986806135886039,4.0131222948473795,4.024223394938245,4.013489224972922,4.024582985841452,300,0.002766200298734624,0.0027641187621737302
fig2,vasicek_mrjd_vanilla_put,0.33,0.08,4096,t-Test CRN,0.21333333333333335,0.15612256758132098,0.2242695544698146,0.0026043463146984973,0.002986806135886039,4.0131222948473795,4.024223394938245,4.013489224972922,4.024582985841452,300,0.002766200298734624,0.0027641187621737302
fig2,vasicek_mrjd_vanilla_put,0.33,0.08,8192,GradOne,0.42,0.43183374480513587,0.45727834893369873,0.002617771923698155,0.0027858581217755514,4.015210167822071,4.025590547003267,4.015099684303658,4.025958845137108,300,0.0025852642196377974,0.002704580629940931
fig2,vasicek_mrjd_vanilla_put,0.33,0.08,8192,GradTwo,0.4166666666666667,0.42670739330204155,0.45535779071648647,0.002617771923698155,0.0027858581217755514,4.015210167822071,4.025590547003267,4.015099684303658,4.025958845137108,300,0.0025852642196377974,0.002704580629940931
fig2,vasicek_mrjd_vanilla_put,0.33,0.08,8192,t-Test CRN,0.4166666666666667,0.1777858311904868,0.24594411806306482,0.002617771923698155,0.0027858581217755514,4.015210167822071,4.025590547003267,4.015099684303658,4.025958845137108,300,0.0025852642196377974,0.002704580629940931
fig2,vasicek_mrjd_vanilla_put,0.33,0.08,16384,GradOne,0.7233333333333334,0.726116652720219,0.6673088377622565,0.002884150529152517,0.0028204029061380067,4.0159691280727845,4.026918030376217,4.0151557536441,4.026432900623507,300,0.0027263412526995854,0.0028086449620720413
fig2,vasicek_mrjd_vanilla_put,0.33,0.08,16384,GradTwo,0.7266666666666667,0.7206702295334773,0.6644537049889611,0.002884150529152517,0.0028204029061380067,4.0159691280727845,4.026918030376217,4.0151557536441,4.026432900623507,300,0.0027263412526995854,0.0028086449620720413
fig2,vasicek_mrjd_vanilla_put,0.33,0.08,16384,t-Test CRN,0.7266666666666667,0.213171866120833,0.2666386247679031,0.002884150529152517,0.0028204029061380067,4.0159691280727845,4.026918030376217,4.0151557536441,4.026432900623507,300,0.0027263412526995854,0.0028086449620720413
fig2,vasicek_mrjd_vanilla_put,0.33,0.7,64,GradOne,0.08666666666666667,0.1983449009223961,0.25621289802477726,0.039644387415005575,0.05135871479500115,4.030094749509193,4.134846290505443,4.041666153862945,4.1530303233185215,300,0.025992327105710613,0.02755402480463089
fig2,vasicek_mrjd_vanilla_put,0.33,0.7,64,GradTwo,0.09,0.20593186651407464,0.2568267038460968,0.039644387415005575,0.05135871479500115,4.030094749509193,4.134846290505443,4.041666153862945,4.1530303233185215,300,0.025992327105710613,0.02755402480463089
fig2,vasicek_mrjd_vanilla_put,0.33,0.7,64,t-Test CRN,0.09333333333333334,0.20040748532309066,0.2556393758211791,0.039644387415005575,0.05135871479500115,4.030094749509193,4.134846290505443,4.041666153862945,4.1530303233185215,300,0.025992327105710613,0.02755402480463089
fig2,vasicek_mrjd_vanilla_put,0.33,0.7,128,GradOne,0.10666666666666667,0.1782512460604722,0.24848199022157294,0.027514252424341367,0.03520026796881225,4.00424057583923,4.099349391403109,4.011172412160927,4.100839801766594,300,0.023752023326906596,0.02235440923302546
fig2,vasicek_mrjd_vanilla_put,0.33,0.7,128,GradTwo,0.11333333333333333,0.17665233297494992,0.24851389303382126,0.027514252424341367,0.03520026796881225,4.00424057583923,4.099349391403109,4.011172412160927,4.100839801766594,300,0.023752023326906596,0.02235440923302546
fig2,vasicek_mrjd_vanilla_put,0.33,0.7,128,t-Test CRN,0.10666666666666667,0.17526771983274003,0.2437200753264707,0.027514252424341367,0.03520026796881225,4.00424057583923,4.099349391403109,4.011172412160927,4.100839801766594,300,0.023752023326906596,0.02235440923302546
fig2,vasicek_mrjd_vanilla_put,0.33,0.7,256,GradOne,0.13333333333333333,0.2156423737553504,0.27723813879846837,0.023257155864694075,0.02821591919901706,4.018063728960035,4.088037964019897,4.016330271211521,4.096861960441555,300,0.017414914192506462,0.020051062485392224
fig2,vasicek_mrjd_vanilla_put,0.33,0.7,256,GradTwo,0.12,0.21526960184253252,0.27655432152192,0.023257155864694075,0.02821591919901706,4.018063728960035,4.088037964019897,4.016330271211521,4.096861960441555,300,0.017414914192506462,0.020051062485392224
fig2,vasicek_mrjd_vanilla_put,0.33,0.7,256,t-Test CRN,0.12,0.20593975272700787,0.2683403287545965,0.023257155864694075,0.02821591919901706,4.018063728960035,4.088037964019897,4.016330271211521,4.096861960441555,300,0.017414914192506462,0.020051062485392224
fig2,vasicek_mrjd_vanilla_put,0.33,0.7,512,GradOne,0.32666666666666666,0.33207695106874013,0.39278991776932204,0.025046840828576077,0.027946977937404232,4.010167690273881,4.1129386189956705,4.013461250107873,4.116269964134401,300,0.025627588834014774,0.02561597275263711
fig2,vasicek_mrjd_vanilla_put,0.33,0.7,512,GradTwo,0.29,0.3282014534386541,0.38448525324194993,0.025046840828576077,0.027946977937404232,4.010167690273881,4.1129386189956705,4.013461250107873,4.116269964134401,300,0.025627588834014774,0.02561597275263711
fig2,vasicek_mrjd_vanilla_put,0.33,0.7,512,t-Test CRN,0.3,0.30574685425606984,0.3634527494254348,0.025046840828576077,0.027946977937404232,4.010167690273881,4.1129386189956705,4.013461250107873,4.116269964134401,300,0.025627588834014774,0.02561597275263711
fig2,vasicek_mrjd_vanilla_put,0.33,0.7,1024,GradOne,0.48,0.48746542098632495,0.497418258571352,0.02326428569617962,0.02435187638325368,4.008373473303842,4.108840957850891,4.01385463833087,4.108235968835093,300,0.02506440211127332,0.02351388852075376
fig2,vasicek_mrjd_vanilla_put,0.33,0.7,1024,GradTwo,0.45,0.47321837508408193,0.48109189742037783,0.02326428569617962,0.02435187638325368,4.008373473303842,4.108840957850891,4.01385463833087,4.108235968835093,300,0.02506440211127332,0.02351388852075376
fig2,vasicek_mrjd_vanilla_put,0.33,0.7,1024,t-Test CRN,0.44666666666666666,0.42057874038041787,0.4453762190405414,0.02326428569617962,0.02435187638325368,4.008373473303842,4.108840957850891,4.01385463833087,4.108235968835093,300,0.02506440211127332,0.02351388852075376
fig2,vasicek_mrjd_vanilla_put,0.33,0.7,2048,GradOne,0.81,0.7796644735721371,0.7155382633716968,0.025082925428458414,0.025228310727426272,4.01754360299749,4.117277916538374,4.01578062670208,4.11706864602554,300,0.02482469971613299,0.025222498124017848
fig2,vasicek_mrjd_vanilla_put,0.33,0.7,2048,GradTwo,0.7833333333333333,0.7510362542850457,0.6964733282778844,0.025082925428458414,0.025228310727426272,4.01754360299749,4.117277916538374,4.01578062670208,4.11706864602554,300,0.02482469971613299,0.025222498124017848
fig2,vasicek_mrjd_vanilla_put,0.33,0.7,2048,t-Test CRN,0.79,0.6904523265351976,0.6465103392081878,0.025082925428458414,0.025228310727426272,4.01754360299749,4.117277916538374,4.01578062670208,4.11706864602554,300,0.02482469971613299,0.025222498124017848
fig2,vasicek_mrjd_vanilla_put,0.33,0.7,4096,GradOne,0.9766666666666667,0.9601948050025095,0.9104164455377038,0.024746411899045737,0.02498972747109639,4.014725578639646,4.116264798374104,4.015753034300263,4.116086668800187,300,0.025291696218216655,0.024985011190412174
fig2,vasicek_mrjd_vanilla_put,0.33,0.7,4096,GradTwo,0.9666666666666667,0.9479592676506234,0.8968693541444266,0.024746411899045737,0.02498972747109639,4.014725578639646,4.116264798374104,4.015753034300263,4.116086668800187,300,0.025291696218216655,0.024985011190412174
fig2,vasicek_mrjd_vanilla_put,0.33,0.7,4096,t-Test CRN,0.9666666666666667,0.915165922565616,0.8558276236260487,0.024746411899045737,0.02498972747109639,4.014725578639646,4.116264798374104,4.015753034300263,4.116086668800187,300,0.025291696218216655,0.024985011190412174
fig2,vasicek_mrjd_vanilla_put,0.33,0.7,8192,GradOne,1.0,0.9989772035863617,0.9910560062532625,0.02436673845368307,0.024464160847142515,4.0153336365860035,4.112824650882872,4.015612383516513,4.113848946395631,300,0.02427967962825602,0.024463656722039404
fig2,vasicek_mrjd_vanilla_put,0.33,0.7,8192,GradTwo,1.0,0.99848827128227,0.9881441245217815,0.02436673845368307,0.024464160847142515,4.0153336365860035,4.112824650882872,4.015612383516513,4.113848946395631,300,0.02427967962825602,0.024463656722039404
fig2,vasicek_mrjd_vanilla_put,0.33,0.7,8192,t-Test CRN,1.0,0.9951040298986829,0.9753592378859405,0.02436673845368307,0.024464160847142515,4.0153336365860035,4.112824650882872,4.015612383516513,4.113848946395631,300,0.02427967962825602,0.024463656722039404
fig2,vasicek_mrjd_vanilla_put,0.33,0.7,16384,GradOne,1.0,0.9999997187356057,0.9999389805085634,0.02413871984995254,0.024338015840286355,4.014984669745658,4.113665074253413,4.015087707409948,4.1128105180171355,300,0.02457802771984342,0.02433889810846167
fig2,vasicek_mrjd_vanilla_put,0.33,0.7,16384,GradTwo,1.0,0.9999991786695868,0.9998687322467146,0.02413871984995254,0.024338015840286355,4.014984669745658,4.113665074253413,4.015087707409948,4.1128105180171355,300,0.02457802771984342,0.02433889810846167
fig2,vasicek_mrjd_vanilla_put,0.33,0.7,16384,t-Test CRN,1.0,0.9999903503749513,0.9994056066119741,0.02413871984995254,0.024338015840286355,4.014984669745658,4.113665074253413,4.015087707409948,4.1128105180171355,300,0.02457802771984342,0.02433889810846167
