variant,variant_label,case,case_label,ratio,jump_rate,method,median_power,mean_power,median_p_price,median_q_price,outer_repetitions,relative_difference_in_median_estimates
A_plotted_ratio,Mean |J| / sigma; paper's plotted axis,vasicek_mrjd_asian_call_4,"Asian call, 4 observations",0.2,0.01,GradOne,0.2820446501667493,0.3269588790550378,1.0576554238190252,1.0571156991719244,11,0.0005103029161917185
A_plotted_ratio,Mean |J| / sigma; paper's plotted axis,vasicek_mrjd_asian_call_4,"Asian call, 4 observations",0.2,0.01,GradTwo,0.2820446501667493,0.3269489755306821,1.0576554238190252,1.0571156991719244,11,0.0005103029161917185
A_plotted_ratio,Mean |J| / sigma; paper's plotted axis,vasicek_mrjd_asian_call_4,"Asian call, 4 observations",0.2,0.01,t-Test CRN,0.5220583465709049,0.5262752051280706,1.0576554238190252,1.0571156991719244,12,0.0005103029161917185
A_plotted_ratio,Mean |J| / sigma; paper's plotted axis,vasicek_mrjd_asian_call_4,"Asian call, 4 observations",0.2,0.08,GradOne,0.13476812680323497,0.2057691240252314,1.0460896932227988,1.0461980712216759,12,0.00010360296978282375
A_plotted_ratio,Mean |J| / sigma; paper's plotted axis,vasicek_mrjd_asian_call_4,"Asian call, 4 observations",0.2,0.08,GradTwo,0.14258471868072733,0.2056230194420268,1.0460896932227988,1.0461980712216759,12,0.00010360296978282375
A_plotted_ratio,Mean |J| / sigma; paper's plotted axis,vasicek_mrjd_asian_call_4,"Asian call, 4 observations",0.2,0.08,t-Test CRN,0.19149838554423793,0.2072375179885156,1.0460896932227988,1.0461980712216759,12,0.00010360296978282375
A_plotted_ratio,Mean |J| / sigma; paper's plotted axis,vasicek_mrjd_asian_call_4,"Asian call, 4 observations",0.2,0.7,GradOne,0.40569614799183096,0.46786778619819214,1.082376052813518,1.095189148354596,12,0.011837933320652893
A_plotted_ratio,Mean |J| / sigma; paper's plotted axis,vasicek_mrjd_asian_call_4,"Asian call, 4 observations",0.2,0.7,GradTwo,0.39078673108123857,0.4542600837237558,1.082376052813518,1.095189148354596,12,0.011837933320652893
A_plotted_ratio,Mean |J| / sigma; paper's plotted axis,vasicek_mrjd_asian_call_4,"Asian call, 4 observations",0.2,0.7,t-Test CRN,0.3664362632142032,0.44568613811317137,1.082376052813518,1.095189148354596,12,0.011837933320652893
A_plotted_ratio,Mean |J| / sigma; paper's plotted axis,vasicek_mrjd_asian_call_4,"Asian call, 4 observations",0.33,0.01,GradOne,0.3643317362694509,0.4425915167458576,1.1286358889015518,1.1355203180412938,11,0.006099778686324044
A_plotted_ratio,Mean |J| / sigma; paper's plotted axis,vasicek_mrjd_asian_call_4,"Asian call, 4 observations",0.33,0.01,GradTwo,0.3644684643547898,0.4426081567908693,1.1286358889015518,1.1355203180412938,11,0.006099778686324044
A_plotted_ratio,Mean |J| / sigma; paper's plotted axis,vasicek_mrjd_asian_call_4,"Asian call, 4 observations",0.33,0.01,t-Test CRN,0.2941268861394465,0.4622249036815529,1.1286358889015518,1.1355203180412938,12,0.006099778686324044
A_plotted_ratio,Mean |J| / sigma; paper's plotted axis,vasicek_mrjd_asian_call_4,"Asian call, 4 observations",0.33,0.08,GradOne,0.38339740247465526,0.3521886401169436,1.0722586339157187,1.0776692211946897,12,0.0050459722196055596
A_plotted_ratio,Mean |J| / sigma; paper's plotted axis,vasicek_mrjd_asian_call_4,"Asian call, 4 observations",0.33,0.08,GradTwo,0.3763056996416344,0.35000297699290855,1.0722586339157187,1.0776692211946897,12,0.0050459722196055596
A_plotted_ratio,Mean |J| / sigma; paper's plotted axis,vasicek_mrjd_asian_call_4,"Asian call, 4 observations",0.33,0.08,t-Test CRN,0.299862052162587,0.30791050482226423,1.0722586339157187,1.0776692211946897,12,0.0050459722196055596
A_plotted_ratio,Mean |J| / sigma; paper's plotted axis,vasicek_mrjd_asian_call_4,"Asian call, 4 observations",0.33,0.7,GradOne,0.7892854137975882,0.6974279016865048,1.0726159688464887,1.181061242333565,12,0.10110354184238027
A_plotted_ratio,Mean |J| / sigma; paper's plotted axis,vasicek_mrjd_asian_call_4,"Asian call, 4 observations",0.33,0.7,GradTwo,0.7717618064717053,0.6666259218797332,1.0726159688464887,1.181061242333565,12,0.10110354184238027
A_plotted_ratio,Mean |J| / sigma; paper's plotted axis,vasicek_mrjd_asian_call_4,"Asian call, 4 observations",0.33,0.7,t-Test CRN,0.7634563876806808,0.6565280468327545,1.0726159688464887,1.181061242333565,12,0.10110354184238027
A_plotted_ratio,Mean |J| / sigma; paper's plotted axis,vasicek_mrjd_asian_call_4,"Asian call, 4 observations",0.5,0.01,GradOne,0.318748842425391,0.4286759595026439,1.1298347422918067,1.1350436123471404,12,0.004610293753905776
A_plotted_ratio,Mean |J| / sigma; paper's plotted axis,vasicek_mrjd_asian_call_4,"Asian call, 4 observations",0.5,0.01,GradTwo,0.31873906037635136,0.4286861005666572,1.1298347422918067,1.1350436123471404,12,0.004610293753905776
A_plotted_ratio,Mean |J| / sigma; paper's plotted axis,vasicek_mrjd_asian_call_4,"Asian call, 4 observations",0.5,0.01,t-Test CRN,0.27113330057737517,0.3367314320334021,1.1298347422918067,1.1350436123471404,12,0.004610293753905776
A_plotted_ratio,Mean |J| / sigma; paper's plotted axis,vasicek_mrjd_asian_call_4,"Asian call, 4 observations",0.5,0.08,GradOne,0.3122369816974333,0.386652506381381,1.0519011964228482,1.0746683854193635,12,0.021643847420212692
A_plotted_ratio,Mean |J| / sigma; paper's plotted axis,vasicek_mrjd_asian_call_4,"Asian call, 4 observations",0.5,0.08,GradTwo,0.3111819340736821,0.3862816169648733,1.0519011964228482,1.0746683854193635,12,0.021643847420212692
A_plotted_ratio,Mean |J| / sigma; paper's plotted axis,vasicek_mrjd_asian_call_4,"Asian call, 4 observations",0.5,0.08,t-Test CRN,0.27466816396234456,0.3528850313521314,1.0519011964228482,1.0746683854193635,12,0.021643847420212692
A_plotted_ratio,Mean |J| / sigma; paper's plotted axis,vasicek_mrjd_asian_call_4,"Asian call, 4 observations",0.5,0.7,GradOne,0.9325226341744532,0.7900184101326646,1.066117346351791,1.241367857326622,12,0.16438200876716896
A_plotted_ratio,Mean |J| / sigma; paper's plotted axis,vasicek_mrjd_asian_call_4,"Asian call, 4 observations",0.5,0.7,GradTwo,0.8637793945970844,0.750747037500899,1.066117346351791,1.241367857326622,12,0.16438200876716896
A_plotted_ratio,Mean |J| / sigma; paper's plotted axis,vasicek_mrjd_asian_call_4,"Asian call, 4 observations",0.5,0.7,t-Test CRN,0.8654631262943989,0.7486269859797053,1.066117346351791,1.241367857326622,12,0.16438200876716896
A_plotted_ratio,Mean |J| / sigma; paper's plotted axis,vasicek_mrjd_asian_call_4,"Asian call, 4 observations",0.67,0.01,GradOne,0.44590807096462687,0.4490144206835595,1.135793269504782,1.1394853736963713,11,0.0032506832807690077
A_plotted_ratio,Mean |J| / sigma; paper's plotted axis,vasicek_mrjd_asian_call_4,"Asian call, 4 observations",0.67,0.01,GradTwo,0.44624979144461235,0.4490682109082924,1.135793269504782,1.1394853736963713,11,0.0032506832807690077
A_plotted_ratio,Mean |J| / sigma; paper's plotted axis,vasicek_mrjd_asian_call_4,"Asian call, 4 observations",0.67,0.01,t-Test CRN,0.2727568347252621,0.28078081324555054,1.135793269504782,1.1394853736963713,12,0.0032506832807690077
A_plotted_ratio,Mean |J| / sigma; paper's plotted axis,vasicek_mrjd_asian_call_4,"Asian call, 4 observations",0.67,0.08,GradOne,0.320670553170708,0.385275378595715,1.0676620379687578,1.1081945435112504,12,0.03796379762607858
A_plotted_ratio,Mean |J| / sigma; paper's plotted axis,vasicek_mrjd_asian_call_4,"Asian call, 4 observations",0.67,0.08,GradTwo,0.3195067345819883,0.3929063452110977,1.0676620379687578,1.1081945435112504,12,0.03796379762607858
A_plotted_ratio,Mean |J| / sigma; paper's plotted axis,vasicek_mrjd_asian_call_4,"Asian call, 4 observations",0.67,0.08,t-Test CRN,0.2927337412182437,0.37158625353517305,1.0676620379687578,1.1081945435112504,12,0.03796379762607858
A_plotted_ratio,Mean |J| / sigma; paper's plotted axis,vasicek_mrjd_asian_call_4,"Asian call, 4 observations",0.67,0.7,GradOne,0.9384291898119969,0.9296503058432473,1.0888917360730455,1.352452232282236,12,0.24204472077241512
A_plotted_ratio,Mean |J| / sigma; paper's plotted axis,vasicek_mrjd_asian_call_4,"Asian call, 4 observations",0.67,0.7,GradTwo,0.9324307966063372,0.9018399403633474,1.0888917360730455,1.352452232282236,12,0.24204472077241512
A_plotted_ratio,Mean |J| / sigma; paper's plotted axis,vasicek_mrjd_asian_call_4,"Asian call, 4 observations",0.67,0.7,t-Test CRN,0.9395902320888712,0.9095720822152084,1.0888917360730455,1.352452232282236,12,0.24204472077241512
A_plotted_ratio,Mean |J| / sigma; paper's plotted axis,vasicek_mrjd_asian_call_4,"Asian call, 4 observations",1.0,0.01,GradOne,0.24795910597296972,0.3169051254873199,1.0703413407098863,1.0868765027356715,11,0.015448494229717901
A_plotted_ratio,Mean |J| / sigma; paper's plotted axis,vasicek_mrjd_asian_call_4,"Asian call, 4 observations",1.0,0.01,GradTwo,0.24812670382657717,0.3169034029579614,1.0703413407098863,1.0868765027356715,11,0.015448494229717901
A_plotted_ratio,Mean |J| / sigma; paper's plotted axis,vasicek_mrjd_asian_call_4,"Asian call, 4 observations",1.0,0.01,t-Test CRN,0.27868691992908723,0.34202321916187844,1.0703413407098863,1.0868765027356715,12,0.015448494229717901
A_plotted_ratio,Mean |J| / sigma; paper's plotted axis,vasicek_mrjd_asian_call_4,"Asian call, 4 observations",1.0,0.08,GradOne,0.39569357753412915,0.4555858063719456,1.0379381755756534,1.0771996400532533,12,0.03782639987764689
A_plotted_ratio,Mean |J| / sigma; paper's plotted axis,vasicek_mrjd_asian_call_4,"Asian call, 4 observations",1.0,0.08,GradTwo,0.3607183090120335,0.44907567198754555,1.0379381755756534,1.0771996400532533,12,0.03782639987764689
A_plotted_ratio,Mean |J| / sigma; paper's plotted axis,vasicek_mrjd_asian_call_4,"Asian call, 4 observations",1.0,0.08,t-Test CRN,0.34480567703268467,0.4257492268426147,1.0379381755756534,1.0771996400532533,12,0.03782639987764689
A_plotted_ratio,Mean |J| / sigma; paper's plotted axis,vasicek_mrjd_asian_call_4,"Asian call, 4 observations",1.0,0.7,GradOne,0.999521858797623,0.9882619988657696,1.0959149579397334,1.67483262913212,12,0.5282505426157552
A_plotted_ratio,Mean |J| / sigma; paper's plotted axis,vasicek_mrjd_asian_call_4,"Asian call, 4 observations",1.0,0.7,GradTwo,0.9987458550825085,0.9789163653936109,1.0959149579397334,1.67483262913212,12,0.5282505426157552
A_plotted_ratio,Mean |J| / sigma; paper's plotted axis,vasicek_mrjd_asian_call_4,"Asian call, 4 observations",1.0,0.7,t-Test CRN,0.9982404358420309,0.9782884859118993,1.0959149579397334,1.67483262913212,12,0.5282505426157552
A_plotted_ratio,Mean |J| / sigma; paper's plotted axis,vasicek_mrjd_asian_put_12,"Asian put, 12 observations",0.2,0.01,GradOne,0.31892794124545204,0.3170038347797413,1.0310308026991712,1.0288657958966472,12,0.0020998468686446864
A_plotted_ratio,Mean |J| / sigma; paper's plotted axis,vasicek_mrjd_asian_put_12,"Asian put, 12 observations",0.2,0.01,GradTwo,0.3189279412454517,0.3170029073672035,1.0310308026991712,1.0288657958966472,12,0.0020998468686446864
A_plotted_ratio,Mean |J| / sigma; paper's plotted axis,vasicek_mrjd_asian_put_12,"Asian put, 12 observations",0.2,0.01,t-Test CRN,0.5381809220136324,0.5465692235380551,1.0310308026991712,1.0288657958966472,12,0.0020998468686446864
A_plotted_ratio,Mean |J| / sigma; paper's plotted axis,vasicek_mrjd_asian_put_12,"Asian put, 12 observations",0.2,0.08,GradOne,0.16331414114918066,0.27585810716721376,0.9950554031910382,1.0017353521746004,12,0.006713142767870283
A_plotted_ratio,Mean |J| / sigma; paper's plotted axis,vasicek_mrjd_asian_put_12,"Asian put, 12 observations",0.2,0.08,GradTwo,0.16320022892863434,0.27894232709447003,0.9950554031910382,1.0017353521746004,12,0.006713142767870283
A_plotted_ratio,Mean |J| / sigma; paper's plotted axis,vasicek_mrjd_asian_put_12,"Asian put, 12 observations",0.2,0.08,t-Test CRN,0.22191600402151085,0.3241965426195293,0.9950554031910382,1.0017353521746004,12,0.006713142767870283
A_plotted_ratio,Mean |J| / sigma; paper's plotted axis,vasicek_mrjd_asian_put_12,"Asian put, 12 observations",0.2,0.7,GradOne,0.22884942304729,0.3570420940187031,1.003936313229135,1.0424165546534763,12,0.03832936503767909
A_plotted_ratio,Mean |J| / sigma; paper's plotted axis,vasicek_mrjd_asian_put_12,"Asian put, 12 observations",0.2,0.7,GradTwo,0.23529107047362782,0.35703404075485284,1.003936313229135,1.0424165546534763,12,0.03832936503767909
A_plotted_ratio,Mean |J| / sigma; paper's plotted axis,vasicek_mrjd_asian_put_12,"Asian put, 12 observations",0.2,0.7,t-Test CRN,0.2218048298176029,0.3432959810709782,1.003936313229135,1.0424165546534763,12,0.03832936503767909
A_plotted_ratio,Mean |J| / sigma; paper's plotted axis,vasicek_mrjd_asian_put_12,"Asian put, 12 observations",0.33,0.01,GradOne,0.3909655111106871,0.5063430351491335,1.0340329836296829,1.0325377720758422,12,0.0014459998641360267
A_plotted_ratio,Mean |J| / sigma; paper's plotted axis,vasicek_mrjd_asian_put_12,"Asian put, 12 observations",0.33,0.01,GradTwo,0.39114336436351294,0.5066448148361192,1.0340329836296829,1.0325377720758422,12,0.0014459998641360267
A_plotted_ratio,Mean |J| / sigma; paper's plotted axis,vasicek_mrjd_asian_put_12,"Asian put, 12 observations",0.33,0.01,t-Test CRN,0.698276017363556,0.6470216132776895,1.0340329836296829,1.0325377720758422,12,0.0014459998641360267
A_plotted_ratio,Mean |J| / sigma; paper's plotted axis,vasicek_mrjd_asian_put_12,"Asian put, 12 observations",0.33,0.08,GradOne,0.16601290008781586,0.2116174479169766,1.0207542723067529,1.0291050685668588,12,0.008181005445350106
A_plotted_ratio,Mean |J| / sigma; paper's plotted axis,vasicek_mrjd_asian_put_12,"Asian put, 12 observations",0.33,0.08,GradTwo,0.16598265118671865,0.2130096993486312,1.0207542723067529,1.0291050685668588,12,0.008181005445350106
A_plotted_ratio,Mean |J| / sigma; paper's plotted axis,vasicek_mrjd_asian_put_12,"Asian put, 12 observations",0.33,0.08,t-Test CRN,0.13803420591470372,0.2114750690067357,1.0207542723067529,1.0291050685668588,12,0.008181005445350106
A_plotted_ratio,Mean |J| / sigma; paper's plotted axis,vasicek_mrjd_asian_put_12,"Asian put, 12 observations",0.33,0.7,GradOne,0.5974974705634358,0.47624252717204146,0.985702004243783,1.1067858504506796,12,0.12284021508081489
A_plotted_ratio,Mean |J| / sigma; paper's plotted axis,vasicek_mrjd_asian_put_12,"Asian put, 12 observations",0.33,0.7,GradTwo,0.6081534619969616,0.4856639284936446,0.985702004243783,1.1067858504506796,12,0.12284021508081489
A_plotted_ratio,Mean |J| / sigma; paper's plotted axis,vasicek_mrjd_asian_put_12,"Asian put, 12 observations",0.33,0.7,t-Test CRN,0.6031499454445277,0.48475651893208777,0.985702004243783,1.1067858504506796,12,0.12284021508081489
A_plotted_ratio,Mean |J| / sigma; paper's plotted axis,vasicek_mrjd_asian_put_12,"Asian put, 12 observations",0.5,0.01,GradOne,0.25156964326876535,0.3553401217006347,1.0094540332809854,1.0143775630430198,12,0.004877418485348693
A_plotted_ratio,Mean |J| / sigma; paper's plotted axis,vasicek_mrjd_asian_put_12,"Asian put, 12 observations",0.5,0.01,GradTwo,0.25156259028975997,0.3553530143440267,1.0094540332809854,1.0143775630430198,12,0.004877418485348693
A_plotted_ratio,Mean |J| / sigma; paper's plotted axis,vasicek_mrjd_asian_put_12,"Asian put, 12 observations",0.5,0.01,t-Test CRN,0.5039090389424736,0.526664149535854,1.0094540332809854,1.0143775630430198,12,0.004877418485348693
A_plotted_ratio,Mean |J| / sigma; paper's plotted axis,vasicek_mrjd_asian_put_12,"Asian put, 12 observations",0.5,0.08,GradOne,0.22819836151222894,0.3143695361416057,1.045111326857466,1.0602943858850558,12,0.014527695411400263
A_plotted_ratio,Mean |J| / sigma; paper's plotted axis,vasicek_mrjd_asian_put_12,"Asian put, 12 observations",0.5,0.08,GradTwo,0.22779702240325728,0.31450856924370707,1.045111326857466,1.0602943858850558,12,0.014527695411400263
A_plotted_ratio,Mean |J| / sigma; paper's plotted axis,vasicek_mrjd_asian_put_12,"Asian put, 12 observations",0.5,0.08,t-Test CRN,0.23932988841289016,0.31812676162538134,1.045111326857466,1.0602943858850558,12,0.014527695411400263
A_plotted_ratio,Mean |J| / sigma; paper's plotted axis,vasicek_mrjd_asian_put_12,"Asian put, 12 observations",0.5,0.7,GradOne,0.7197764551800041,0.7023201881169557,1.0170731334546632,1.1896675807166535,12,0.1696971845827287
A_plotted_ratio,Mean |J| / sigma; paper's plotted axis,vasicek_mrjd_asian_put_12,"Asian put, 12 observations",0.5,0.7,GradTwo,0.7150264643560129,0.70647783242492,1.0170731334546632,1.1896675807166535,12,0.1696971845827287
A_plotted_ratio,Mean |J| / sigma; paper's plotted axis,vasicek_mrjd_asian_put_12,"Asian put, 12 observations",0.5,0.7,t-Test CRN,0.7047179844938048,0.6973004107212235,1.0170731334546632,1.1896675807166535,12,0.1696971845827287
A_plotted_ratio,Mean |J| / sigma; paper's plotted axis,vasicek_mrjd_asian_put_12,"Asian put, 12 observations",0.67,0.01,GradOne,0.6050308757230565,0.5938908579110856,1.0686877926802616,1.0668247900100898,12,0.001743261860884002
A_plotted_ratio,Mean |J| / sigma; paper's plotted axis,vasicek_mrjd_asian_put_12,"Asian put, 12 observations",0.67,0.01,GradTwo,0.605030875723059,0.5939499056025891,1.0686877926802616,1.0668247900100898,12,0.001743261860884002
A_plotted_ratio,Mean |J| / sigma; paper's plotted axis,vasicek_mrjd_asian_put_12,"Asian put, 12 observations",0.67,0.01,t-Test CRN,0.7554743609924582,0.6276579250300889,1.0686877926802616,1.0668247900100898,12,0.001743261860884002
A_plotted_ratio,Mean |J| / sigma; paper's plotted axis,vasicek_mrjd_asian_put_12,"Asian put, 12 observations",0.67,0.08,GradOne,0.277086103060429,0.28127765439620916,1.0212421191766667,1.0694959320968689,12,0.04725012023505722
A_plotted_ratio,Mean |J| / sigma; paper's plotted axis,vasicek_mrjd_asian_put_12,"Asian put, 12 observations",0.67,0.08,GradTwo,0.27661860165861624,0.2817403913102781,1.0212421191766667,1.0694959320968689,12,0.04725012023505722
A_plotted_ratio,Mean |J| / sigma; paper's plotted axis,vasicek_mrjd_asian_put_12,"Asian put, 12 observations",0.67,0.08,t-Test CRN,0.25064092947172223,0.2791592741248612,1.0212421191766667,1.0694959320968689,12,0.04725012023505722
A_plotted_ratio,Mean |J| / sigma; paper's plotted axis,vasicek_mrjd_asian_put_12,"Asian put, 12 observations",0.67,0.7,GradOne,0.7912366893758342,0.7240060919309251,1.004814682394672,1.2392355012570064,12,0.23329756518253028
A_plotted_ratio,Mean |J| / sigma; paper's plotted axis,vasicek_mrjd_asian_put_12,"Asian put, 12 observations",0.67,0.7,GradTwo,0.7580719473725559,0.6924968192018409,1.004814682394672,1.2392355012570064,12,0.23329756518253028
A_plotted_ratio,Mean |J| / sigma; paper's plotted axis,vasicek_mrjd_asian_put_12,"Asian put, 12 observations",0.67,0.7,t-Test CRN,0.7495118217320647,0.6859957303681535,1.004814682394672,1.2392355012570064,12,0.23329756518253028
A_plotted_ratio,Mean |J| / sigma; paper's plotted axis,vasicek_mrjd_asian_put_12,"Asian put, 12 observations",1.0,0.01,GradOne,0.4058822807382779,0.5414580136094075,1.042181175854648,1.0496258053738479,12,0.007143316048761738
A_plotted_ratio,Mean |J| / sigma; paper's plotted axis,vasicek_mrjd_asian_put_12,"Asian put, 12 observations",1.0,0.01,GradTwo,0.40580544620301107,0.5413843069597194,1.042181175854648,1.0496258053738479,12,0.007143316048761738
A_plotted_ratio,Mean |J| / sigma; paper's plotted axis,vasicek_mrjd_asian_put_12,"Asian put, 12 observations",1.0,0.01,t-Test CRN,0.5040689364392428,0.5908814378810593,1.042181175854648,1.0496258053738479,12,0.007143316048761738
A_plotted_ratio,Mean |J| / sigma; paper's plotted axis,vasicek_mrjd_asian_put_12,"Asian put, 12 observations",1.0,0.08,GradOne,0.19209637273880856,0.2703197026541814,1.007172135448744,1.0959318462001804,12,0.0881276473280207
A_plotted_ratio,Mean |J| / sigma; paper's plotted axis,vasicek_mrjd_asian_put_12,"Asian put, 12 observations",1.0,0.08,GradTwo,0.17640935593535922,0.26263944278307355,1.007172135448744,1.0959318462001804,12,0.0881276473280207
A_plotted_ratio,Mean |J| / sigma; paper's plotted axis,vasicek_mrjd_asian_put_12,"Asian put, 12 observations",1.0,0.08,t-Test CRN,0.16384999127063565,0.25420959019123374,1.007172135448744,1.0959318462001804,12,0.0881276473280207
A_plotted_ratio,Mean |J| / sigma; paper's plotted axis,vasicek_mrjd_asian_put_12,"Asian put, 12 observations",1.0,0.7,GradOne,0.9298413013039878,0.9067147592638363,1.0155623882367628,1.5351843933337093,12,0.5116593634381471
A_plotted_ratio,Mean |J| / sigma; paper's plotted axis,vasicek_mrjd_asian_put_12,"Asian put, 12 observations",1.0,0.7,GradTwo,0.9206194318463832,0.8825515888000187,1.0155623882367628,1.5351843933337093,12,0.5116593634381471
A_plotted_ratio,Mean |J| / sigma; paper's plotted axis,vasicek_mrjd_asian_put_12,"Asian put, 12 observations",1.0,0.7,t-Test CRN,0.9168278918707617,0.8803288214001722,1.0155623882367628,1.5351843933337093,12,0.5116593634381471
A_plotted_ratio,Mean |J| / sigma; paper's plotted axis,vasicek_mrjd_vanilla_put,"Vanilla put, 1 observation",0.2,0.01,GradOne,0.18704466426430444,0.25335351473410017,4.016545506554987,4.0229721665515275,12,0.0016000466037424613
A_plotted_ratio,Mean |J| / sigma; paper's plotted axis,vasicek_mrjd_vanilla_put,"Vanilla put, 1 observation",0.2,0.01,GradTwo,0.18704466426430433,0.25335351473410017,4.016545506554987,4.0229721665515275,12,0.0016000466037424613
A_plotted_ratio,Mean |J| / sigma; paper's plotted axis,vasicek_mrjd_vanilla_put,"Vanilla put, 1 observation",0.2,0.01,t-Test CRN,0.21639980810869947,0.41009917021367026,4.016545506554987,4.0229721665515275,12,0.0016000466037424613
A_plotted_ratio,Mean |J| / sigma; paper's plotted axis,vasicek_mrjd_vanilla_put,"Vanilla put, 1 observation",0.2,0.08,GradOne,0.14560006877904091,0.21625539633084956,4.072169860313931,4.073633445990355,12,0.00035941174524364925
A_plotted_ratio,Mean |J| / sigma; paper's plotted axis,vasicek_mrjd_vanilla_put,"Vanilla put, 1 observation",0.2,0.08,GradTwo,0.1458027243789719,0.22159095798252423,4.072169860313931,4.073633445990355,12,0.00035941174524364925
A_plotted_ratio,Mean |J| / sigma; paper's plotted axis,vasicek_mrjd_vanilla_put,"Vanilla put, 1 observation",0.2,0.08,t-Test CRN,0.14441728756217964,0.18447594511065282,4.072169860313931,4.073633445990355,12,0.00035941174524364925
A_plotted_ratio,Mean |J| / sigma; paper's plotted axis,vasicek_mrjd_vanilla_put,"Vanilla put, 1 observation",0.2,0.7,GradOne,0.2575323589489793,0.29802442196498974,4.0724850008960924,4.100213714070466,12,0.006808794426074552
A_plotted_ratio,Mean |J| / sigma; paper's plotted axis,vasicek_mrjd_vanilla_put,"Vanilla put, 1 observation",0.2,0.7,GradTwo,0.24864643637425227,0.29767082487563984,4.0724850008960924,4.100213714070466,12,0.006808794426074552
A_plotted_ratio,Mean |J| / sigma; paper's plotted axis,vasicek_mrjd_vanilla_put,"Vanilla put, 1 observation",0.2,0.7,t-Test CRN,0.21441349598258186,0.2675667668396707,4.0724850008960924,4.100213714070466,12,0.006808794426074552
A_plotted_ratio,Mean |J| / sigma; paper's plotted axis,vasicek_mrjd_vanilla_put,"Vanilla put, 1 observation",0.33,0.01,GradOne,0.1996429856176674,0.2586962229026805,3.987859360925012,3.986044129770095,12,0.00045518936116544786
A_plotted_ratio,Mean |J| / sigma; paper's plotted axis,vasicek_mrjd_vanilla_put,"Vanilla put, 1 observation",0.33,0.01,GradTwo,0.19964099399486784,0.2586958909655472,3.987859360925012,3.986044129770095,12,0.00045518936116544786
A_plotted_ratio,Mean |J| / sigma; paper's plotted axis,vasicek_mrjd_vanilla_put,"Vanilla put, 1 observation",0.33,0.01,t-Test CRN,0.16746425053874897,0.34191260452705796,3.987859360925012,3.986044129770095,12,0.00045518936116544786
A_plotted_ratio,Mean |J| / sigma; paper's plotted axis,vasicek_mrjd_vanilla_put,"Vanilla put, 1 observation",0.33,0.08,GradOne,0.1880766458799935,0.21356457375267765,3.9956559955355377,4.026264549841991,12,0.007660457842380068
A_plotted_ratio,Mean |J| / sigma; paper's plotted axis,vasicek_mrjd_vanilla_put,"Vanilla put, 1 observation",0.33,0.08,GradTwo,0.19194396019002433,0.2160222763371843,3.9956559955355377,4.026264549841991,12,0.007660457842380068
A_plotted_ratio,Mean |J| / sigma; paper's plotted axis,vasicek_mrjd_vanilla_put,"Vanilla put, 1 observation",0.33,0.08,t-Test CRN,0.20199338382010507,0.2083008885913581,3.9956559955355377,4.026264549841991,12,0.007660457842380068
A_plotted_ratio,Mean |J| / sigma; paper's plotted axis,vasicek_mrjd_vanilla_put,"Vanilla put, 1 observation",0.33,0.7,GradOne,0.37985207875977406,0.4334056471777254,4.071167874670138,4.191856250405585,12,0.029644657123166482
A_plotted_ratio,Mean |J| / sigma; paper's plotted axis,vasicek_mrjd_vanilla_put,"Vanilla put, 1 observation",0.33,0.7,GradTwo,0.39556789662899056,0.4344119048317176,4.071167874670138,4.191856250405585,12,0.029644657123166482
A_plotted_ratio,Mean |J| / sigma; paper's plotted axis,vasicek_mrjd_vanilla_put,"Vanilla put, 1 observation",0.33,0.7,t-Test CRN,0.3664023984851925,0.4104475308827511,4.071167874670138,4.191856250405585,12,0.029644657123166482
A_plotted_ratio,Mean |J| / sigma; paper's plotted axis,vasicek_mrjd_vanilla_put,"Vanilla put, 1 observation",0.5,0.01,GradOne,0.2315885813071804,0.2980645641835118,4.04158111660778,4.032727166107353,12,0.002190714535963197
A_plotted_ratio,Mean |J| / sigma; paper's plotted axis,vasicek_mrjd_vanilla_put,"Vanilla put, 1 observation",0.5,0.01,GradTwo,0.2315885813071804,0.29808836549173884,4.04158111660778,4.032727166107353,12,0.002190714535963197
A_plotted_ratio,Mean |J| / sigma; paper's plotted axis,vasicek_mrjd_vanilla_put,"Vanilla put, 1 observation",0.5,0.01,t-Test CRN,0.4386816764732251,0.4620531551964418,4.04158111660778,4.032727166107353,12,0.002190714535963197
A_plotted_ratio,Mean |J| / sigma; paper's plotted axis,vasicek_mrjd_vanilla_put,"Vanilla put, 1 observation",0.5,0.08,GradOne,0.26949775261181297,0.3184896060456202,4.067051932511628,4.120272289956567,12,0.013085733432489643
A_plotted_ratio,Mean |J| / sigma; paper's plotted axis,vasicek_mrjd_vanilla_put,"Vanilla put, 1 observation",0.5,0.08,GradTwo,0.2588923412047919,0.3143562103500443,4.067051932511628,4.120272289956567,12,0.013085733432489643
A_plotted_ratio,Mean |J| / sigma; paper's plotted axis,vasicek_mrjd_vanilla_put,"Vanilla put, 1 observation",0.5,0.08,t-Test CRN,0.217024013602304,0.28046449370653387,4.067051932511628,4.120272289956567,12,0.013085733432489643
A_plotted_ratio,Mean |J| / sigma; paper's plotted axis,vasicek_mrjd_vanilla_put,"Vanilla put, 1 observation",0.5,0.7,GradOne,0.1693991617788913,0.27525654629472585,4.033660225914904,4.165541424513482,12,0.03269516796464071
A_plotted_ratio,Mean |J| / sigma; paper's plotted axis,vasicek_mrjd_vanilla_put,"Vanilla put, 1 observation",0.5,0.7,GradTwo,0.19752983158841214,0.27542538985601617,4.033660225914904,4.165541424513482,12,0.03269516796464071
A_plotted_ratio,Mean |J| / sigma; paper's plotted axis,vasicek_mrjd_vanilla_put,"Vanilla put, 1 observation",0.5,0.7,t-Test CRN,0.18625610325367248,0.26610897283235463,4.033660225914904,4.165541424513482,12,0.03269516796464071
A_plotted_ratio,Mean |J| / sigma; paper's plotted axis,vasicek_mrjd_vanilla_put,"Vanilla put, 1 observation",0.67,0.01,GradOne,0.2071957309173778,0.3023106355593928,3.993189987498324,4.014946889015336,12,0.005448501470034593
A_plotted_ratio,Mean |J| / sigma; paper's plotted axis,vasicek_mrjd_vanilla_put,"Vanilla put, 1 observation",0.67,0.01,GradTwo,0.2071957309173778,0.29911021096679286,3.993189987498324,4.014946889015336,12,0.005448501470034593
A_plotted_ratio,Mean |J| / sigma; paper's plotted axis,vasicek_mrjd_vanilla_put,"Vanilla put, 1 observation",0.67,0.01,t-Test CRN,0.15019096190127035,0.35166299589469635,3.993189987498324,4.014946889015336,12,0.005448501470034593
A_plotted_ratio,Mean |J| / sigma; paper's plotted axis,vasicek_mrjd_vanilla_put,"Vanilla put, 1 observation",0.67,0.08,GradOne,0.2289061227750412,0.3479182694975998,3.9969138594303013,3.998684190483031,12,0.0004429244949957608
A_plotted_ratio,Mean |J| / sigma; paper's plotted axis,vasicek_mrjd_vanilla_put,"Vanilla put, 1 observation",0.67,0.08,GradTwo,0.22970916764832877,0.34775191094816044,3.9969138594303013,3.998684190483031,12,0.0004429244949957608
A_plotted_ratio,Mean |J| / sigma; paper's plotted axis,vasicek_mrjd_vanilla_put,"Vanilla put, 1 observation",0.67,0.08,t-Test CRN,0.22000716750607277,0.3553650197797696,3.9969138594303013,3.998684190483031,12,0.0004429244949957608
A_plotted_ratio,Mean |J| / sigma; paper's plotted axis,vasicek_mrjd_vanilla_put,"Vanilla put, 1 observation",0.67,0.7,GradOne,0.4848403599357556,0.5178196086455524,3.9464576559738127,4.341304724042046,12,0.10005100839497093
A_plotted_ratio,Mean |J| / sigma; paper's plotted axis,vasicek_mrjd_vanilla_put,"Vanilla put, 1 observation",0.67,0.7,GradTwo,0.4770272688476891,0.519169512555508,3.9464576559738127,4.341304724042046,12,0.10005100839497093
A_plotted_ratio,Mean |J| / sigma; paper's plotted axis,vasicek_mrjd_vanilla_put,"Vanilla put, 1 observation",0.67,0.7,t-Test CRN,0.4650722777490529,0.5096455885823945,3.9464576559738127,4.341304724042046,12,0.10005100839497093
A_plotted_ratio,Mean |J| / sigma; paper's plotted axis,vasicek_mrjd_vanilla_put,"Vanilla put, 1 observation",1.0,0.01,GradOne,0.38750344871162457,0.43803850292550234,4.016643070625669,4.010726350829832,12,0.0014730509263088558
A_plotted_ratio,Mean |J| / sigma; paper's plotted axis,vasicek_mrjd_vanilla_put,"Vanilla put, 1 observation",1.0,0.01,GradTwo,0.38716505969942505,0.43796853285794685,4.016643070625669,4.010726350829832,12,0.0014730509263088558
A_plotted_ratio,Mean |J| / sigma; paper's plotted axis,vasicek_mrjd_vanilla_put,"Vanilla put, 1 observation",1.0,0.01,t-Test CRN,0.6409960689235971,0.5725676693190137,4.016643070625669,4.010726350829832,12,0.0014730509263088558
A_plotted_ratio,Mean |J| / sigma; paper's plotted axis,vasicek_mrjd_vanilla_put,"Vanilla put, 1 observation",1.0,0.08,GradOne,0.30292990509518236,0.2999177529843801,4.026786773459854,4.092238070003926,12,0.01625397624116957
A_plotted_ratio,Mean |J| / sigma; paper's plotted axis,vasicek_mrjd_vanilla_put,"Vanilla put, 1 observation",1.0,0.08,GradTwo,0.29642167092225913,0.29676504536155507,4.026786773459854,4.092238070003926,12,0.01625397624116957
A_plotted_ratio,Mean |J| / sigma; paper's plotted axis,vasicek_mrjd_vanilla_put,"Vanilla put, 1 observation",1.0,0.08,t-Test CRN,0.2555623038813536,0.27535537341181077,4.026786773459854,4.092238070003926,12,0.01625397624116957
A_plotted_ratio,Mean |J| / sigma; paper's plotted axis,vasicek_mrjd_vanilla_put,"Vanilla put, 1 observation",1.0,0.7,GradOne,0.6922388046973318,0.6180460424129988,4.056471782195157,4.648932971698261,12,0.14605332449335912
A_plotted_ratio,Mean |J| / sigma; paper's plotted axis,vasicek_mrjd_vanilla_put,"Vanilla put, 1 observation",1.0,0.7,GradTwo,0.6776754771039144,0.6224704378960884,4.056471782195157,4.648932971698261,12,0.14605332449335912
A_plotted_ratio,Mean |J| / sigma; paper's plotted axis,vasicek_mrjd_vanilla_put,"Vanilla put, 1 observation",1.0,0.7,t-Test CRN,0.6882463026988106,0.6127697753591418,4.056471782195157,4.648932971698261,12,0.14605332449335912
C_beta_as_rates,Treat Table 2 beta values as exponential rates,vasicek_mrjd_asian_call_4,"Asian call, 4 observations",0.2,0.01,GradOne,0.3600020511088046,0.3999329784096029,1.0576554238190252,1.0559301658663913,12,0.0016312098569912917
C_beta_as_rates,Treat Table 2 beta values as exponential rates,vasicek_mrjd_asian_call_4,"Asian call, 4 observations",0.2,0.01,GradTwo,0.3600135240551505,0.3999350514118274,1.0576554238190252,1.0559301658663913,12,0.0016312098569912917
C_beta_as_rates,Treat Table 2 beta values as exponential rates,vasicek_mrjd_asian_call_4,"Asian call, 4 observations",0.2,0.01,t-Test CRN,0.7336660789312355,0.6282027371105433,1.0576554238190252,1.0559301658663913,12,0.0016312098569912917
C_beta_as_rates,Treat Table 2 beta values as exponential rates,vasicek_mrjd_asian_call_4,"Asian call, 4 observations",0.2,0.08,GradOne,0.15062817558695024,0.2125349378527621,1.0460896932227988,1.052353489256422,12,0.005987819279937279
C_beta_as_rates,Treat Table 2 beta values as exponential rates,vasicek_mrjd_asian_call_4,"Asian call, 4 observations",0.2,0.08,GradTwo,0.15431568669846268,0.21558618650822503,1.0460896932227988,1.052353489256422,12,0.005987819279937279
C_beta_as_rates,Treat Table 2 beta values as exponential rates,vasicek_mrjd_asian_call_4,"Asian call, 4 observations",0.2,0.08,t-Test CRN,0.21038756276099385,0.23132783486555678,1.0460896932227988,1.052353489256422,12,0.005987819279937279
C_beta_as_rates,Treat Table 2 beta values as exponential rates,vasicek_mrjd_asian_call_4,"Asian call, 4 observations",0.2,0.7,GradOne,0.41822797215492286,0.4408638077073716,1.082376052813518,1.102620839204461,12,0.018704022819350866
C_beta_as_rates,Treat Table 2 beta values as exponential rates,vasicek_mrjd_asian_call_4,"Asian call, 4 observations",0.2,0.7,GradTwo,0.41645602741024845,0.4311216389574604,1.082376052813518,1.102620839204461,12,0.018704022819350866
C_beta_as_rates,Treat Table 2 beta values as exponential rates,vasicek_mrjd_asian_call_4,"Asian call, 4 observations",0.2,0.7,t-Test CRN,0.39693973572614444,0.41995999695334724,1.082376052813518,1.102620839204461,12,0.018704022819350866
C_beta_as_rates,Treat Table 2 beta values as exponential rates,vasicek_mrjd_asian_call_4,"Asian call, 4 observations",0.33,0.01,GradOne,0.2884576467916895,0.4062088806113134,1.1286358889015518,1.1360368677219095,12,0.00655745479399982
C_beta_as_rates,Treat Table 2 beta values as exponential rates,vasicek_mrjd_asian_call_4,"Asian call, 4 observations",0.33,0.01,GradTwo,0.2884576467916895,0.4062082230534943,1.1286358889015518,1.1360368677219095,12,0.00655745479399982
C_beta_as_rates,Treat Table 2 beta values as exponential rates,vasicek_mrjd_asian_call_4,"Asian call, 4 observations",0.33,0.01,t-Test CRN,0.3031683336600248,0.47722894834995605,1.1286358889015518,1.1360368677219095,12,0.00655745479399982
C_beta_as_rates,Treat Table 2 beta values as exponential rates,vasicek_mrjd_asian_call_4,"Asian call, 4 observations",0.33,0.08,GradOne,0.2527682001992526,0.2427222555425251,1.0722586339157187,1.074273107519169,12,0.0018787198719898918
C_beta_as_rates,Treat Table 2 beta values as exponential rates,vasicek_mrjd_asian_call_4,"Asian call, 4 observations",0.33,0.08,GradTwo,0.22971329366061305,0.24137423996865026,1.0722586339157187,1.074273107519169,12,0.0018787198719898918
C_beta_as_rates,Treat Table 2 beta values as exponential rates,vasicek_mrjd_asian_call_4,"Asian call, 4 observations",0.33,0.08,t-Test CRN,0.21635335441457293,0.23495370819811012,1.0722586339157187,1.074273107519169,12,0.0018787198719898918
C_beta_as_rates,Treat Table 2 beta values as exponential rates,vasicek_mrjd_asian_call_4,"Asian call, 4 observations",0.33,0.7,GradOne,0.5192776151330156,0.532549351440337,1.0726159688464887,1.1748531865623575,12,0.09531577068148316
C_beta_as_rates,Treat Table 2 beta values as exponential rates,vasicek_mrjd_asian_call_4,"Asian call, 4 observations",0.33,0.7,GradTwo,0.5162124958397302,0.5297037923138332,1.0726159688464887,1.1748531865623575,12,0.09531577068148316
C_beta_as_rates,Treat Table 2 beta values as exponential rates,vasicek_mrjd_asian_call_4,"Asian call, 4 observations",0.33,0.7,t-Test CRN,0.5003092062797687,0.5157200967467247,1.0726159688464887,1.1748531865623575,12,0.09531577068148316
C_beta_as_rates,Treat Table 2 beta values as exponential rates,vasicek_mrjd_asian_call_4,"Asian call, 4 observations",0.5,0.01,GradOne,0.28477612032394717,0.3950340455319372,1.1298347422918067,1.1369552504598277,12,0.006302256340230305
C_beta_as_rates,Treat Table 2 beta values as exponential rates,vasicek_mrjd_asian_call_4,"Asian call, 4 observations",0.5,0.01,GradTwo,0.28477344669900845,0.3950314544932496,1.1298347422918067,1.1369552504598277,12,0.006302256340230305
C_beta_as_rates,Treat Table 2 beta values as exponential rates,vasicek_mrjd_asian_call_4,"Asian call, 4 observations",0.5,0.01,t-Test CRN,0.705614250460779,0.5955211462001422,1.1298347422918067,1.1369552504598277,12,0.006302256340230305
C_beta_as_rates,Treat Table 2 beta values as exponential rates,vasicek_mrjd_asian_call_4,"Asian call, 4 observations",0.5,0.08,GradOne,0.2507991129073277,0.272675278874557,1.0519011964228482,1.0766176974930914,12,0.023496979710922967
C_beta_as_rates,Treat Table 2 beta values as exponential rates,vasicek_mrjd_asian_call_4,"Asian call, 4 observations",0.5,0.08,GradTwo,0.2504723337478586,0.2719991743645614,1.0519011964228482,1.0766176974930914,12,0.023496979710922967
C_beta_as_rates,Treat Table 2 beta values as exponential rates,vasicek_mrjd_asian_call_4,"Asian call, 4 observations",0.5,0.08,t-Test CRN,0.23275569951180525,0.25364959429772044,1.0519011964228482,1.0766176974930914,12,0.023496979710922967
C_beta_as_rates,Treat Table 2 beta values as exponential rates,vasicek_mrjd_asian_call_4,"Asian call, 4 observations",0.5,0.7,GradOne,0.7485886207197188,0.6411663401991565,1.066117346351791,1.2270702660583455,12,0.15097111050423165
C_beta_as_rates,Treat Table 2 beta values as exponential rates,vasicek_mrjd_asian_call_4,"Asian call, 4 observations",0.5,0.7,GradTwo,0.6939721018225529,0.6012915731598313,1.066117346351791,1.2270702660583455,12,0.15097111050423165
C_beta_as_rates,Treat Table 2 beta values as exponential rates,vasicek_mrjd_asian_call_4,"Asian call, 4 observations",0.5,0.7,t-Test CRN,0.6805487380113127,0.601660860693325,1.066117346351791,1.2270702660583455,12,0.15097111050423165
C_beta_as_rates,Treat Table 2 beta values as exponential rates,vasicek_mrjd_asian_call_4,"Asian call, 4 observations",0.67,0.01,GradOne,0.3794634130224401,0.5008208891680228,1.135793269504782,1.1382421205657818,12,0.0021560711150079314
C_beta_as_rates,Treat Table 2 beta values as exponential rates,vasicek_mrjd_asian_call_4,"Asian call, 4 observations",0.67,0.01,GradTwo,0.37946341302244013,0.5019010271102263,1.135793269504782,1.1382421205657818,12,0.0021560711150079314
C_beta_as_rates,Treat Table 2 beta values as exponential rates,vasicek_mrjd_asian_call_4,"Asian call, 4 observations",0.67,0.01,t-Test CRN,0.4436196350728809,0.5469673565742316,1.135793269504782,1.1382421205657818,12,0.0021560711150079314
C_beta_as_rates,Treat Table 2 beta values as exponential rates,vasicek_mrjd_asian_call_4,"Asian call, 4 observations",0.67,0.08,GradOne,0.23755893529154193,0.25457001547133234,1.0676620379687578,1.106721078823572,12,0.03658371232260401
C_beta_as_rates,Treat Table 2 beta values as exponential rates,vasicek_mrjd_asian_call_4,"Asian call, 4 observations",0.67,0.08,GradTwo,0.2543802282648371,0.2637561229082454,1.0676620379687578,1.106721078823572,12,0.03658371232260401
C_beta_as_rates,Treat Table 2 beta values as exponential rates,vasicek_mrjd_asian_call_4,"Asian call, 4 observations",0.67,0.08,t-Test CRN,0.24860907433670862,0.25214020668407394,1.0676620379687578,1.106721078823572,12,0.03658371232260401
C_beta_as_rates,Treat Table 2 beta values as exponential rates,vasicek_mrjd_asian_call_4,"Asian call, 4 observations",0.67,0.7,GradOne,0.74566722844324,0.7511243631365637,1.0888917360730455,1.354940969681352,12,0.24433028995865136
C_beta_as_rates,Treat Table 2 beta values as exponential rates,vasicek_mrjd_asian_call_4,"Asian call, 4 observations",0.67,0.7,GradTwo,0.724112853627338,0.7334828609658085,1.0888917360730455,1.354940969681352,12,0.24433028995865136
C_beta_as_rates,Treat Table 2 beta values as exponential rates,vasicek_mrjd_asian_call_4,"Asian call, 4 observations",0.67,0.7,t-Test CRN,0.7147604014247606,0.7353693722025237,1.0888917360730455,1.354940969681352,12,0.24433028995865136
C_beta_as_rates,Treat Table 2 beta values as exponential rates,vasicek_mrjd_asian_call_4,"Asian call, 4 observations",1.0,0.01,GradOne,0.38589078997628934,0.3934099514415294,1.0703413407098863,1.089210064803249,12,0.017628697851517477
C_beta_as_rates,Treat Table 2 beta values as exponential rates,vasicek_mrjd_asian_call_4,"Asian call, 4 observations",1.0,0.01,GradTwo,0.386528022681607,0.39358889561778926,1.0703413407098863,1.089210064803249,12,0.017628697851517477
C_beta_as_rates,Treat Table 2 beta values as exponential rates,vasicek_mrjd_asian_call_4,"Asian call, 4 observations",1.0,0.01,t-Test CRN,0.5075047136683937,0.47627477447762373,1.0703413407098863,1.089210064803249,12,0.017628697851517477
C_beta_as_rates,Treat Table 2 beta values as exponential rates,vasicek_mrjd_asian_call_4,"Asian call, 4 observations",1.0,0.08,GradOne,0.24866773037354006,0.32018361859053424,1.0379381755756534,1.065841623851592,12,0.026883535968279616
C_beta_as_rates,Treat Table 2 beta values as exponential rates,vasicek_mrjd_asian_call_4,"Asian call, 4 observations",1.0,0.08,GradTwo,0.2450366576210493,0.32143433942438665,1.0379381755756534,1.065841623851592,12,0.026883535968279616
C_beta_as_rates,Treat Table 2 beta values as exponential rates,vasicek_mrjd_asian_call_4,"Asian call, 4 observations",1.0,0.08,t-Test CRN,0.23810131127506737,0.3188978594768623,1.0379381755756534,1.065841623851592,12,0.026883535968279616
C_beta_as_rates,Treat Table 2 beta values as exponential rates,vasicek_mrjd_asian_call_4,"Asian call, 4 observations",1.0,0.7,GradOne,0.9701275553179901,0.9211956805060441,1.0959149579397334,1.7410804309724424,12,0.5887003077735051
C_beta_as_rates,Treat Table 2 beta values as exponential rates,vasicek_mrjd_asian_call_4,"Asian call, 4 observations",1.0,0.7,GradTwo,0.9542244716757493,0.9037986779247298,1.0959149579397334,1.7410804309724424,12,0.5887003077735051
C_beta_as_rates,Treat Table 2 beta values as exponential rates,vasicek_mrjd_asian_call_4,"Asian call, 4 observations",1.0,0.7,t-Test CRN,0.9567903822191415,0.9040352170617739,1.0959149579397334,1.7410804309724424,12,0.5887003077735051
C_beta_as_rates,Treat Table 2 beta values as exponential rates,vasicek_mrjd_asian_put_12,"Asian put, 12 observations",0.2,0.01,GradOne,0.22815048608576294,0.2843766605677024,1.0310308026991712,1.0289958676232351,12,0.0019736898942386387
C_beta_as_rates,Treat Table 2 beta values as exponential rates,vasicek_mrjd_asian_put_12,"Asian put, 12 observations",0.2,0.01,GradTwo,0.22815048608576297,0.28437895837994503,1.0310308026991712,1.0289958676232351,12,0.0019736898942386387
C_beta_as_rates,Treat Table 2 beta values as exponential rates,vasicek_mrjd_asian_put_12,"Asian put, 12 observations",0.2,0.01,t-Test CRN,0.3733551601475098,0.410400631158093,1.0310308026991712,1.0289958676232351,12,0.0019736898942386387
C_beta_as_rates,Treat Table 2 beta values as exponential rates,vasicek_mrjd_asian_put_12,"Asian put, 12 observations",0.2,0.08,GradOne,0.2820778588383214,0.29245612014045946,0.9950554031910382,1.0031402816494008,12,0.008125053572328969
C_beta_as_rates,Treat Table 2 beta values as exponential rates,vasicek_mrjd_asian_put_12,"Asian put, 12 observations",0.2,0.08,GradTwo,0.28227471454688924,0.29594323960688923,0.9950554031910382,1.0031402816494008,12,0.008125053572328969
C_beta_as_rates,Treat Table 2 beta values as exponential rates,vasicek_mrjd_asian_put_12,"Asian put, 12 observations",0.2,0.08,t-Test CRN,0.21706256989677225,0.2519419673319075,0.9950554031910382,1.0031402816494008,12,0.008125053572328969
C_beta_as_rates,Treat Table 2 beta values as exponential rates,vasicek_mrjd_asian_put_12,"Asian put, 12 observations",0.2,0.7,GradOne,0.3634909380720006,0.4267575827875771,1.003936313229135,1.041223309476335,12,0.037140798430995436
C_beta_as_rates,Treat Table 2 beta values as exponential rates,vasicek_mrjd_asian_put_12,"Asian put, 12 observations",0.2,0.7,GradTwo,0.33457863418845013,0.4163414591804458,1.003936313229135,1.041223309476335,12,0.037140798430995436
C_beta_as_rates,Treat Table 2 beta values as exponential rates,vasicek_mrjd_asian_put_12,"Asian put, 12 observations",0.2,0.7,t-Test CRN,0.3071346516534744,0.39982768088680193,1.003936313229135,1.041223309476335,12,0.037140798430995436
C_beta_as_rates,Treat Table 2 beta values as exponential rates,vasicek_mrjd_asian_put_12,"Asian put, 12 observations",0.33,0.01,GradOne,0.21057130988657813,0.3360659860672215,1.0340329836296829,1.0329493194578592,11,0.0010479976838067648
C_beta_as_rates,Treat Table 2 beta values as exponential rates,vasicek_mrjd_asian_put_12,"Asian put, 12 observations",0.33,0.01,GradTwo,0.21057130988657802,0.33608450475652785,1.0340329836296829,1.0329493194578592,11,0.0010479976838067648
C_beta_as_rates,Treat Table 2 beta values as exponential rates,vasicek_mrjd_asian_put_12,"Asian put, 12 observations",0.33,0.01,t-Test CRN,0.44654329224893996,0.5256447261469005,1.0340329836296829,1.0329493194578592,12,0.0010479976838067648
C_beta_as_rates,Treat Table 2 beta values as exponential rates,vasicek_mrjd_asian_put_12,"Asian put, 12 observations",0.33,0.08,GradOne,0.17558380988623595,0.3023242017942165,1.0207542723067529,1.031741706004147,12,0.010764034004544612
C_beta_as_rates,Treat Table 2 beta values as exponential rates,vasicek_mrjd_asian_put_12,"Asian put, 12 observations",0.33,0.08,GradTwo,0.17523278331477943,0.3030391154662513,1.0207542723067529,1.031741706004147,12,0.010764034004544612
C_beta_as_rates,Treat Table 2 beta values as exponential rates,vasicek_mrjd_asian_put_12,"Asian put, 12 observations",0.33,0.08,t-Test CRN,0.183256191029872,0.27517156243610974,1.0207542723067529,1.031741706004147,12,0.010764034004544612
C_beta_as_rates,Treat Table 2 beta values as exponential rates,vasicek_mrjd_asian_put_12,"Asian put, 12 observations",0.33,0.7,GradOne,0.7535274994773871,0.5676478966506365,0.985702004243783,1.0996109987649523,12,0.1155612893458188
C_beta_as_rates,Treat Table 2 beta values as exponential rates,vasicek_mrjd_asian_put_12,"Asian put, 12 observations",0.33,0.7,GradTwo,0.7195398566883942,0.554695359512517,0.985702004243783,1.0996109987649523,12,0.1155612893458188
C_beta_as_rates,Treat Table 2 beta values as exponential rates,vasicek_mrjd_asian_put_12,"Asian put, 12 observations",0.33,0.7,t-Test CRN,0.675592098183125,0.5410123408441926,0.985702004243783,1.0996109987649523,12,0.1155612893458188
C_beta_as_rates,Treat Table 2 beta values as exponential rates,vasicek_mrjd_asian_put_12,"Asian put, 12 observations",0.5,0.01,GradOne,0.310056636990135,0.4208433268689273,1.0094540332809854,1.013116969262319,11,0.0036286307851266086
C_beta_as_rates,Treat Table 2 beta values as exponential rates,vasicek_mrjd_asian_put_12,"Asian put, 12 observations",0.5,0.01,GradTwo,0.3100566369901337,0.4208691474957773,1.0094540332809854,1.013116969262319,11,0.0036286307851266086
C_beta_as_rates,Treat Table 2 beta values as exponential rates,vasicek_mrjd_asian_put_12,"Asian put, 12 observations",0.5,0.01,t-Test CRN,0.267596669876979,0.31358584472780154,1.0094540332809854,1.013116969262319,12,0.0036286307851266086
C_beta_as_rates,Treat Table 2 beta values as exponential rates,vasicek_mrjd_asian_put_12,"Asian put, 12 observations",0.5,0.08,GradOne,0.3526219123863258,0.3571250701378257,1.045111326857466,1.067287082080755,12,0.021218557921450235
C_beta_as_rates,Treat Table 2 beta values as exponential rates,vasicek_mrjd_asian_put_12,"Asian put, 12 observations",0.5,0.08,GradTwo,0.3490312151835817,0.3560133152137632,1.045111326857466,1.067287082080755,12,0.021218557921450235
C_beta_as_rates,Treat Table 2 beta values as exponential rates,vasicek_mrjd_asian_put_12,"Asian put, 12 observations",0.5,0.08,t-Test CRN,0.3172924848958201,0.3365338658952421,1.045111326857466,1.067287082080755,12,0.021218557921450235
C_beta_as_rates,Treat Table 2 beta values as exponential rates,vasicek_mrjd_asian_put_12,"Asian put, 12 observations",0.5,0.7,GradOne,0.8675635413741267,0.8602632326579324,1.0170731334546632,1.1499337726814052,12,0.1306303694951198
C_beta_as_rates,Treat Table 2 beta values as exponential rates,vasicek_mrjd_asian_put_12,"Asian put, 12 observations",0.5,0.7,GradTwo,0.8713737477805225,0.8738679508963342,1.0170731334546632,1.1499337726814052,12,0.1306303694951198
C_beta_as_rates,Treat Table 2 beta values as exponential rates,vasicek_mrjd_asian_put_12,"Asian put, 12 observations",0.5,0.7,t-Test CRN,0.8670789214169231,0.8572103938439821,1.0170731334546632,1.1499337726814052,12,0.1306303694951198
C_beta_as_rates,Treat Table 2 beta values as exponential rates,vasicek_mrjd_asian_put_12,"Asian put, 12 observations",0.67,0.01,GradOne,0.2610345225741963,0.3343708974488736,1.0686877926802616,1.0705507953504334,9,0.001743261860884002
C_beta_as_rates,Treat Table 2 beta values as exponential rates,vasicek_mrjd_asian_put_12,"Asian put, 12 observations",0.67,0.01,GradTwo,0.26103452257419696,0.33401206981025716,1.0686877926802616,1.0705507953504334,9,0.001743261860884002
C_beta_as_rates,Treat Table 2 beta values as exponential rates,vasicek_mrjd_asian_put_12,"Asian put, 12 observations",0.67,0.01,t-Test CRN,0.31470594700093935,0.3979562579265103,1.0686877926802616,1.0705507953504334,12,0.001743261860884002
C_beta_as_rates,Treat Table 2 beta values as exponential rates,vasicek_mrjd_asian_put_12,"Asian put, 12 observations",0.67,0.08,GradOne,0.4494149651180732,0.49953272874710936,1.0212421191766667,1.0684980819338943,12,0.046273025632085824
C_beta_as_rates,Treat Table 2 beta values as exponential rates,vasicek_mrjd_asian_put_12,"Asian put, 12 observations",0.67,0.08,GradTwo,0.44697257890220854,0.4966821466184245,1.0212421191766667,1.0684980819338943,12,0.046273025632085824
C_beta_as_rates,Treat Table 2 beta values as exponential rates,vasicek_mrjd_asian_put_12,"Asian put, 12 observations",0.67,0.08,t-Test CRN,0.40009448763978006,0.4735102631998473,1.0212421191766667,1.0684980819338943,12,0.046273025632085824
C_beta_as_rates,Treat Table 2 beta values as exponential rates,vasicek_mrjd_asian_put_12,"Asian put, 12 observations",0.67,0.7,GradOne,0.9814070958711809,0.9042368251522355,1.004814682394672,1.2655401053485535,12,0.2594761278094796
C_beta_as_rates,Treat Table 2 beta values as exponential rates,vasicek_mrjd_asian_put_12,"Asian put, 12 observations",0.67,0.7,GradTwo,0.9700354365225352,0.8550522101505843,1.004814682394672,1.2655401053485535,12,0.2594761278094796
C_beta_as_rates,Treat Table 2 beta values as exponential rates,vasicek_mrjd_asian_put_12,"Asian put, 12 observations",0.67,0.7,t-Test CRN,0.9646848413902707,0.8506256854551552,1.004814682394672,1.2655401053485535,12,0.2594761278094796
C_beta_as_rates,Treat Table 2 beta values as exponential rates,vasicek_mrjd_asian_put_12,"Asian put, 12 observations",1.0,0.01,GradOne,0.2982871701531607,0.3055578756589397,1.042181175854648,1.0519049587941347,9,0.009330223155789269
C_beta_as_rates,Treat Table 2 beta values as exponential rates,vasicek_mrjd_asian_put_12,"Asian put, 12 observations",1.0,0.01,GradTwo,0.2982871701531607,0.3049393796693265,1.042181175854648,1.0519049587941347,9,0.009330223155789269
C_beta_as_rates,Treat Table 2 beta values as exponential rates,vasicek_mrjd_asian_put_12,"Asian put, 12 observations",1.0,0.01,t-Test CRN,0.272143624875139,0.39288693955553905,1.042181175854648,1.0519049587941347,12,0.009330223155789269
C_beta_as_rates,Treat Table 2 beta values as exponential rates,vasicek_mrjd_asian_put_12,"Asian put, 12 observations",1.0,0.08,GradOne,0.3295113988696237,0.3928209706153709,1.007172135448744,1.097277489256791,12,0.08946370797669126
C_beta_as_rates,Treat Table 2 beta values as exponential rates,vasicek_mrjd_asian_put_12,"Asian put, 12 observations",1.0,0.08,GradTwo,0.3127750523739363,0.3759039244033829,1.007172135448744,1.097277489256791,12,0.08946370797669126
C_beta_as_rates,Treat Table 2 beta values as exponential rates,vasicek_mrjd_asian_put_12,"Asian put, 12 observations",1.0,0.08,t-Test CRN,0.28530647760094785,0.3642195380030023,1.007172135448744,1.097277489256791,12,0.08946370797669126
C_beta_as_rates,Treat Table 2 beta values as exponential rates,vasicek_mrjd_asian_put_12,"Asian put, 12 observations",1.0,0.7,GradOne,0.9979543323064882,0.9948663158170562,1.0155623882367628,1.5058686457974657,12,0.48279284782491916
C_beta_as_rates,Treat Table 2 beta values as exponential rates,vasicek_mrjd_asian_put_12,"Asian put, 12 observations",1.0,0.7,GradTwo,0.9933068092947736,0.9880111995109168,1.0155623882367628,1.5058686457974657,12,0.48279284782491916
C_beta_as_rates,Treat Table 2 beta values as exponential rates,vasicek_mrjd_asian_put_12,"Asian put, 12 observations",1.0,0.7,t-Test CRN,0.9933042836239317,0.9887449455016335,1.0155623882367628,1.5058686457974657,12,0.48279284782491916
C_beta_as_rates,Treat Table 2 beta values as exponential rates,vasicek_mrjd_vanilla_put,"Vanilla put, 1 observation",0.2,0.01,GradOne,0.42407555495299293,0.40945439943198597,4.016545506554987,4.022584430333438,11,0.0015035118533067225
C_beta_as_rates,Treat Table 2 beta values as exponential rates,vasicek_mrjd_vanilla_put,"Vanilla put, 1 observation",0.2,0.01,GradTwo,0.42407555495299293,0.40945439943198597,4.016545506554987,4.022584430333438,11,0.0015035118533067225
C_beta_as_rates,Treat Table 2 beta values as exponential rates,vasicek_mrjd_vanilla_put,"Vanilla put, 1 observation",0.2,0.01,t-Test CRN,0.24239546014927543,0.43964214280501485,4.016545506554987,4.022584430333438,12,0.0015035118533067225
C_beta_as_rates,Treat Table 2 beta values as exponential rates,vasicek_mrjd_vanilla_put,"Vanilla put, 1 observation",0.2,0.08,GradOne,0.1664200115697777,0.24850148498261596,4.072169860313931,4.075694490516103,12,0.0008655410562613769
C_beta_as_rates,Treat Table 2 beta values as exponential rates,vasicek_mrjd_vanilla_put,"Vanilla put, 1 observation",0.2,0.08,GradTwo,0.16582671641646046,0.2486311759288269,4.072169860313931,4.075694490516103,12,0.0008655410562613769
C_beta_as_rates,Treat Table 2 beta values as exponential rates,vasicek_mrjd_vanilla_put,"Vanilla put, 1 observation",0.2,0.08,t-Test CRN,0.1481853471902138,0.1871145680625065,4.072169860313931,4.075694490516103,12,0.0008655410562613769
C_beta_as_rates,Treat Table 2 beta values as exponential rates,vasicek_mrjd_vanilla_put,"Vanilla put, 1 observation",0.2,0.7,GradOne,0.3680139859074265,0.3755506592048837,4.0724850008960924,4.108740809873268,12,0.008902625539246442
C_beta_as_rates,Treat Table 2 beta values as exponential rates,vasicek_mrjd_vanilla_put,"Vanilla put, 1 observation",0.2,0.7,GradTwo,0.37664700453418787,0.3744733008793517,4.0724850008960924,4.108740809873268,12,0.008902625539246442
C_beta_as_rates,Treat Table 2 beta values as exponential rates,vasicek_mrjd_vanilla_put,"Vanilla put, 1 observation",0.2,0.7,t-Test CRN,0.3509997677632113,0.3392581207162728,4.0724850008960924,4.108740809873268,12,0.008902625539246442
C_beta_as_rates,Treat Table 2 beta values as exponential rates,vasicek_mrjd_vanilla_put,"Vanilla put, 1 observation",0.33,0.01,GradOne,0.25622927365120246,0.2938149665008265,3.987859360925012,3.9884833495452625,12,0.0001564720728029522
C_beta_as_rates,Treat Table 2 beta values as exponential rates,vasicek_mrjd_vanilla_put,"Vanilla put, 1 observation",0.33,0.01,GradTwo,0.25622927365120246,0.29381656561058617,3.987859360925012,3.9884833495452625,12,0.0001564720728029522
C_beta_as_rates,Treat Table 2 beta values as exponential rates,vasicek_mrjd_vanilla_put,"Vanilla put, 1 observation",0.33,0.01,t-Test CRN,0.14579189985906452,0.26335550428794435,3.987859360925012,3.9884833495452625,12,0.0001564720728029522
C_beta_as_rates,Treat Table 2 beta values as exponential rates,vasicek_mrjd_vanilla_put,"Vanilla put, 1 observation",0.33,0.08,GradOne,0.20021507867972538,0.25427233842346403,3.9956559955355377,4.01226132805648,12,0.004155846384047115
C_beta_as_rates,Treat Table 2 beta values as exponential rates,vasicek_mrjd_vanilla_put,"Vanilla put, 1 observation",0.33,0.08,GradTwo,0.19889668752674652,0.2588334199251352,3.9956559955355377,4.01226132805648,12,0.004155846384047115
C_beta_as_rates,Treat Table 2 beta values as exponential rates,vasicek_mrjd_vanilla_put,"Vanilla put, 1 observation",0.33,0.08,t-Test CRN,0.17824886410426471,0.2169296233197159,3.9956559955355377,4.01226132805648,12,0.004155846384047115
C_beta_as_rates,Treat Table 2 beta values as exponential rates,vasicek_mrjd_vanilla_put,"Vanilla put, 1 observation",0.33,0.7,GradOne,0.461910000749457,0.5198506766681378,4.071167874670138,4.230240812541931,12,0.03907304802179927
C_beta_as_rates,Treat Table 2 beta values as exponential rates,vasicek_mrjd_vanilla_put,"Vanilla put, 1 observation",0.33,0.7,GradTwo,0.4963030396896544,0.5123371172438693,4.071167874670138,4.230240812541931,12,0.03907304802179927
C_beta_as_rates,Treat Table 2 beta values as exponential rates,vasicek_mrjd_vanilla_put,"Vanilla put, 1 observation",0.33,0.7,t-Test CRN,0.4922579443031071,0.4924620585845519,4.071167874670138,4.230240812541931,12,0.03907304802179927
C_beta_as_rates,Treat Table 2 beta values as exponential rates,vasicek_mrjd_vanilla_put,"Vanilla put, 1 observation",0.5,0.01,GradOne,0.25817632610462127,0.2971122878434525,4.04158111660778,4.0302111964840055,11,0.002813235660928118
C_beta_as_rates,Treat Table 2 beta values as exponential rates,vasicek_mrjd_vanilla_put,"Vanilla put, 1 observation",0.5,0.01,GradTwo,0.25817632610462127,0.2971113646400974,4.04158111660778,4.0302111964840055,11,0.002813235660928118
C_beta_as_rates,Treat Table 2 beta values as exponential rates,vasicek_mrjd_vanilla_put,"Vanilla put, 1 observation",0.5,0.01,t-Test CRN,0.3154516782915868,0.33502034234364486,4.04158111660778,4.0302111964840055,12,0.002813235660928118
C_beta_as_rates,Treat Table 2 beta values as exponential rates,vasicek_mrjd_vanilla_put,"Vanilla put, 1 observation",0.5,0.08,GradOne,0.3928295212351298,0.48568854598715355,4.067051932511628,4.106409908069082,12,0.009677273910084676
C_beta_as_rates,Treat Table 2 beta values as exponential rates,vasicek_mrjd_vanilla_put,"Vanilla put, 1 observation",0.5,0.08,GradTwo,0.3924547579061488,0.4811482928481053,4.067051932511628,4.106409908069082,12,0.009677273910084676
C_beta_as_rates,Treat Table 2 beta values as exponential rates,vasicek_mrjd_vanilla_put,"Vanilla put, 1 observation",0.5,0.08,t-Test CRN,0.32454143194368856,0.4237028660733748,4.067051932511628,4.106409908069082,12,0.009677273910084676
C_beta_as_rates,Treat Table 2 beta values as exponential rates,vasicek_mrjd_vanilla_put,"Vanilla put, 1 observation",0.5,0.7,GradOne,0.43796092418162536,0.49511030716754645,4.033660225914904,4.222857660253442,12,0.04690465327818344
C_beta_as_rates,Treat Table 2 beta values as exponential rates,vasicek_mrjd_vanilla_put,"Vanilla put, 1 observation",0.5,0.7,GradTwo,0.47917252832030166,0.5165791823126908,4.033660225914904,4.222857660253442,12,0.04690465327818344
C_beta_as_rates,Treat Table 2 beta values as exponential rates,vasicek_mrjd_vanilla_put,"Vanilla put, 1 observation",0.5,0.7,t-Test CRN,0.4373726827119948,0.49589477060517667,4.033660225914904,4.222857660253442,12,0.04690465327818344
C_beta_as_rates,Treat Table 2 beta values as exponential rates,vasicek_mrjd_vanilla_put,"Vanilla put, 1 observation",0.67,0.01,GradOne,0.30338125750901984,0.3658117293500623,3.993189987498324,4.014022391580079,12,0.005216982950216784
C_beta_as_rates,Treat Table 2 beta values as exponential rates,vasicek_mrjd_vanilla_put,"Vanilla put, 1 observation",0.67,0.01,GradTwo,0.3032150942765959,0.3663426171154643,3.993189987498324,4.014022391580079,12,0.005216982950216784
C_beta_as_rates,Treat Table 2 beta values as exponential rates,vasicek_mrjd_vanilla_put,"Vanilla put, 1 observation",0.67,0.01,t-Test CRN,0.21216248810388677,0.2684353712096181,3.993189987498324,4.014022391580079,12,0.005216982950216784
C_beta_as_rates,Treat Table 2 beta values as exponential rates,vasicek_mrjd_vanilla_put,"Vanilla put, 1 observation",0.67,0.08,GradOne,0.1737083650844743,0.3350546178195207,3.9969138594303013,4.027946533811438,12,0.007764158916739744
C_beta_as_rates,Treat Table 2 beta values as exponential rates,vasicek_mrjd_vanilla_put,"Vanilla put, 1 observation",0.67,0.08,GradTwo,0.1752390018223452,0.33482376623742277,3.9969138594303013,4.027946533811438,12,0.007764158916739744
C_beta_as_rates,Treat Table 2 beta values as exponential rates,vasicek_mrjd_vanilla_put,"Vanilla put, 1 observation",0.67,0.08,t-Test CRN,0.21244199082507387,0.31968140684100804,3.9969138594303013,4.027946533811438,12,0.007764158916739744
C_beta_as_rates,Treat Table 2 beta values as exponential rates,vasicek_mrjd_vanilla_put,"Vanilla put, 1 observation",0.67,0.7,GradOne,0.8485644617283967,0.8017818099744631,3.9464576559738127,4.375343763845802,12,0.10867622188287707
C_beta_as_rates,Treat Table 2 beta values as exponential rates,vasicek_mrjd_vanilla_put,"Vanilla put, 1 observation",0.67,0.7,GradTwo,0.8423385497063178,0.7814438557004437,3.9464576559738127,4.375343763845802,12,0.10867622188287707
C_beta_as_rates,Treat Table 2 beta values as exponential rates,vasicek_mrjd_vanilla_put,"Vanilla put, 1 observation",0.67,0.7,t-Test CRN,0.8209360096528112,0.7710872911278908,3.9464576559738127,4.375343763845802,12,0.10867622188287707
C_beta_as_rates,Treat Table 2 beta values as exponential rates,vasicek_mrjd_vanilla_put,"Vanilla put, 1 observation",1.0,0.01,GradOne,0.3385511734951327,0.4534580968928624,4.016643070625669,4.025376995988724,12,0.0021744340259973547
C_beta_as_rates,Treat Table 2 beta values as exponential rates,vasicek_mrjd_vanilla_put,"Vanilla put, 1 observation",1.0,0.01,GradTwo,0.3385418916328653,0.4521938567939093,4.016643070625669,4.025376995988724,12,0.0021744340259973547
C_beta_as_rates,Treat Table 2 beta values as exponential rates,vasicek_mrjd_vanilla_put,"Vanilla put, 1 observation",1.0,0.01,t-Test CRN,0.2623636720959083,0.23907131780923022,4.016643070625669,4.025376995988724,12,0.0021744340259973547
C_beta_as_rates,Treat Table 2 beta values as exponential rates,vasicek_mrjd_vanilla_put,"Vanilla put, 1 observation",1.0,0.08,GradOne,0.5849117269620034,0.534417050163096,4.026786773459854,4.119394049270545,12,0.022997809673225327
C_beta_as_rates,Treat Table 2 beta values as exponential rates,vasicek_mrjd_vanilla_put,"Vanilla put, 1 observation",1.0,0.08,GradTwo,0.5856957120312402,0.530409495186598,4.026786773459854,4.119394049270545,12,0.022997809673225327
C_beta_as_rates,Treat Table 2 beta values as exponential rates,vasicek_mrjd_vanilla_put,"Vanilla put, 1 observation",1.0,0.08,t-Test CRN,0.5371790957927058,0.49366835233574397,4.026786773459854,4.119394049270545,12,0.022997809673225327
C_beta_as_rates,Treat Table 2 beta values as exponential rates,vasicek_mrjd_vanilla_put,"Vanilla put, 1 observation",1.0,0.7,GradOne,0.988420522907573,0.9175376009176773,4.056471782195157,4.87355530597078,12,0.2014271434999257
C_beta_as_rates,Treat Table 2 beta values as exponential rates,vasicek_mrjd_vanilla_put,"Vanilla put, 1 observation",1.0,0.7,GradTwo,0.9837186404467806,0.908840949295068,4.056471782195157,4.87355530597078,12,0.2014271434999257
C_beta_as_rates,Treat Table 2 beta values as exponential rates,vasicek_mrjd_vanilla_put,"Vanilla put, 1 observation",1.0,0.7,t-Test CRN,0.9816101570122856,0.9006009096220279,4.056471782195157,4.87355530597078,12,0.2014271434999257
D_pi_plus_025,Positive-jump probability 0.25 sensitivity,vasicek_mrjd_asian_call_4,"Asian call, 4 observations",0.2,0.01,GradOne,0.2961745184691669,0.3771286503447404,1.0576554238190252,1.0582238445017031,11,0.0005374346596034572
D_pi_plus_025,Positive-jump probability 0.25 sensitivity,vasicek_mrjd_asian_call_4,"Asian call, 4 observations",0.2,0.01,GradTwo,0.29640763291937366,0.37715414707899764,1.0576554238190252,1.0582238445017031,11,0.0005374346596034572
D_pi_plus_025,Positive-jump probability 0.25 sensitivity,vasicek_mrjd_asian_call_4,"Asian call, 4 observations",0.2,0.01,t-Test CRN,0.3880845407328038,0.4221510954468645,1.0576554238190252,1.0582238445017031,12,0.0005374346596034572
D_pi_plus_025,Positive-jump probability 0.25 sensitivity,vasicek_mrjd_asian_call_4,"Asian call, 4 observations",0.2,0.08,GradOne,0.17594875875265997,0.18115567924042272,1.0460896932227988,1.0468151661851715,12,0.0006935093301011745
D_pi_plus_025,Positive-jump probability 0.25 sensitivity,vasicek_mrjd_asian_call_4,"Asian call, 4 observations",0.2,0.08,GradTwo,0.17969566104155413,0.18682098083459675,1.0460896932227988,1.0468151661851715,12,0.0006935093301011745
D_pi_plus_025,Positive-jump probability 0.25 sensitivity,vasicek_mrjd_asian_call_4,"Asian call, 4 observations",0.2,0.08,t-Test CRN,0.19036740216677206,0.19680607517101045,1.0460896932227988,1.0468151661851715,12,0.0006935093301011745
D_pi_plus_025,Positive-jump probability 0.25 sensitivity,vasicek_mrjd_asian_call_4,"Asian call, 4 observations",0.2,0.7,GradOne,0.33693835756197377,0.3813849948537597,1.082376052813518,1.0988402554875245,12,0.015211166794765654
D_pi_plus_025,Positive-jump probability 0.25 sensitivity,vasicek_mrjd_asian_call_4,"Asian call, 4 observations",0.2,0.7,GradTwo,0.308135484356649,0.3767065830446646,1.082376052813518,1.0988402554875245,12,0.015211166794765654
D_pi_plus_025,Positive-jump probability 0.25 sensitivity,vasicek_mrjd_asian_call_4,"Asian call, 4 observations",0.2,0.7,t-Test CRN,0.2863206770446126,0.36053658533339955,1.082376052813518,1.0988402554875245,12,0.015211166794765654
D_pi_plus_025,Positive-jump probability 0.25 sensitivity,vasicek_mrjd_asian_call_4,"Asian call, 4 observations",0.33,0.01,GradOne,0.36515125934107373,0.42074801227873737,1.1286358889015518,1.1323952144509537,11,0.003330857707405285
D_pi_plus_025,Positive-jump probability 0.25 sensitivity,vasicek_mrjd_asian_call_4,"Asian call, 4 observations",0.33,0.01,GradTwo,0.3656022268459538,0.42078384287706566,1.1286358889015518,1.1323952144509537,11,0.003330857707405285
D_pi_plus_025,Positive-jump probability 0.25 sensitivity,vasicek_mrjd_asian_call_4,"Asian call, 4 observations",0.33,0.01,t-Test CRN,0.29810783196124885,0.35805007920253035,1.1286358889015518,1.1323952144509537,12,0.003330857707405285
D_pi_plus_025,Positive-jump probability 0.25 sensitivity,vasicek_mrjd_asian_call_4,"Asian call, 4 observations",0.33,0.08,GradOne,0.3838870773265767,0.42160760705573613,1.0722586339157187,1.086083116784565,12,0.01289286225503401
D_pi_plus_025,Positive-jump probability 0.25 sensitivity,vasicek_mrjd_asian_call_4,"Asian call, 4 observations",0.33,0.08,GradTwo,0.3807178570809327,0.40860089193075194,1.0722586339157187,1.086083116784565,12,0.01289286225503401
D_pi_plus_025,Positive-jump probability 0.25 sensitivity,vasicek_mrjd_asian_call_4,"Asian call, 4 observations",0.33,0.08,t-Test CRN,0.32086715344181815,0.3540698273175657,1.0722586339157187,1.086083116784565,12,0.01289286225503401
D_pi_plus_025,Positive-jump probability 0.25 sensitivity,vasicek_mrjd_asian_call_4,"Asian call, 4 observations",0.33,0.7,GradOne,0.7878423698362029,0.7014607711810606,1.0726159688464887,1.169827532654017,12,0.09063035292311704
D_pi_plus_025,Positive-jump probability 0.25 sensitivity,vasicek_mrjd_asian_call_4,"Asian call, 4 observations",0.33,0.7,GradTwo,0.7964168653641611,0.6976284356077471,1.0726159688464887,1.169827532654017,12,0.09063035292311704
D_pi_plus_025,Positive-jump probability 0.25 sensitivity,vasicek_mrjd_asian_call_4,"Asian call, 4 observations",0.33,0.7,t-Test CRN,0.8022083539812901,0.6922618135419377,1.0726159688464887,1.169827532654017,12,0.09063035292311704
D_pi_plus_025,Positive-jump probability 0.25 sensitivity,vasicek_mrjd_asian_call_4,"Asian call, 4 observations",0.5,0.01,GradOne,0.6042378921395839,0.5802776361283845,1.1298347422918067,1.1425406283504536,12,0.011245791603888621
D_pi_plus_025,Positive-jump probability 0.25 sensitivity,vasicek_mrjd_asian_call_4,"Asian call, 4 observations",0.5,0.01,GradTwo,0.6031398938573358,0.5791213054120031,1.1298347422918067,1.1425406283504536,12,0.011245791603888621
D_pi_plus_025,Positive-jump probability 0.25 sensitivity,vasicek_mrjd_asian_call_4,"Asian call, 4 observations",0.5,0.01,t-Test CRN,0.32041082142678967,0.438990849784099,1.1298347422918067,1.1425406283504536,12,0.011245791603888621
D_pi_plus_025,Positive-jump probability 0.25 sensitivity,vasicek_mrjd_asian_call_4,"Asian call, 4 observations",0.5,0.08,GradOne,0.4093456139536311,0.46540432898329026,1.0519011964228482,1.082313142608889,12,0.028911409445546137
D_pi_plus_025,Positive-jump probability 0.25 sensitivity,vasicek_mrjd_asian_call_4,"Asian call, 4 observations",0.5,0.08,GradTwo,0.39706971653131123,0.45751261744236144,1.0519011964228482,1.082313142608889,12,0.028911409445546137
D_pi_plus_025,Positive-jump probability 0.25 sensitivity,vasicek_mrjd_asian_call_4,"Asian call, 4 observations",0.5,0.08,t-Test CRN,0.3557642452844777,0.4175877659722107,1.0519011964228482,1.082313142608889,12,0.028911409445546137
D_pi_plus_025,Positive-jump probability 0.25 sensitivity,vasicek_mrjd_asian_call_4,"Asian call, 4 observations",0.5,0.7,GradOne,0.9748317066813066,0.8795163617538417,1.066117346351791,1.2632902137735247,12,0.18494480752653636
D_pi_plus_025,Positive-jump probability 0.25 sensitivity,vasicek_mrjd_asian_call_4,"Asian call, 4 observations",0.5,0.7,GradTwo,0.9468132206909361,0.8266871759017952,1.066117346351791,1.2632902137735247,12,0.18494480752653636
D_pi_plus_025,Positive-jump probability 0.25 sensitivity,vasicek_mrjd_asian_call_4,"Asian call, 4 observations",0.5,0.7,t-Test CRN,0.9483628145823337,0.825601339872799,1.066117346351791,1.2632902137735247,12,0.18494480752653636
D_pi_plus_025,Positive-jump probability 0.25 sensitivity,vasicek_mrjd_asian_call_4,"Asian call, 4 observations",0.67,0.01,GradOne,0.2185148588667258,0.38241025610715923,1.135793269504782,1.1352640520247546,11,0.00046594525098593727
D_pi_plus_025,Positive-jump probability 0.25 sensitivity,vasicek_mrjd_asian_call_4,"Asian call, 4 observations",0.67,0.01,GradTwo,0.21851485886672145,0.3812468522514607,1.135793269504782,1.1352640520247546,11,0.00046594525098593727
D_pi_plus_025,Positive-jump probability 0.25 sensitivity,vasicek_mrjd_asian_call_4,"Asian call, 4 observations",0.67,0.01,t-Test CRN,0.15769565752122397,0.3560107538859811,1.135793269504782,1.1352640520247546,12,0.00046594525098593727
D_pi_plus_025,Positive-jump probability 0.25 sensitivity,vasicek_mrjd_asian_call_4,"Asian call, 4 observations",0.67,0.08,GradOne,0.4292403322776226,0.4621147679883623,1.0676620379687578,1.1007486800039241,12,0.030989808439863722
D_pi_plus_025,Positive-jump probability 0.25 sensitivity,vasicek_mrjd_asian_call_4,"Asian call, 4 observations",0.67,0.08,GradTwo,0.4262638937007073,0.471969619483707,1.0676620379687578,1.1007486800039241,12,0.030989808439863722
D_pi_plus_025,Positive-jump probability 0.25 sensitivity,vasicek_mrjd_asian_call_4,"Asian call, 4 observations",0.67,0.08,t-Test CRN,0.39696419364644253,0.4462893658644355,1.0676620379687578,1.1007486800039241,12,0.030989808439863722
D_pi_plus_025,Positive-jump probability 0.25 sensitivity,vasicek_mrjd_asian_call_4,"Asian call, 4 observations",0.67,0.7,GradOne,0.9896090042979313,0.9800348219018962,1.0888917360730455,1.3904381535071897,12,0.2769296592530259
D_pi_plus_025,Positive-jump probability 0.25 sensitivity,vasicek_mrjd_asian_call_4,"Asian call, 4 observations",0.67,0.7,GradTwo,0.9868375201022825,0.9747750179447352,1.0888917360730455,1.3904381535071897,12,0.2769296592530259
D_pi_plus_025,Positive-jump probability 0.25 sensitivity,vasicek_mrjd_asian_call_4,"Asian call, 4 observations",0.67,0.7,t-Test CRN,0.9888831601785812,0.9794953288056271,1.0888917360730455,1.3904381535071897,12,0.2769296592530259
D_pi_plus_025,Positive-jump probability 0.25 sensitivity,vasicek_mrjd_asian_call_4,"Asian call, 4 observations",1.0,0.01,GradOne,0.26944279911034563,0.4016665041302323,1.0703413407098863,1.0765776467154256,10,0.005826464669114932
D_pi_plus_025,Positive-jump probability 0.25 sensitivity,vasicek_mrjd_asian_call_4,"Asian call, 4 observations",1.0,0.01,GradTwo,0.26741036969068643,0.40151485875717513,1.0703413407098863,1.0765776467154256,10,0.005826464669114932
D_pi_plus_025,Positive-jump probability 0.25 sensitivity,vasicek_mrjd_asian_call_4,"Asian call, 4 observations",1.0,0.01,t-Test CRN,0.20156765103125526,0.28794109767292114,1.0703413407098863,1.0765776467154256,9,0.005826464669114932
D_pi_plus_025,Positive-jump probability 0.25 sensitivity,vasicek_mrjd_asian_call_4,"Asian call, 4 observations",1.0,0.08,GradOne,0.7795889309898378,0.65812879436634,1.0379381755756534,1.0980064626361825,12,0.05787270231891656
D_pi_plus_025,Positive-jump probability 0.25 sensitivity,vasicek_mrjd_asian_call_4,"Asian call, 4 observations",1.0,0.08,GradTwo,0.7353562458003753,0.6556952942912484,1.0379381755756534,1.0980064626361825,12,0.05787270231891656
D_pi_plus_025,Positive-jump probability 0.25 sensitivity,vasicek_mrjd_asian_call_4,"Asian call, 4 observations",1.0,0.08,t-Test CRN,0.7071606099715284,0.6363054460603959,1.0379381755756534,1.0980064626361825,12,0.05787270231891656
D_pi_plus_025,Positive-jump probability 0.25 sensitivity,vasicek_mrjd_asian_call_4,"Asian call, 4 observations",1.0,0.7,GradOne,0.9999835211524115,0.9926263644415285,1.0959149579397334,1.6109539873521657,12,0.46996258759044635
D_pi_plus_025,Positive-jump probability 0.25 sensitivity,vasicek_mrjd_asian_call_4,"Asian call, 4 observations",1.0,0.7,GradTwo,0.9999120921741748,0.9884470567346658,1.0959149579397334,1.6109539873521657,12,0.46996258759044635
D_pi_plus_025,Positive-jump probability 0.25 sensitivity,vasicek_mrjd_asian_call_4,"Asian call, 4 observations",1.0,0.7,t-Test CRN,0.9999311470857134,0.9901140726934963,1.0959149579397334,1.6109539873521657,12,0.46996258759044635
D_pi_plus_025,Positive-jump probability 0.25 sensitivity,vasicek_mrjd_asian_put_12,"Asian put, 12 observations",0.2,0.01,GradOne,0.3273591062627801,0.38878802896145487,1.0310308026991712,1.0290937961601,12,0.0018787087000700497
D_pi_plus_025,Positive-jump probability 0.25 sensitivity,vasicek_mrjd_asian_put_12,"Asian put, 12 observations",0.2,0.01,GradTwo,0.32735910626278186,0.3887858248362774,1.0310308026991712,1.0290937961601,12,0.0018787087000700497
D_pi_plus_025,Positive-jump probability 0.25 sensitivity,vasicek_mrjd_asian_put_12,"Asian put, 12 observations",0.2,0.01,t-Test CRN,0.512045207377442,0.5430214818366264,1.0310308026991712,1.0290937961601,12,0.0018787087000700497
D_pi_plus_025,Positive-jump probability 0.25 sensitivity,vasicek_mrjd_asian_put_12,"Asian put, 12 observations",0.2,0.08,GradOne,0.2507818493749893,0.34679722711618743,0.9950554031910382,1.0025701571712244,12,0.007552096050217071
D_pi_plus_025,Positive-jump probability 0.25 sensitivity,vasicek_mrjd_asian_put_12,"Asian put, 12 observations",0.2,0.08,GradTwo,0.25133404923265057,0.3473548007298748,0.9950554031910382,1.0025701571712244,12,0.007552096050217071
D_pi_plus_025,Positive-jump probability 0.25 sensitivity,vasicek_mrjd_asian_put_12,"Asian put, 12 observations",0.2,0.08,t-Test CRN,0.2126617935816645,0.3783262554475792,0.9950554031910382,1.0025701571712244,12,0.007552096050217071
D_pi_plus_025,Positive-jump probability 0.25 sensitivity,vasicek_mrjd_asian_put_12,"Asian put, 12 observations",0.2,0.7,GradOne,0.3099134006628316,0.3565076729268142,1.003936313229135,1.0329063271381314,12,0.028856425977674863
D_pi_plus_025,Positive-jump probability 0.25 sensitivity,vasicek_mrjd_asian_put_12,"Asian put, 12 observations",0.2,0.7,GradTwo,0.3382994230491293,0.3524924771812777,1.003936313229135,1.0329063271381314,12,0.028856425977674863
D_pi_plus_025,Positive-jump probability 0.25 sensitivity,vasicek_mrjd_asian_put_12,"Asian put, 12 observations",0.2,0.7,t-Test CRN,0.30741005997056325,0.3337711306360343,1.003936313229135,1.0329063271381314,12,0.028856425977674863
D_pi_plus_025,Positive-jump probability 0.25 sensitivity,vasicek_mrjd_asian_put_12,"Asian put, 12 observations",0.33,0.01,GradOne,0.7590331908237455,0.6303365898520876,1.0340329836296829,1.0325537700097103,12,0.001430528468038073
D_pi_plus_025,Positive-jump probability 0.25 sensitivity,vasicek_mrjd_asian_put_12,"Asian put, 12 observations",0.33,0.01,GradTwo,0.7595471870145811,0.631358098387315,1.0340329836296829,1.0325537700097103,12,0.001430528468038073
D_pi_plus_025,Positive-jump probability 0.25 sensitivity,vasicek_mrjd_asian_put_12,"Asian put, 12 observations",0.33,0.01,t-Test CRN,0.9988815767110264,0.7060368488861998,1.0340329836296829,1.0325537700097103,12,0.001430528468038073
D_pi_plus_025,Positive-jump probability 0.25 sensitivity,vasicek_mrjd_asian_put_12,"Asian put, 12 observations",0.33,0.08,GradOne,0.13976288504488033,0.17476886312209594,1.0207542723067529,1.0220844414269261,12,0.0013031237353210072
D_pi_plus_025,Positive-jump probability 0.25 sensitivity,vasicek_mrjd_asian_put_12,"Asian put, 12 observations",0.33,0.08,GradTwo,0.13779008279511873,0.17420132263154042,1.0207542723067529,1.0220844414269261,12,0.0013031237353210072
D_pi_plus_025,Positive-jump probability 0.25 sensitivity,vasicek_mrjd_asian_put_12,"Asian put, 12 observations",0.33,0.08,t-Test CRN,0.12405205105349007,0.16941718545886045,1.0207542723067529,1.0220844414269261,12,0.0013031237353210072
D_pi_plus_025,Positive-jump probability 0.25 sensitivity,vasicek_mrjd_asian_put_12,"Asian put, 12 observations",0.33,0.7,GradOne,0.5486623330894635,0.493177705632933,0.985702004243783,1.1024072260762894,12,0.11839807703550433
D_pi_plus_025,Positive-jump probability 0.25 sensitivity,vasicek_mrjd_asian_put_12,"Asian put, 12 observations",0.33,0.7,GradTwo,0.5305552893944325,0.48153298686902707,0.985702004243783,1.1024072260762894,12,0.11839807703550433
D_pi_plus_025,Positive-jump probability 0.25 sensitivity,vasicek_mrjd_asian_put_12,"Asian put, 12 observations",0.33,0.7,t-Test CRN,0.5221706553582792,0.4780883070149091,0.985702004243783,1.1024072260762894,12,0.11839807703550433
D_pi_plus_025,Positive-jump probability 0.25 sensitivity,vasicek_mrjd_asian_put_12,"Asian put, 12 observations",0.5,0.01,GradOne,0.20885337906045975,0.4680395808433025,1.0094540332809854,1.0147388777832487,12,0.005235349335408758
D_pi_plus_025,Positive-jump probability 0.25 sensitivity,vasicek_mrjd_asian_put_12,"Asian put, 12 observations",0.5,0.01,GradTwo,0.20882253323002006,0.4681858897726235,1.0094540332809854,1.0147388777832487,12,0.005235349335408758
D_pi_plus_025,Positive-jump probability 0.25 sensitivity,vasicek_mrjd_asian_put_12,"Asian put, 12 observations",0.5,0.01,t-Test CRN,0.27862059830105307,0.5031185484234619,1.0094540332809854,1.0147388777832487,12,0.005235349335408758
D_pi_plus_025,Positive-jump probability 0.25 sensitivity,vasicek_mrjd_asian_put_12,"Asian put, 12 observations",0.5,0.08,GradOne,0.37774481330998,0.37023489626438993,1.045111326857466,1.0556883249522095,12,0.010120451116482777
D_pi_plus_025,Positive-jump probability 0.25 sensitivity,vasicek_mrjd_asian_put_12,"Asian put, 12 observations",0.5,0.08,GradTwo,0.38945119415989127,0.3726416842372649,1.045111326857466,1.0556883249522095,12,0.010120451116482777
D_pi_plus_025,Positive-jump probability 0.25 sensitivity,vasicek_mrjd_asian_put_12,"Asian put, 12 observations",0.5,0.08,t-Test CRN,0.3651468247784356,0.36928400230570047,1.045111326857466,1.0556883249522095,12,0.010120451116482777
D_pi_plus_025,Positive-jump probability 0.25 sensitivity,vasicek_mrjd_asian_put_12,"Asian put, 12 observations",0.5,0.7,GradOne,0.7061427352471414,0.6105452833126715,1.0170731334546632,1.2023849466665257,12,0.1822010700276972
D_pi_plus_025,Positive-jump probability 0.25 sensitivity,vasicek_mrjd_asian_put_12,"Asian put, 12 observations",0.5,0.7,GradTwo,0.6980574205651175,0.6075158766279333,1.0170731334546632,1.2023849466665257,12,0.1822010700276972
D_pi_plus_025,Positive-jump probability 0.25 sensitivity,vasicek_mrjd_asian_put_12,"Asian put, 12 observations",0.5,0.7,t-Test CRN,0.6931127998660008,0.6011675592094406,1.0170731334546632,1.2023849466665257,12,0.1822010700276972
D_pi_plus_025,Positive-jump probability 0.25 sensitivity,vasicek_mrjd_asian_put_12,"Asian put, 12 observations",0.67,0.01,GradOne,0.379439460760141,0.5091308595161824,1.0686877926802616,1.064641683550394,12,0.0037860534737839263
D_pi_plus_025,Positive-jump probability 0.25 sensitivity,vasicek_mrjd_asian_put_12,"Asian put, 12 observations",0.67,0.01,GradTwo,0.37946307917525873,0.5108032230827423,1.0686877926802616,1.064641683550394,12,0.0037860534737839263
D_pi_plus_025,Positive-jump probability 0.25 sensitivity,vasicek_mrjd_asian_put_12,"Asian put, 12 observations",0.67,0.01,t-Test CRN,0.6453703232554817,0.5761840188966134,1.0686877926802616,1.064641683550394,12,0.0037860534737839263
D_pi_plus_025,Positive-jump probability 0.25 sensitivity,vasicek_mrjd_asian_put_12,"Asian put, 12 observations",0.67,0.08,GradOne,0.19169931311493738,0.25548433986008157,1.0212421191766667,1.056009125315991,12,0.034043842773889485
D_pi_plus_025,Positive-jump probability 0.25 sensitivity,vasicek_mrjd_asian_put_12,"Asian put, 12 observations",0.67,0.08,GradTwo,0.19195791341397123,0.2549251648457445,1.0212421191766667,1.056009125315991,12,0.034043842773889485
D_pi_plus_025,Positive-jump probability 0.25 sensitivity,vasicek_mrjd_asian_put_12,"Asian put, 12 observations",0.67,0.08,t-Test CRN,0.17739198164126835,0.2479615237730216,1.0212421191766667,1.056009125315991,12,0.034043842773889485
D_pi_plus_025,Positive-jump probability 0.25 sensitivity,vasicek_mrjd_asian_put_12,"Asian put, 12 observations",0.67,0.7,GradOne,0.669085156704662,0.6916941851615643,1.004814682394672,1.2543635501688208,12,0.24835312634905432
D_pi_plus_025,Positive-jump probability 0.25 sensitivity,vasicek_mrjd_asian_put_12,"Asian put, 12 observations",0.67,0.7,GradTwo,0.6279787804267347,0.6520289238414987,1.004814682394672,1.2543635501688208,12,0.24835312634905432
D_pi_plus_025,Positive-jump probability 0.25 sensitivity,vasicek_mrjd_asian_put_12,"Asian put, 12 observations",0.67,0.7,t-Test CRN,0.6268541000439475,0.6499565447360772,1.004814682394672,1.2543635501688208,12,0.24835312634905432
D_pi_plus_025,Positive-jump probability 0.25 sensitivity,vasicek_mrjd_asian_put_12,"Asian put, 12 observations",1.0,0.01,GradOne,0.6144923964523203,0.5776343522211603,1.042181175854648,1.0470428636864857,12,0.004664916182016867
D_pi_plus_025,Positive-jump probability 0.25 sensitivity,vasicek_mrjd_asian_put_12,"Asian put, 12 observations",1.0,0.01,GradTwo,0.6143515083937474,0.5776412292692007,1.042181175854648,1.0470428636864857,12,0.004664916182016867
D_pi_plus_025,Positive-jump probability 0.25 sensitivity,vasicek_mrjd_asian_put_12,"Asian put, 12 observations",1.0,0.01,t-Test CRN,0.64694682913119,0.5861486867703526,1.042181175854648,1.0470428636864857,12,0.004664916182016867
D_pi_plus_025,Positive-jump probability 0.25 sensitivity,vasicek_mrjd_asian_put_12,"Asian put, 12 observations",1.0,0.08,GradOne,0.29605390446253876,0.2715368747938109,1.007172135448744,1.1030410584738353,12,0.09518623445869763
D_pi_plus_025,Positive-jump probability 0.25 sensitivity,vasicek_mrjd_asian_put_12,"Asian put, 12 observations",1.0,0.08,GradTwo,0.24865433346262206,0.2655804471582388,1.007172135448744,1.1030410584738353,12,0.09518623445869763
D_pi_plus_025,Positive-jump probability 0.25 sensitivity,vasicek_mrjd_asian_put_12,"Asian put, 12 observations",1.0,0.08,t-Test CRN,0.25181685691911576,0.26013647135748647,1.007172135448744,1.1030410584738353,12,0.09518623445869763
D_pi_plus_025,Positive-jump probability 0.25 sensitivity,vasicek_mrjd_asian_put_12,"Asian put, 12 observations",1.0,0.7,GradOne,0.9444229126919148,0.8830577100866286,1.0155623882367628,1.5741677281410278,12,0.5500453210699594
D_pi_plus_025,Positive-jump probability 0.25 sensitivity,vasicek_mrjd_asian_put_12,"Asian put, 12 observations",1.0,0.7,GradTwo,0.9171938509108116,0.869972894518853,1.0155623882367628,1.5741677281410278,12,0.5500453210699594
D_pi_plus_025,Positive-jump probability 0.25 sensitivity,vasicek_mrjd_asian_put_12,"Asian put, 12 observations",1.0,0.7,t-Test CRN,0.9122998517286649,0.8664496413319357,1.0155623882367628,1.5741677281410278,12,0.5500453210699594
D_pi_plus_025,Positive-jump probability 0.25 sensitivity,vasicek_mrjd_vanilla_put,"Vanilla put, 1 observation",0.2,0.01,GradOne,0.1463575336018693,0.23158166702597263,4.016545506554987,4.0216234163109,12,0.0012642480329492442
D_pi_plus_025,Positive-jump probability 0.25 sensitivity,vasicek_mrjd_vanilla_put,"Vanilla put, 1 observation",0.2,0.01,GradTwo,0.1463575336018693,0.2315816670259726,4.016545506554987,4.0216234163109,12,0.0012642480329492442
D_pi_plus_025,Positive-jump probability 0.25 sensitivity,vasicek_mrjd_vanilla_put,"Vanilla put, 1 observation",0.2,0.01,t-Test CRN,0.2365064385700966,0.38005013510037916,4.016545506554987,4.0216234163109,12,0.0012642480329492442
D_pi_plus_025,Positive-jump probability 0.25 sensitivity,vasicek_mrjd_vanilla_put,"Vanilla put, 1 observation",0.2,0.08,GradOne,0.16020112731031078,0.20614418388284592,4.072169860313931,4.068093388165021,12,0.00100105651010232
D_pi_plus_025,Positive-jump probability 0.25 sensitivity,vasicek_mrjd_vanilla_put,"Vanilla put, 1 observation",0.2,0.08,GradTwo,0.16024229200629403,0.20853791298403138,4.072169860313931,4.068093388165021,12,0.00100105651010232
D_pi_plus_025,Positive-jump probability 0.25 sensitivity,vasicek_mrjd_vanilla_put,"Vanilla put, 1 observation",0.2,0.08,t-Test CRN,0.11480301776413557,0.17322125024422882,4.072169860313931,4.068093388165021,12,0.00100105651010232
D_pi_plus_025,Positive-jump probability 0.25 sensitivity,vasicek_mrjd_vanilla_put,"Vanilla put, 1 observation",0.2,0.7,GradOne,0.24624390134284785,0.2681112829680999,4.0724850008960924,4.082794281136267,12,0.0025314470741834806
D_pi_plus_025,Positive-jump probability 0.25 sensitivity,vasicek_mrjd_vanilla_put,"Vanilla put, 1 observation",0.2,0.7,GradTwo,0.23630930003281403,0.2548376542301498,4.0724850008960924,4.082794281136267,12,0.0025314470741834806
D_pi_plus_025,Positive-jump probability 0.25 sensitivity,vasicek_mrjd_vanilla_put,"Vanilla put, 1 observation",0.2,0.7,t-Test CRN,0.20310476426178597,0.23077770402033693,4.0724850008960924,4.082794281136267,12,0.0025314470741834806
D_pi_plus_025,Positive-jump probability 0.25 sensitivity,vasicek_mrjd_vanilla_put,"Vanilla put, 1 observation",0.33,0.01,GradOne,0.1299264684299734,0.19689965331915402,3.987859360925012,3.98932497367252,12,0.00036751866474246344
D_pi_plus_025,Positive-jump probability 0.25 sensitivity,vasicek_mrjd_vanilla_put,"Vanilla put, 1 observation",0.33,0.01,GradTwo,0.12992646842997346,0.19688139857457462,3.987859360925012,3.98932497367252,12,0.00036751866474246344
D_pi_plus_025,Positive-jump probability 0.25 sensitivity,vasicek_mrjd_vanilla_put,"Vanilla put, 1 observation",0.33,0.01,t-Test CRN,0.14399880382619723,0.3323062371259437,3.987859360925012,3.98932497367252,12,0.00036751866474246344
D_pi_plus_025,Positive-jump probability 0.25 sensitivity,vasicek_mrjd_vanilla_put,"Vanilla put, 1 observation",0.33,0.08,GradOne,0.1958595053349036,0.20611165362572934,3.9956559955355377,4.018276188437731,12,0.0056611962910390265
D_pi_plus_025,Positive-jump probability 0.25 sensitivity,vasicek_mrjd_vanilla_put,"Vanilla put, 1 observation",0.33,0.08,GradTwo,0.2026836494216186,0.20720823503642505,3.9956559955355377,4.018276188437731,12,0.0056611962910390265
D_pi_plus_025,Positive-jump probability 0.25 sensitivity,vasicek_mrjd_vanilla_put,"Vanilla put, 1 observation",0.33,0.08,t-Test CRN,0.17863388044512207,0.20163307833755925,3.9956559955355377,4.018276188437731,12,0.0056611962910390265
D_pi_plus_025,Positive-jump probability 0.25 sensitivity,vasicek_mrjd_vanilla_put,"Vanilla put, 1 observation",0.33,0.7,GradOne,0.40337848368179624,0.3716432118054516,4.071167874670138,4.199343078430079,12,0.031483644916098265
D_pi_plus_025,Positive-jump probability 0.25 sensitivity,vasicek_mrjd_vanilla_put,"Vanilla put, 1 observation",0.33,0.7,GradTwo,0.4212542632419368,0.36552059024656064,4.071167874670138,4.199343078430079,12,0.031483644916098265
D_pi_plus_025,Positive-jump probability 0.25 sensitivity,vasicek_mrjd_vanilla_put,"Vanilla put, 1 observation",0.33,0.7,t-Test CRN,0.37976168274216804,0.33480280096808146,4.071167874670138,4.199343078430079,12,0.031483644916098265
D_pi_plus_025,Positive-jump probability 0.25 sensitivity,vasicek_mrjd_vanilla_put,"Vanilla put, 1 observation",0.5,0.01,GradOne,0.18329057562045853,0.26587992128197663,4.04158111660778,4.050973346770381,12,0.00232389995192877
D_pi_plus_025,Positive-jump probability 0.25 sensitivity,vasicek_mrjd_vanilla_put,"Vanilla put, 1 observation",0.5,0.01,GradTwo,0.18329057562045853,0.2659595506346637,4.04158111660778,4.050973346770381,12,0.00232389995192877
D_pi_plus_025,Positive-jump probability 0.25 sensitivity,vasicek_mrjd_vanilla_put,"Vanilla put, 1 observation",0.5,0.01,t-Test CRN,0.3252578822223001,0.40330306656873666,4.04158111660778,4.050973346770381,12,0.00232389995192877
D_pi_plus_025,Positive-jump probability 0.25 sensitivity,vasicek_mrjd_vanilla_put,"Vanilla put, 1 observation",0.5,0.08,GradOne,0.3022251795571024,0.3056295795108603,4.067051932511628,4.115077519662931,12,0.011808451907729695
D_pi_plus_025,Positive-jump probability 0.25 sensitivity,vasicek_mrjd_vanilla_put,"Vanilla put, 1 observation",0.5,0.08,GradTwo,0.30088244293656,0.30659831859628534,4.067051932511628,4.115077519662931,12,0.011808451907729695
D_pi_plus_025,Positive-jump probability 0.25 sensitivity,vasicek_mrjd_vanilla_put,"Vanilla put, 1 observation",0.5,0.08,t-Test CRN,0.2484274544558821,0.29451278334386927,4.067051932511628,4.115077519662931,12,0.011808451907729695
D_pi_plus_025,Positive-jump probability 0.25 sensitivity,vasicek_mrjd_vanilla_put,"Vanilla put, 1 observation",0.5,0.7,GradOne,0.2513518965206586,0.30311024960266325,4.033660225914904,4.122719610194585,12,0.022079049620368194
D_pi_plus_025,Positive-jump probability 0.25 sensitivity,vasicek_mrjd_vanilla_put,"Vanilla put, 1 observation",0.5,0.7,GradTwo,0.25724050361696565,0.2963186708220311,4.033660225914904,4.122719610194585,12,0.022079049620368194
D_pi_plus_025,Positive-jump probability 0.25 sensitivity,vasicek_mrjd_vanilla_put,"Vanilla put, 1 observation",0.5,0.7,t-Test CRN,0.24849956649118715,0.2849154554434391,4.033660225914904,4.122719610194585,12,0.022079049620368194
D_pi_plus_025,Positive-jump probability 0.25 sensitivity,vasicek_mrjd_vanilla_put,"Vanilla put, 1 observation",0.67,0.01,GradOne,0.15371959901147514,0.23596448729364472,3.993189987498324,4.023713768077638,12,0.0076439590089317075
D_pi_plus_025,Positive-jump probability 0.25 sensitivity,vasicek_mrjd_vanilla_put,"Vanilla put, 1 observation",0.67,0.01,GradTwo,0.15379500760649192,0.23599341318658548,3.993189987498324,4.023713768077638,12,0.0076439590089317075
D_pi_plus_025,Positive-jump probability 0.25 sensitivity,vasicek_mrjd_vanilla_put,"Vanilla put, 1 observation",0.67,0.01,t-Test CRN,0.18558488957604047,0.2997007813218085,3.993189987498324,4.023713768077638,12,0.0076439590089317075
D_pi_plus_025,Positive-jump probability 0.25 sensitivity,vasicek_mrjd_vanilla_put,"Vanilla put, 1 observation",0.67,0.08,GradOne,0.14664562185223046,0.3282394710128416,3.9969138594303013,3.9940718959717714,12,0.000711039456560872
D_pi_plus_025,Positive-jump probability 0.25 sensitivity,vasicek_mrjd_vanilla_put,"Vanilla put, 1 observation",0.67,0.08,GradTwo,0.14710815729348048,0.3283438785833629,3.9969138594303013,3.9940718959717714,12,0.000711039456560872
D_pi_plus_025,Positive-jump probability 0.25 sensitivity,vasicek_mrjd_vanilla_put,"Vanilla put, 1 observation",0.67,0.08,t-Test CRN,0.15334071527989185,0.33847367753989627,3.9969138594303013,3.9940718959717714,12,0.000711039456560872
D_pi_plus_025,Positive-jump probability 0.25 sensitivity,vasicek_mrjd_vanilla_put,"Vanilla put, 1 observation",0.67,0.7,GradOne,0.48836044050723026,0.4969422571900122,3.9464576559738127,4.280250460396456,12,0.0845803587724743
D_pi_plus_025,Positive-jump probability 0.25 sensitivity,vasicek_mrjd_vanilla_put,"Vanilla put, 1 observation",0.67,0.7,GradTwo,0.46454824589439647,0.46418130769537713,3.9464576559738127,4.280250460396456,12,0.0845803587724743
D_pi_plus_025,Positive-jump probability 0.25 sensitivity,vasicek_mrjd_vanilla_put,"Vanilla put, 1 observation",0.67,0.7,t-Test CRN,0.4416661416119816,0.4583798262025714,3.9464576559738127,4.280250460396456,12,0.0845803587724743
D_pi_plus_025,Positive-jump probability 0.25 sensitivity,vasicek_mrjd_vanilla_put,"Vanilla put, 1 observation",1.0,0.01,GradOne,0.26664641141230505,0.4280941110697096,4.016643070625669,3.9993615405951717,12,0.004302480884318517
D_pi_plus_025,Positive-jump probability 0.25 sensitivity,vasicek_mrjd_vanilla_put,"Vanilla put, 1 observation",1.0,0.01,GradTwo,0.26881787185152656,0.428713489888634,4.016643070625669,3.9993615405951717,12,0.004302480884318517
D_pi_plus_025,Positive-jump probability 0.25 sensitivity,vasicek_mrjd_vanilla_put,"Vanilla put, 1 observation",1.0,0.01,t-Test CRN,0.45499724220094445,0.5049171103638713,4.016643070625669,3.9993615405951717,12,0.004302480884318517
D_pi_plus_025,Positive-jump probability 0.25 sensitivity,vasicek_mrjd_vanilla_put,"Vanilla put, 1 observation",1.0,0.08,GradOne,0.20726111579454137,0.2792512292945264,4.026786773459854,4.075671502420029,12,0.012139885151696972
D_pi_plus_025,Positive-jump probability 0.25 sensitivity,vasicek_mrjd_vanilla_put,"Vanilla put, 1 observation",1.0,0.08,GradTwo,0.20614711832331084,0.2820651796964549,4.026786773459854,4.075671502420029,12,0.012139885151696972
D_pi_plus_025,Positive-jump probability 0.25 sensitivity,vasicek_mrjd_vanilla_put,"Vanilla put, 1 observation",1.0,0.08,t-Test CRN,0.18678243123460764,0.26967247275424466,4.026786773459854,4.075671502420029,12,0.012139885151696972
D_pi_plus_025,Positive-jump probability 0.25 sensitivity,vasicek_mrjd_vanilla_put,"Vanilla put, 1 observation",1.0,0.7,GradOne,0.5858805583647937,0.549448967185111,4.056471782195157,4.590129919289395,12,0.13155721665231193
D_pi_plus_025,Positive-jump probability 0.25 sensitivity,vasicek_mrjd_vanilla_put,"Vanilla put, 1 observation",1.0,0.7,GradTwo,0.5506420374627039,0.5293494311006262,4.056471782195157,4.590129919289395,12,0.13155721665231193
D_pi_plus_025,Positive-jump probability 0.25 sensitivity,vasicek_mrjd_vanilla_put,"Vanilla put, 1 observation",1.0,0.7,t-Test CRN,0.5408137201874037,0.5198835613085172,4.056471782195157,4.590129919289395,12,0.13155721665231193
D_pi_plus_075,Positive-jump probability 0.75 sensitivity,vasicek_mrjd_asian_call_4,"Asian call, 4 observations",0.2,0.01,GradOne,0.3229031281799546,0.4411621360208979,1.0576554238190252,1.055727062058541,12,0.0018232419718712907
D_pi_plus_075,Positive-jump probability 0.75 sensitivity,vasicek_mrjd_asian_call_4,"Asian call, 4 observations",0.2,0.01,GradTwo,0.32290312817995614,0.4411692876752571,1.0576554238190252,1.055727062058541,12,0.0018232419718712907
D_pi_plus_075,Positive-jump probability 0.75 sensitivity,vasicek_mrjd_asian_call_4,"Asian call, 4 observations",0.2,0.01,t-Test CRN,0.745453885951179,0.6310886520801027,1.0576554238190252,1.055727062058541,12,0.0018232419718712907
D_pi_plus_075,Positive-jump probability 0.75 sensitivity,vasicek_mrjd_asian_call_4,"Asian call, 4 observations",0.2,0.08,GradOne,0.1998759828981036,0.22486520803459834,1.0460896932227988,1.0384861350930494,12,0.007268552762740879
D_pi_plus_075,Positive-jump probability 0.75 sensitivity,vasicek_mrjd_asian_call_4,"Asian call, 4 observations",0.2,0.08,GradTwo,0.19949304584116345,0.22692834965819345,1.0460896932227988,1.0384861350930494,12,0.007268552762740879
D_pi_plus_075,Positive-jump probability 0.75 sensitivity,vasicek_mrjd_asian_call_4,"Asian call, 4 observations",0.2,0.08,t-Test CRN,0.23015290592860374,0.2315680919880162,1.0460896932227988,1.0384861350930494,12,0.007268552762740879
D_pi_plus_075,Positive-jump probability 0.75 sensitivity,vasicek_mrjd_asian_call_4,"Asian call, 4 observations",0.2,0.7,GradOne,0.4290230075757098,0.4589941951877878,1.082376052813518,1.1210828049173873,12,0.03576090953163214
D_pi_plus_075,Positive-jump probability 0.75 sensitivity,vasicek_mrjd_asian_call_4,"Asian call, 4 observations",0.2,0.7,GradTwo,0.4354822570798562,0.46044190697405346,1.082376052813518,1.1210828049173873,12,0.03576090953163214
D_pi_plus_075,Positive-jump probability 0.75 sensitivity,vasicek_mrjd_asian_call_4,"Asian call, 4 observations",0.2,0.7,t-Test CRN,0.40848003395680643,0.4465678187070234,1.082376052813518,1.1210828049173873,12,0.03576090953163214
D_pi_plus_075,Positive-jump probability 0.75 sensitivity,vasicek_mrjd_asian_call_4,"Asian call, 4 observations",0.33,0.01,GradOne,0.2279560323208533,0.29147409177407,1.1286358889015518,1.137456433614541,12,0.007815226150192539
D_pi_plus_075,Positive-jump probability 0.75 sensitivity,vasicek_mrjd_asian_call_4,"Asian call, 4 observations",0.33,0.01,GradTwo,0.22794596560742936,0.2914738474193616,1.1286358889015518,1.137456433614541,12,0.007815226150192539
D_pi_plus_075,Positive-jump probability 0.75 sensitivity,vasicek_mrjd_asian_call_4,"Asian call, 4 observations",0.33,0.01,t-Test CRN,0.22542854053500483,0.3044606773155165,1.1286358889015518,1.137456433614541,12,0.007815226150192539
D_pi_plus_075,Positive-jump probability 0.75 sensitivity,vasicek_mrjd_asian_call_4,"Asian call, 4 observations",0.33,0.08,GradOne,0.27440125590751974,0.29812342455987156,1.0722586339157187,1.0725609328316175,12,0.00028192723876214136
D_pi_plus_075,Positive-jump probability 0.75 sensitivity,vasicek_mrjd_asian_call_4,"Asian call, 4 observations",0.33,0.08,GradTwo,0.2733075572235998,0.29793721906919507,1.0722586339157187,1.0725609328316175,12,0.00028192723876214136
D_pi_plus_075,Positive-jump probability 0.75 sensitivity,vasicek_mrjd_asian_call_4,"Asian call, 4 observations",0.33,0.08,t-Test CRN,0.2833114299926354,0.2833803967258294,1.0722586339157187,1.0725609328316175,12,0.00028192723876214136
D_pi_plus_075,Positive-jump probability 0.75 sensitivity,vasicek_mrjd_asian_call_4,"Asian call, 4 observations",0.33,0.7,GradOne,0.70567227948257,0.6300259203565406,1.0726159688464887,1.1868982331282951,12,0.10654536907995853
D_pi_plus_075,Positive-jump probability 0.75 sensitivity,vasicek_mrjd_asian_call_4,"Asian call, 4 observations",0.33,0.7,GradTwo,0.6825487316899421,0.5968101469124246,1.0726159688464887,1.1868982331282951,12,0.10654536907995853
D_pi_plus_075,Positive-jump probability 0.75 sensitivity,vasicek_mrjd_asian_call_4,"Asian call, 4 observations",0.33,0.7,t-Test CRN,0.6708534631534306,0.5887286274818507,1.0726159688464887,1.1868982331282951,12,0.10654536907995853
D_pi_plus_075,Positive-jump probability 0.75 sensitivity,vasicek_mrjd_asian_call_4,"Asian call, 4 observations",0.5,0.01,GradOne,0.24035734873182196,0.4071613845167317,1.1298347422918067,1.1330212985447594,12,0.002820373753500419
D_pi_plus_075,Positive-jump probability 0.75 sensitivity,vasicek_mrjd_asian_call_4,"Asian call, 4 observations",0.5,0.01,GradTwo,0.2403573487318221,0.4070954176321992,1.1298347422918067,1.1330212985447594,12,0.002820373753500419
D_pi_plus_075,Positive-jump probability 0.75 sensitivity,vasicek_mrjd_asian_call_4,"Asian call, 4 observations",0.5,0.01,t-Test CRN,0.1936389590027563,0.3876200906145617,1.1298347422918067,1.1330212985447594,12,0.002820373753500419
D_pi_plus_075,Positive-jump probability 0.75 sensitivity,vasicek_mrjd_asian_call_4,"Asian call, 4 observations",0.5,0.08,GradOne,0.32426651023659736,0.3367937106880941,1.0519011964228482,1.0726269121366476,12,0.019703101188857305
D_pi_plus_075,Positive-jump probability 0.75 sensitivity,vasicek_mrjd_asian_call_4,"Asian call, 4 observations",0.5,0.08,GradTwo,0.32371719545859967,0.3377609689466807,1.0519011964228482,1.0726269121366476,12,0.019703101188857305
D_pi_plus_075,Positive-jump probability 0.75 sensitivity,vasicek_mrjd_asian_call_4,"Asian call, 4 observations",0.5,0.08,t-Test CRN,0.2978270984050627,0.31904172107024636,1.0519011964228482,1.0726269121366476,12,0.019703101188857305
D_pi_plus_075,Positive-jump probability 0.75 sensitivity,vasicek_mrjd_asian_call_4,"Asian call, 4 observations",0.5,0.7,GradOne,0.7825210160560643,0.6851708238069647,1.066117346351791,1.2158536937976128,12,0.14045015584655224
D_pi_plus_075,Positive-jump probability 0.75 sensitivity,vasicek_mrjd_asian_call_4,"Asian call, 4 observations",0.5,0.7,GradTwo,0.6733631995783149,0.6261448704576839,1.066117346351791,1.2158536937976128,12,0.14045015584655224
D_pi_plus_075,Positive-jump probability 0.75 sensitivity,vasicek_mrjd_asian_call_4,"Asian call, 4 observations",0.5,0.7,t-Test CRN,0.6588768127814779,0.618578023493925,1.066117346351791,1.2158536937976128,12,0.14045015584655224
D_pi_plus_075,Positive-jump probability 0.75 sensitivity,vasicek_mrjd_asian_call_4,"Asian call, 4 observations",0.67,0.01,GradOne,0.23462926202455003,0.3453067681442461,1.135793269504782,1.1354238771134082,12,0.0003252285440421395
D_pi_plus_075,Positive-jump probability 0.75 sensitivity,vasicek_mrjd_asian_call_4,"Asian call, 4 observations",0.67,0.01,GradTwo,0.23446840834151705,0.3452666172430115,1.135793269504782,1.1354238771134082,12,0.0003252285440421395
D_pi_plus_075,Positive-jump probability 0.75 sensitivity,vasicek_mrjd_asian_call_4,"Asian call, 4 observations",0.67,0.01,t-Test CRN,0.22708946622721687,0.33880037618292885,1.135793269504782,1.1354238771134082,12,0.0003252285440421395
D_pi_plus_075,Positive-jump probability 0.75 sensitivity,vasicek_mrjd_asian_call_4,"Asian call, 4 observations",0.67,0.08,GradOne,0.25822992792390725,0.2862932555555248,1.0676620379687578,1.0921773841230509,12,0.022961710056614792
D_pi_plus_075,Positive-jump probability 0.75 sensitivity,vasicek_mrjd_asian_call_4,"Asian call, 4 observations",0.67,0.08,GradTwo,0.2543215037401154,0.27726251919633566,1.0676620379687578,1.0921773841230509,12,0.022961710056614792
D_pi_plus_075,Positive-jump probability 0.75 sensitivity,vasicek_mrjd_asian_call_4,"Asian call, 4 observations",0.67,0.08,t-Test CRN,0.22954512754130676,0.26281143307690186,1.0676620379687578,1.0921773841230509,12,0.022961710056614792
D_pi_plus_075,Positive-jump probability 0.75 sensitivity,vasicek_mrjd_asian_call_4,"Asian call, 4 observations",0.67,0.7,GradOne,0.8329949733404953,0.8182987983044137,1.0888917360730455,1.3302737443967558,12,0.22167677495122243
D_pi_plus_075,Positive-jump probability 0.75 sensitivity,vasicek_mrjd_asian_call_4,"Asian call, 4 observations",0.67,0.7,GradTwo,0.7984253306207523,0.79558282006341,1.0888917360730455,1.3302737443967558,12,0.22167677495122243
D_pi_plus_075,Positive-jump probability 0.75 sensitivity,vasicek_mrjd_asian_call_4,"Asian call, 4 observations",0.67,0.7,t-Test CRN,0.786115534312374,0.7975324723329713,1.0888917360730455,1.3302737443967558,12,0.22167677495122243
D_pi_plus_075,Positive-jump probability 0.75 sensitivity,vasicek_mrjd_asian_call_4,"Asian call, 4 observations",1.0,0.01,GradOne,0.23448005756303197,0.32145917011547315,1.0703413407098863,1.0758542938194315,12,0.0051506495169932175
D_pi_plus_075,Positive-jump probability 0.75 sensitivity,vasicek_mrjd_asian_call_4,"Asian call, 4 observations",1.0,0.01,GradTwo,0.23445748902648123,0.32145270231058304,1.0703413407098863,1.0758542938194315,12,0.0051506495169932175
D_pi_plus_075,Positive-jump probability 0.75 sensitivity,vasicek_mrjd_asian_call_4,"Asian call, 4 observations",1.0,0.01,t-Test CRN,0.20434493500912487,0.3363923560599711,1.0703413407098863,1.0758542938194315,12,0.0051506495169932175
D_pi_plus_075,Positive-jump probability 0.75 sensitivity,vasicek_mrjd_asian_call_4,"Asian call, 4 observations",1.0,0.08,GradOne,0.39518231129534237,0.39182682614207426,1.0379381755756534,1.094974125378231,12,0.0549512014730018
D_pi_plus_075,Positive-jump probability 0.75 sensitivity,vasicek_mrjd_asian_call_4,"Asian call, 4 observations",1.0,0.08,GradTwo,0.40359630611159747,0.39166616925615094,1.0379381755756534,1.094974125378231,12,0.0549512014730018
D_pi_plus_075,Positive-jump probability 0.75 sensitivity,vasicek_mrjd_asian_call_4,"Asian call, 4 observations",1.0,0.08,t-Test CRN,0.38617130999465554,0.3767601688681512,1.0379381755756534,1.094974125378231,12,0.0549512014730018
D_pi_plus_075,Positive-jump probability 0.75 sensitivity,vasicek_mrjd_asian_call_4,"Asian call, 4 observations",1.0,0.7,GradOne,0.9645244076109293,0.9350517368862383,1.0959149579397334,1.6028565804265322,12,0.46257386927159416
D_pi_plus_075,Positive-jump probability 0.75 sensitivity,vasicek_mrjd_asian_call_4,"Asian call, 4 observations",1.0,0.7,GradTwo,0.9449765990463025,0.9085883471949456,1.0959149579397334,1.6028565804265322,12,0.46257386927159416
D_pi_plus_075,Positive-jump probability 0.75 sensitivity,vasicek_mrjd_asian_call_4,"Asian call, 4 observations",1.0,0.7,t-Test CRN,0.9485371830401763,0.9078087556104951,1.0959149579397334,1.6028565804265322,12,0.46257386927159416
D_pi_plus_075,Positive-jump probability 0.75 sensitivity,vasicek_mrjd_asian_put_12,"Asian put, 12 observations",0.2,0.01,GradOne,0.2526798305610095,0.31262095104420584,1.0310308026991712,1.0309059242719698,12,0.00012111997708944511
D_pi_plus_075,Positive-jump probability 0.75 sensitivity,vasicek_mrjd_asian_put_12,"Asian put, 12 observations",0.2,0.01,GradTwo,0.2526801395258012,0.3126263937783165,1.0310308026991712,1.0309059242719698,12,0.00012111997708944511
D_pi_plus_075,Positive-jump probability 0.75 sensitivity,vasicek_mrjd_asian_put_12,"Asian put, 12 observations",0.2,0.01,t-Test CRN,0.5813744541677199,0.5821490436126866,1.0310308026991712,1.0309059242719698,12,0.00012111997708944511
D_pi_plus_075,Positive-jump probability 0.75 sensitivity,vasicek_mrjd_asian_put_12,"Asian put, 12 observations",0.2,0.08,GradOne,0.22591168713865958,0.24967098023214332,0.9950554031910382,0.9948852076966332,12,0.0001710412242968602
D_pi_plus_075,Positive-jump probability 0.75 sensitivity,vasicek_mrjd_asian_put_12,"Asian put, 12 observations",0.2,0.08,GradTwo,0.22440832488881263,0.25177758038415216,0.9950554031910382,0.9948852076966332,12,0.0001710412242968602
D_pi_plus_075,Positive-jump probability 0.75 sensitivity,vasicek_mrjd_asian_put_12,"Asian put, 12 observations",0.2,0.08,t-Test CRN,0.19167018234260852,0.20780462403544972,0.9950554031910382,0.9948852076966332,12,0.0001710412242968602
D_pi_plus_075,Positive-jump probability 0.75 sensitivity,vasicek_mrjd_asian_put_12,"Asian put, 12 observations",0.2,0.7,GradOne,0.3896605170515648,0.39635907981562907,1.003936313229135,1.0300632124681377,12,0.026024458817478367
D_pi_plus_075,Positive-jump probability 0.75 sensitivity,vasicek_mrjd_asian_put_12,"Asian put, 12 observations",0.2,0.7,GradTwo,0.4046143088050924,0.3879308361381608,1.003936313229135,1.0300632124681377,12,0.026024458817478367
D_pi_plus_075,Positive-jump probability 0.75 sensitivity,vasicek_mrjd_asian_put_12,"Asian put, 12 observations",0.2,0.7,t-Test CRN,0.37709482213069534,0.36434250309885696,1.003936313229135,1.0300632124681377,12,0.026024458817478367
D_pi_plus_075,Positive-jump probability 0.75 sensitivity,vasicek_mrjd_asian_put_12,"Asian put, 12 observations",0.33,0.01,GradOne,0.15714366773525423,0.32446648697336267,1.0340329836296829,1.0334912919203265,10,0.000523863085541919
D_pi_plus_075,Positive-jump probability 0.75 sensitivity,vasicek_mrjd_asian_put_12,"Asian put, 12 observations",0.33,0.01,GradTwo,0.15714366773525457,0.3242670254825145,1.0340329836296829,1.0334912919203265,10,0.000523863085541919
D_pi_plus_075,Positive-jump probability 0.75 sensitivity,vasicek_mrjd_asian_put_12,"Asian put, 12 observations",0.33,0.01,t-Test CRN,0.4692863478852084,0.5408209073424378,1.0340329836296829,1.0334912919203265,12,0.000523863085541919
D_pi_plus_075,Positive-jump probability 0.75 sensitivity,vasicek_mrjd_asian_put_12,"Asian put, 12 observations",0.33,0.08,GradOne,0.1762302362870074,0.2566350068745916,1.0207542723067529,1.033963484173358,12,0.012940638334781906
D_pi_plus_075,Positive-jump probability 0.75 sensitivity,vasicek_mrjd_asian_put_12,"Asian put, 12 observations",0.33,0.08,GradTwo,0.17881150650989353,0.25725748870757764,1.0207542723067529,1.033963484173358,12,0.012940638334781906
D_pi_plus_075,Positive-jump probability 0.75 sensitivity,vasicek_mrjd_asian_put_12,"Asian put, 12 observations",0.33,0.08,t-Test CRN,0.22705821629864217,0.2507865729656195,1.0207542723067529,1.033963484173358,12,0.012940638334781906
D_pi_plus_075,Positive-jump probability 0.75 sensitivity,vasicek_mrjd_asian_put_12,"Asian put, 12 observations",0.33,0.7,GradOne,0.4278447917936433,0.4384994286345429,0.985702004243783,1.090131474462296,12,0.10594426080996962
D_pi_plus_075,Positive-jump probability 0.75 sensitivity,vasicek_mrjd_asian_put_12,"Asian put, 12 observations",0.33,0.7,GradTwo,0.42388875996868736,0.41509955886143507,0.985702004243783,1.090131474462296,12,0.10594426080996962
D_pi_plus_075,Positive-jump probability 0.75 sensitivity,vasicek_mrjd_asian_put_12,"Asian put, 12 observations",0.33,0.7,t-Test CRN,0.4154109411724881,0.4055794775210379,0.985702004243783,1.090131474462296,12,0.10594426080996962
D_pi_plus_075,Positive-jump probability 0.75 sensitivity,vasicek_mrjd_asian_put_12,"Asian put, 12 observations",0.5,0.01,GradOne,0.15574351529056926,0.1944390506157082,1.0094540332809854,1.0143029320128512,11,0.004803486411467011
D_pi_plus_075,Positive-jump probability 0.75 sensitivity,vasicek_mrjd_asian_put_12,"Asian put, 12 observations",0.5,0.01,GradTwo,0.15592584752162175,0.19448372583457302,1.0094540332809854,1.0143029320128512,11,0.004803486411467011
D_pi_plus_075,Positive-jump probability 0.75 sensitivity,vasicek_mrjd_asian_put_12,"Asian put, 12 observations",0.5,0.01,t-Test CRN,0.2868270601860186,0.2992643231889096,1.0094540332809854,1.0143029320128512,12,0.004803486411467011
D_pi_plus_075,Positive-jump probability 0.75 sensitivity,vasicek_mrjd_asian_put_12,"Asian put, 12 observations",0.5,0.08,GradOne,0.1725753748234441,0.2693206321006742,1.045111326857466,1.055160615965046,12,0.009615520231511555
D_pi_plus_075,Positive-jump probability 0.75 sensitivity,vasicek_mrjd_asian_put_12,"Asian put, 12 observations",0.5,0.08,GradTwo,0.17137029022540157,0.2685287419795684,1.045111326857466,1.055160615965046,12,0.009615520231511555
D_pi_plus_075,Positive-jump probability 0.75 sensitivity,vasicek_mrjd_asian_put_12,"Asian put, 12 observations",0.5,0.08,t-Test CRN,0.16198322076628635,0.25032939982809976,1.045111326857466,1.055160615965046,12,0.009615520231511555
D_pi_plus_075,Positive-jump probability 0.75 sensitivity,vasicek_mrjd_asian_put_12,"Asian put, 12 observations",0.5,0.7,GradOne,0.7493650318008109,0.7613422956728396,1.0170731334546632,1.1728509775125506,12,0.1531628738719715
D_pi_plus_075,Positive-jump probability 0.75 sensitivity,vasicek_mrjd_asian_put_12,"Asian put, 12 observations",0.5,0.7,GradTwo,0.792228259890019,0.779706637753093,1.0170731334546632,1.1728509775125506,12,0.1531628738719715
D_pi_plus_075,Positive-jump probability 0.75 sensitivity,vasicek_mrjd_asian_put_12,"Asian put, 12 observations",0.5,0.7,t-Test CRN,0.7800575152531513,0.770336280992845,1.0170731334546632,1.1728509775125506,12,0.1531628738719715
D_pi_plus_075,Positive-jump probability 0.75 sensitivity,vasicek_mrjd_asian_put_12,"Asian put, 12 observations",0.67,0.01,GradOne,0.2355407353613211,0.3429055730660729,1.0686877926802616,1.071189129059967,9,0.002340567934655804
D_pi_plus_075,Positive-jump probability 0.75 sensitivity,vasicek_mrjd_asian_put_12,"Asian put, 12 observations",0.67,0.01,GradTwo,0.23584082387913016,0.34184959549153304,1.0686877926802616,1.071189129059967,9,0.002340567934655804
D_pi_plus_075,Positive-jump probability 0.75 sensitivity,vasicek_mrjd_asian_put_12,"Asian put, 12 observations",0.67,0.01,t-Test CRN,0.2636910920009257,0.3608395950473328,1.0686877926802616,1.071189129059967,12,0.002340567934655804
D_pi_plus_075,Positive-jump probability 0.75 sensitivity,vasicek_mrjd_asian_put_12,"Asian put, 12 observations",0.67,0.08,GradOne,0.2072295690088528,0.29668918346147233,1.0212421191766667,1.0686883852560634,12,0.04645937059239993
D_pi_plus_075,Positive-jump probability 0.75 sensitivity,vasicek_mrjd_asian_put_12,"Asian put, 12 observations",0.67,0.08,GradTwo,0.20168556132365778,0.29478952374746886,1.0212421191766667,1.0686883852560634,12,0.04645937059239993
D_pi_plus_075,Positive-jump probability 0.75 sensitivity,vasicek_mrjd_asian_put_12,"Asian put, 12 observations",0.67,0.08,t-Test CRN,0.1697538141935829,0.2737448227536893,1.0212421191766667,1.0686883852560634,12,0.04645937059239993
D_pi_plus_075,Positive-jump probability 0.75 sensitivity,vasicek_mrjd_asian_put_12,"Asian put, 12 observations",0.67,0.7,GradOne,0.9591438614419066,0.9143668675141186,1.004814682394672,1.2756174287971738,12,0.2695051646310794
D_pi_plus_075,Positive-jump probability 0.75 sensitivity,vasicek_mrjd_asian_put_12,"Asian put, 12 observations",0.67,0.7,GradTwo,0.9342130377813753,0.8886955475991165,1.004814682394672,1.2756174287971738,12,0.2695051646310794
D_pi_plus_075,Positive-jump probability 0.75 sensitivity,vasicek_mrjd_asian_put_12,"Asian put, 12 observations",0.67,0.7,t-Test CRN,0.9243824464477352,0.8894493606519019,1.004814682394672,1.2756174287971738,12,0.2695051646310794
D_pi_plus_075,Positive-jump probability 0.75 sensitivity,vasicek_mrjd_asian_put_12,"Asian put, 12 observations",1.0,0.01,GradOne,0.30491281324959413,0.4510938027681594,1.042181175854648,1.0580562585468924,9,0.015232555586341305
D_pi_plus_075,Positive-jump probability 0.75 sensitivity,vasicek_mrjd_asian_put_12,"Asian put, 12 observations",1.0,0.01,GradTwo,0.3049128132495942,0.45113620523926795,1.042181175854648,1.0580562585468924,9,0.015232555586341305
D_pi_plus_075,Positive-jump probability 0.75 sensitivity,vasicek_mrjd_asian_put_12,"Asian put, 12 observations",1.0,0.01,t-Test CRN,0.3505000817051438,0.4864659642198046,1.042181175854648,1.0580562585468924,12,0.015232555586341305
D_pi_plus_075,Positive-jump probability 0.75 sensitivity,vasicek_mrjd_asian_put_12,"Asian put, 12 observations",1.0,0.08,GradOne,0.2864063672786419,0.3148252611446474,1.007172135448744,1.0683173540594038,12,0.06070979970411577
D_pi_plus_075,Positive-jump probability 0.75 sensitivity,vasicek_mrjd_asian_put_12,"Asian put, 12 observations",1.0,0.08,GradTwo,0.28084536292489826,0.3058779456912442,1.007172135448744,1.0683173540594038,12,0.06070979970411577
D_pi_plus_075,Positive-jump probability 0.75 sensitivity,vasicek_mrjd_asian_put_12,"Asian put, 12 observations",1.0,0.08,t-Test CRN,0.25781722786429784,0.2905100237520889,1.007172135448744,1.0683173540594038,12,0.06070979970411577
D_pi_plus_075,Positive-jump probability 0.75 sensitivity,vasicek_mrjd_asian_put_12,"Asian put, 12 observations",1.0,0.7,GradOne,0.9532144137493193,0.908552427545049,1.0155623882367628,1.4944211591231966,12,0.4715207814242085
D_pi_plus_075,Positive-jump probability 0.75 sensitivity,vasicek_mrjd_asian_put_12,"Asian put, 12 observations",1.0,0.7,GradTwo,0.9575280851658884,0.9093043290092006,1.0155623882367628,1.4944211591231966,12,0.4715207814242085
D_pi_plus_075,Positive-jump probability 0.75 sensitivity,vasicek_mrjd_asian_put_12,"Asian put, 12 observations",1.0,0.7,t-Test CRN,0.9590044459084139,0.9072022126304377,1.0155623882367628,1.4944211591231966,12,0.4715207814242085
D_pi_plus_075,Positive-jump probability 0.75 sensitivity,vasicek_mrjd_vanilla_put,"Vanilla put, 1 observation",0.2,0.01,GradOne,0.2584845149925343,0.32970798789796946,4.016545506554987,4.022336244221765,11,0.001441720915977962
D_pi_plus_075,Positive-jump probability 0.75 sensitivity,vasicek_mrjd_vanilla_put,"Vanilla put, 1 observation",0.2,0.01,GradTwo,0.2584845149925343,0.32970798789796946,4.016545506554987,4.022336244221765,11,0.001441720915977962
D_pi_plus_075,Positive-jump probability 0.75 sensitivity,vasicek_mrjd_vanilla_put,"Vanilla put, 1 observation",0.2,0.01,t-Test CRN,0.20884720100322662,0.39233898257514815,4.016545506554987,4.022336244221765,12,0.001441720915977962
D_pi_plus_075,Positive-jump probability 0.75 sensitivity,vasicek_mrjd_vanilla_put,"Vanilla put, 1 observation",0.2,0.08,GradOne,0.232751218944296,0.2481910158217966,4.072169860313931,4.065707051275293,12,0.001587067647060184
D_pi_plus_075,Positive-jump probability 0.75 sensitivity,vasicek_mrjd_vanilla_put,"Vanilla put, 1 observation",0.2,0.08,GradTwo,0.23227123701891778,0.24854953785243825,4.072169860313931,4.065707051275293,12,0.001587067647060184
D_pi_plus_075,Positive-jump probability 0.75 sensitivity,vasicek_mrjd_vanilla_put,"Vanilla put, 1 observation",0.2,0.08,t-Test CRN,0.18019251229636368,0.21332051782925907,4.072169860313931,4.065707051275293,12,0.001587067647060184
D_pi_plus_075,Positive-jump probability 0.75 sensitivity,vasicek_mrjd_vanilla_put,"Vanilla put, 1 observation",0.2,0.7,GradOne,0.4300237633254801,0.4289126762097923,4.0724850008960924,4.0744425022706015,12,0.00048066509123502905
D_pi_plus_075,Positive-jump probability 0.75 sensitivity,vasicek_mrjd_vanilla_put,"Vanilla put, 1 observation",0.2,0.7,GradTwo,0.40760261939749753,0.4150503118756928,4.0724850008960924,4.0744425022706015,12,0.00048066509123502905
D_pi_plus_075,Positive-jump probability 0.75 sensitivity,vasicek_mrjd_vanilla_put,"Vanilla put, 1 observation",0.2,0.7,t-Test CRN,0.34539729045811784,0.38017928328181355,4.0724850008960924,4.0744425022706015,12,0.00048066509123502905
D_pi_plus_075,Positive-jump probability 0.75 sensitivity,vasicek_mrjd_vanilla_put,"Vanilla put, 1 observation",0.33,0.01,GradOne,0.2767029285870515,0.296687659306464,3.987859360925012,3.9907720131717577,12,0.0007303798813181167
D_pi_plus_075,Positive-jump probability 0.75 sensitivity,vasicek_mrjd_vanilla_put,"Vanilla put, 1 observation",0.33,0.01,GradTwo,0.2767029285870515,0.296682362832479,3.987859360925012,3.9907720131717577,12,0.0007303798813181167
D_pi_plus_075,Positive-jump probability 0.75 sensitivity,vasicek_mrjd_vanilla_put,"Vanilla put, 1 observation",0.33,0.01,t-Test CRN,0.1873761395574945,0.34338536254717256,3.987859360925012,3.9907720131717577,12,0.0007303798813181167
D_pi_plus_075,Positive-jump probability 0.75 sensitivity,vasicek_mrjd_vanilla_put,"Vanilla put, 1 observation",0.33,0.08,GradOne,0.1665241396476269,0.23932972311246134,3.9956559955355377,4.040801849149879,12,0.01129873384114759
D_pi_plus_075,Positive-jump probability 0.75 sensitivity,vasicek_mrjd_vanilla_put,"Vanilla put, 1 observation",0.33,0.08,GradTwo,0.16726354618402328,0.2400103507657894,3.9956559955355377,4.040801849149879,12,0.01129873384114759
D_pi_plus_075,Positive-jump probability 0.75 sensitivity,vasicek_mrjd_vanilla_put,"Vanilla put, 1 observation",0.33,0.08,t-Test CRN,0.14990932472183738,0.2232792664182921,3.9956559955355377,4.040801849149879,12,0.01129873384114759
D_pi_plus_075,Positive-jump probability 0.75 sensitivity,vasicek_mrjd_vanilla_put,"Vanilla put, 1 observation",0.33,0.7,GradOne,0.4750256002428571,0.46782935641006024,4.071167874670138,4.253243644245314,12,0.04472322812036552
D_pi_plus_075,Positive-jump probability 0.75 sensitivity,vasicek_mrjd_vanilla_put,"Vanilla put, 1 observation",0.33,0.7,GradTwo,0.5068276570449854,0.4890614149555604,4.071167874670138,4.253243644245314,12,0.04472322812036552
D_pi_plus_075,Positive-jump probability 0.75 sensitivity,vasicek_mrjd_vanilla_put,"Vanilla put, 1 observation",0.33,0.7,t-Test CRN,0.4744428561141195,0.4585961507804493,4.071167874670138,4.253243644245314,12,0.04472322812036552
D_pi_plus_075,Positive-jump probability 0.75 sensitivity,vasicek_mrjd_vanilla_put,"Vanilla put, 1 observation",0.5,0.01,GradOne,0.17256664817370174,0.25413917722248147,4.04158111660778,4.038941877043316,11,0.0006530215498135885
D_pi_plus_075,Positive-jump probability 0.75 sensitivity,vasicek_mrjd_vanilla_put,"Vanilla put, 1 observation",0.5,0.01,GradTwo,0.17256664817370174,0.2541190034492811,4.04158111660778,4.038941877043316,11,0.0006530215498135885
D_pi_plus_075,Positive-jump probability 0.75 sensitivity,vasicek_mrjd_vanilla_put,"Vanilla put, 1 observation",0.5,0.01,t-Test CRN,0.34671553350520423,0.39176707016565765,4.04158111660778,4.038941877043316,12,0.0006530215498135885
D_pi_plus_075,Positive-jump probability 0.75 sensitivity,vasicek_mrjd_vanilla_put,"Vanilla put, 1 observation",0.5,0.08,GradOne,0.17820933709515405,0.224240565151828,4.067051932511628,4.094884683766898,12,0.00684347082779476
D_pi_plus_075,Positive-jump probability 0.75 sensitivity,vasicek_mrjd_vanilla_put,"Vanilla put, 1 observation",0.5,0.08,GradTwo,0.17739816587512192,0.2194212252927927,4.067051932511628,4.094884683766898,12,0.00684347082779476
D_pi_plus_075,Positive-jump probability 0.75 sensitivity,vasicek_mrjd_vanilla_put,"Vanilla put, 1 observation",0.5,0.08,t-Test CRN,0.15114151462186465,0.19923841250616484,4.067051932511628,4.094884683766898,12,0.00684347082779476
D_pi_plus_075,Positive-jump probability 0.75 sensitivity,vasicek_mrjd_vanilla_put,"Vanilla put, 1 observation",0.5,0.7,GradOne,0.3016967178366319,0.3267429647497117,4.033660225914904,4.156919455666398,12,0.03055766297805536
D_pi_plus_075,Positive-jump probability 0.75 sensitivity,vasicek_mrjd_vanilla_put,"Vanilla put, 1 observation",0.5,0.7,GradTwo,0.29194696107745977,0.32548261215738883,4.033660225914904,4.156919455666398,12,0.03055766297805536
D_pi_plus_075,Positive-jump probability 0.75 sensitivity,vasicek_mrjd_vanilla_put,"Vanilla put, 1 observation",0.5,0.7,t-Test CRN,0.2822013708685736,0.31470443830570455,4.033660225914904,4.156919455666398,12,0.03055766297805536
D_pi_plus_075,Positive-jump probability 0.75 sensitivity,vasicek_mrjd_vanilla_put,"Vanilla put, 1 observation",0.67,0.01,GradOne,0.3849911761133059,0.48721089990057237,3.993189987498324,4.016383067352233,12,0.005808158371257315
D_pi_plus_075,Positive-jump probability 0.75 sensitivity,vasicek_mrjd_vanilla_put,"Vanilla put, 1 observation",0.67,0.01,GradTwo,0.3842490566553368,0.4834545993758879,3.993189987498324,4.016383067352233,12,0.005808158371257315
D_pi_plus_075,Positive-jump probability 0.75 sensitivity,vasicek_mrjd_vanilla_put,"Vanilla put, 1 observation",0.67,0.01,t-Test CRN,0.20217142302293,0.2730991626999767,3.993189987498324,4.016383067352233,12,0.005808158371257315
D_pi_plus_075,Positive-jump probability 0.75 sensitivity,vasicek_mrjd_vanilla_put,"Vanilla put, 1 observation",0.67,0.08,GradOne,0.34728881319269034,0.3262187048758995,3.9969138594303013,4.054795187414252,12,0.01448150498599947
D_pi_plus_075,Positive-jump probability 0.75 sensitivity,vasicek_mrjd_vanilla_put,"Vanilla put, 1 observation",0.67,0.08,GradTwo,0.3467667301198751,0.32689322891753064,3.9969138594303013,4.054795187414252,12,0.01448150498599947
D_pi_plus_075,Positive-jump probability 0.75 sensitivity,vasicek_mrjd_vanilla_put,"Vanilla put, 1 observation",0.67,0.08,t-Test CRN,0.3292895358521629,0.32253937282941386,3.9969138594303013,4.054795187414252,12,0.01448150498599947
D_pi_plus_075,Positive-jump probability 0.75 sensitivity,vasicek_mrjd_vanilla_put,"Vanilla put, 1 observation",0.67,0.7,GradOne,0.7948533704021112,0.7232036834938166,3.9464576559738127,4.465880126429962,12,0.13161739355543103
D_pi_plus_075,Positive-jump probability 0.75 sensitivity,vasicek_mrjd_vanilla_put,"Vanilla put, 1 observation",0.67,0.7,GradTwo,0.7907638072646037,0.7268899294570175,3.9464576559738127,4.465880126429962,12,0.13161739355543103
D_pi_plus_075,Positive-jump probability 0.75 sensitivity,vasicek_mrjd_vanilla_put,"Vanilla put, 1 observation",0.67,0.7,t-Test CRN,0.7771302226400559,0.7194407930667901,3.9464576559738127,4.465880126429962,12,0.13161739355543103
D_pi_plus_075,Positive-jump probability 0.75 sensitivity,vasicek_mrjd_vanilla_put,"Vanilla put, 1 observation",1.0,0.01,GradOne,0.21915235036165856,0.40541539468310067,4.016643070625669,4.011825607439783,12,0.0011993754737922853
D_pi_plus_075,Positive-jump probability 0.75 sensitivity,vasicek_mrjd_vanilla_put,"Vanilla put, 1 observation",1.0,0.01,GradTwo,0.21919386383466954,0.4052671220343922,4.016643070625669,4.011825607439783,12,0.0011993754737922853
D_pi_plus_075,Positive-jump probability 0.75 sensitivity,vasicek_mrjd_vanilla_put,"Vanilla put, 1 observation",1.0,0.01,t-Test CRN,0.22928789132144967,0.2107981337610377,4.016643070625669,4.011825607439783,12,0.0011993754737922853
D_pi_plus_075,Positive-jump probability 0.75 sensitivity,vasicek_mrjd_vanilla_put,"Vanilla put, 1 observation",1.0,0.08,GradOne,0.2991510198869145,0.33897990981832216,4.026786773459854,4.119020355547224,12,0.022905007708695156
D_pi_plus_075,Positive-jump probability 0.75 sensitivity,vasicek_mrjd_vanilla_put,"Vanilla put, 1 observation",1.0,0.08,GradTwo,0.32485673229107315,0.33438628263994175,4.026786773459854,4.119020355547224,12,0.022905007708695156
D_pi_plus_075,Positive-jump probability 0.75 sensitivity,vasicek_mrjd_vanilla_put,"Vanilla put, 1 observation",1.0,0.08,t-Test CRN,0.278442280202117,0.29847408884312115,4.026786773459854,4.119020355547224,12,0.022905007708695156
D_pi_plus_075,Positive-jump probability 0.75 sensitivity,vasicek_mrjd_vanilla_put,"Vanilla put, 1 observation",1.0,0.7,GradOne,0.8558011821891498,0.7570369031695732,4.056471782195157,4.5890683539622845,12,0.1312955199404625
D_pi_plus_075,Positive-jump probability 0.75 sensitivity,vasicek_mrjd_vanilla_put,"Vanilla put, 1 observation",1.0,0.7,GradTwo,0.8673074606566691,0.7841683478301413,4.056471782195157,4.5890683539622845,12,0.1312955199404625
D_pi_plus_075,Positive-jump probability 0.75 sensitivity,vasicek_mrjd_vanilla_put,"Vanilla put, 1 observation",1.0,0.7,t-Test CRN,0.8444284203909426,0.7703549148337947,4.056471782195157,4.5890683539622845,12,0.1312955199404625
E_lambdaM_01,Illustrative lambda^M=0.1 sensitivity,vasicek_mrjd_asian_call_4,"Asian call, 4 observations",0.2,0.01,GradOne,1.0,0.9999972418326797,1.0576554238190252,1.026202963744784,12,0.029737908364022153
E_lambdaM_01,Illustrative lambda^M=0.1 sensitivity,vasicek_mrjd_asian_call_4,"Asian call, 4 observations",0.2,0.01,GradTwo,1.0,0.9999974677422253,1.0576554238190252,1.026202963744784,12,0.029737908364022153
E_lambdaM_01,Illustrative lambda^M=0.1 sensitivity,vasicek_mrjd_asian_call_4,"Asian call, 4 observations",0.2,0.01,t-Test CRN,1.0,0.9999994970481638,1.0576554238190252,1.026202963744784,12,0.029737908364022153
E_lambdaM_01,Illustrative lambda^M=0.1 sensitivity,vasicek_mrjd_asian_call_4,"Asian call, 4 observations",0.2,0.08,GradOne,0.8985961265724658,0.8147738447688323,1.0460896932227988,1.0149437561764807,12,0.029773677389329307
E_lambdaM_01,Illustrative lambda^M=0.1 sensitivity,vasicek_mrjd_asian_call_4,"Asian call, 4 observations",0.2,0.08,GradTwo,0.9057018926179805,0.82091598083535,1.0460896932227988,1.0149437561764807,12,0.029773677389329307
E_lambdaM_01,Illustrative lambda^M=0.1 sensitivity,vasicek_mrjd_asian_call_4,"Asian call, 4 observations",0.2,0.08,t-Test CRN,0.9386441601386573,0.8501980046105092,1.0460896932227988,1.0149437561764807,12,0.029773677389329307
E_lambdaM_01,Illustrative lambda^M=0.1 sensitivity,vasicek_mrjd_asian_call_4,"Asian call, 4 observations",0.2,0.7,GradOne,0.2724462972665258,0.31891496415225634,1.082376052813518,1.0654202095784187,12,0.015665390222764534
E_lambdaM_01,Illustrative lambda^M=0.1 sensitivity,vasicek_mrjd_asian_call_4,"Asian call, 4 observations",0.2,0.7,GradTwo,0.2683595870527844,0.317339831121436,1.082376052813518,1.0654202095784187,12,0.015665390222764534
E_lambdaM_01,Illustrative lambda^M=0.1 sensitivity,vasicek_mrjd_asian_call_4,"Asian call, 4 observations",0.2,0.7,t-Test CRN,0.26492704701707004,0.3159120783872483,1.082376052813518,1.0654202095784187,12,0.015665390222764534
E_lambdaM_01,Illustrative lambda^M=0.1 sensitivity,vasicek_mrjd_asian_call_4,"Asian call, 4 observations",0.33,0.01,GradOne,0.9999884815682523,0.9331506548891463,1.1286358889015518,1.1038885084508077,12,0.02192680623937057
E_lambdaM_01,Illustrative lambda^M=0.1 sensitivity,vasicek_mrjd_asian_call_4,"Asian call, 4 observations",0.33,0.01,GradTwo,0.9999915126537532,0.9331609066172798,1.1286358889015518,1.1038885084508077,12,0.02192680623937057
E_lambdaM_01,Illustrative lambda^M=0.1 sensitivity,vasicek_mrjd_asian_call_4,"Asian call, 4 observations",0.33,0.01,t-Test CRN,0.9999982459372996,0.9495510935451458,1.1286358889015518,1.1038885084508077,12,0.02192680623937057
E_lambdaM_01,Illustrative lambda^M=0.1 sensitivity,vasicek_mrjd_asian_call_4,"Asian call, 4 observations",0.33,0.08,GradOne,0.48559548568569216,0.48832620141404387,1.0722586339157187,1.046390207254808,12,0.024125174507985472
E_lambdaM_01,Illustrative lambda^M=0.1 sensitivity,vasicek_mrjd_asian_call_4,"Asian call, 4 observations",0.33,0.08,GradTwo,0.4993824399905797,0.5174651954631525,1.0722586339157187,1.046390207254808,12,0.024125174507985472
E_lambdaM_01,Illustrative lambda^M=0.1 sensitivity,vasicek_mrjd_asian_call_4,"Asian call, 4 observations",0.33,0.08,t-Test CRN,0.542735750371429,0.5623753408119739,1.0722586339157187,1.046390207254808,12,0.024125174507985472
E_lambdaM_01,Illustrative lambda^M=0.1 sensitivity,vasicek_mrjd_asian_call_4,"Asian call, 4 observations",0.33,0.7,GradOne,0.5100286295090022,0.46406176592079107,1.0726159688464887,1.1482287580456858,12,0.07049381269282474
E_lambdaM_01,Illustrative lambda^M=0.1 sensitivity,vasicek_mrjd_asian_call_4,"Asian call, 4 observations",0.33,0.7,GradTwo,0.45332311122672964,0.4430273801620599,1.0726159688464887,1.1482287580456858,12,0.07049381269282474
E_lambdaM_01,Illustrative lambda^M=0.1 sensitivity,vasicek_mrjd_asian_call_4,"Asian call, 4 observations",0.33,0.7,t-Test CRN,0.4344881966422535,0.4315000154073301,1.0726159688464887,1.1482287580456858,12,0.07049381269282474
E_lambdaM_01,Illustrative lambda^M=0.1 sensitivity,vasicek_mrjd_asian_call_4,"Asian call, 4 observations",0.5,0.01,GradOne,0.9999999877712435,0.869822155990489,1.1298347422918067,1.102945250053815,12,0.023799491404776427
E_lambdaM_01,Illustrative lambda^M=0.1 sensitivity,vasicek_mrjd_asian_call_4,"Asian call, 4 observations",0.5,0.01,GradTwo,0.9999999881346704,0.8704547982028834,1.1298347422918067,1.102945250053815,12,0.023799491404776427
E_lambdaM_01,Illustrative lambda^M=0.1 sensitivity,vasicek_mrjd_asian_call_4,"Asian call, 4 observations",0.5,0.01,t-Test CRN,0.9999999996661777,0.8839909629491668,1.1298347422918067,1.102945250053815,12,0.023799491404776427
E_lambdaM_01,Illustrative lambda^M=0.1 sensitivity,vasicek_mrjd_asian_call_4,"Asian call, 4 observations",0.5,0.08,GradOne,0.13449161809736931,0.1977811823083636,1.0519011964228482,1.04365419599384,12,0.007840090359297499
E_lambdaM_01,Illustrative lambda^M=0.1 sensitivity,vasicek_mrjd_asian_call_4,"Asian call, 4 observations",0.5,0.08,GradTwo,0.1348194148833302,0.1987750222953332,1.0519011964228482,1.04365419599384,12,0.007840090359297499
E_lambdaM_01,Illustrative lambda^M=0.1 sensitivity,vasicek_mrjd_asian_call_4,"Asian call, 4 observations",0.5,0.08,t-Test CRN,0.14867764106307668,0.2182914345692766,1.0519011964228482,1.04365419599384,12,0.007840090359297499
E_lambdaM_01,Illustrative lambda^M=0.1 sensitivity,vasicek_mrjd_asian_call_4,"Asian call, 4 observations",0.5,0.7,GradOne,0.8589548998422061,0.6951933131113877,1.066117346351791,1.2074512921754432,12,0.13256884554715395
E_lambdaM_01,Illustrative lambda^M=0.1 sensitivity,vasicek_mrjd_asian_call_4,"Asian call, 4 observations",0.5,0.7,GradTwo,0.762399536845296,0.6355332522019707,1.066117346351791,1.2074512921754432,12,0.13256884554715395
E_lambdaM_01,Illustrative lambda^M=0.1 sensitivity,vasicek_mrjd_asian_call_4,"Asian call, 4 observations",0.5,0.7,t-Test CRN,0.7637156070181736,0.6371929992286246,1.066117346351791,1.2074512921754432,12,0.13256884554715395
E_lambdaM_01,Illustrative lambda^M=0.1 sensitivity,vasicek_mrjd_asian_call_4,"Asian call, 4 observations",0.67,0.01,GradOne,0.9999990616061653,0.8498933428280854,1.135793269504782,1.1065421180046575,12,0.025753939810612185
E_lambdaM_01,Illustrative lambda^M=0.1 sensitivity,vasicek_mrjd_asian_call_4,"Asian call, 4 observations",0.67,0.01,GradTwo,0.9999990616061653,0.8504267426465466,1.135793269504782,1.1065421180046575,12,0.025753939810612185
E_lambdaM_01,Illustrative lambda^M=0.1 sensitivity,vasicek_mrjd_asian_call_4,"Asian call, 4 observations",0.67,0.01,t-Test CRN,0.9999999454176456,0.8565349788754398,1.135793269504782,1.1065421180046575,12,0.025753939810612185
E_lambdaM_01,Illustrative lambda^M=0.1 sensitivity,vasicek_mrjd_asian_call_4,"Asian call, 4 observations",0.67,0.08,GradOne,0.1281724197114809,0.19208116353604443,1.0676620379687578,1.0761105685353418,12,0.007913113200744181
E_lambdaM_01,Illustrative lambda^M=0.1 sensitivity,vasicek_mrjd_asian_call_4,"Asian call, 4 observations",0.67,0.08,GradTwo,0.1345194532303797,0.1949697278757334,1.0676620379687578,1.0761105685353418,12,0.007913113200744181
E_lambdaM_01,Illustrative lambda^M=0.1 sensitivity,vasicek_mrjd_asian_call_4,"Asian call, 4 observations",0.67,0.08,t-Test CRN,0.12362021968463821,0.19720436685598006,1.0676620379687578,1.0761105685353418,12,0.007913113200744181
E_lambdaM_01,Illustrative lambda^M=0.1 sensitivity,vasicek_mrjd_asian_call_4,"Asian call, 4 observations",0.67,0.7,GradOne,0.8758611680381285,0.8648303141578418,1.0888917360730455,1.3208202544561978,12,0.21299502117591054
E_lambdaM_01,Illustrative lambda^M=0.1 sensitivity,vasicek_mrjd_asian_call_4,"Asian call, 4 observations",0.67,0.7,GradTwo,0.864181731172138,0.8285361069861096,1.0888917360730455,1.3208202544561978,12,0.21299502117591054
E_lambdaM_01,Illustrative lambda^M=0.1 sensitivity,vasicek_mrjd_asian_call_4,"Asian call, 4 observations",0.67,0.7,t-Test CRN,0.869173784526867,0.8391208997030383,1.0888917360730455,1.3208202544561978,12,0.21299502117591054
E_lambdaM_01,Illustrative lambda^M=0.1 sensitivity,vasicek_mrjd_asian_call_4,"Asian call, 4 observations",1.0,0.01,GradOne,0.9831393124342711,0.8135503370757555,1.0703413407098863,1.0563953278197862,12,0.0130295003656036
E_lambdaM_01,Illustrative lambda^M=0.1 sensitivity,vasicek_mrjd_asian_call_4,"Asian call, 4 observations",1.0,0.01,GradTwo,0.983237055896026,0.8135926229708145,1.0703413407098863,1.0563953278197862,12,0.0130295003656036
E_lambdaM_01,Illustrative lambda^M=0.1 sensitivity,vasicek_mrjd_asian_call_4,"Asian call, 4 observations",1.0,0.01,t-Test CRN,0.9895565158257318,0.8305207318042606,1.0703413407098863,1.0563953278197862,12,0.0130295003656036
E_lambdaM_01,Illustrative lambda^M=0.1 sensitivity,vasicek_mrjd_asian_call_4,"Asian call, 4 observations",1.0,0.08,GradOne,0.2550081389837325,0.3126512039446474,1.0379381755756534,1.044582927334604,12,0.006401876253626817
E_lambdaM_01,Illustrative lambda^M=0.1 sensitivity,vasicek_mrjd_asian_call_4,"Asian call, 4 observations",1.0,0.08,GradTwo,0.23424020715617738,0.30836538252096896,1.0379381755756534,1.044582927334604,12,0.006401876253626817
E_lambdaM_01,Illustrative lambda^M=0.1 sensitivity,vasicek_mrjd_asian_call_4,"Asian call, 4 observations",1.0,0.08,t-Test CRN,0.23001157783500176,0.3152727222318302,1.0379381755756534,1.044582927334604,12,0.006401876253626817
E_lambdaM_01,Illustrative lambda^M=0.1 sensitivity,vasicek_mrjd_asian_call_4,"Asian call, 4 observations",1.0,0.7,GradOne,0.9989206287412247,0.9810146832298258,1.0959149579397334,1.6407683579579782,12,0.49716759140010514
E_lambdaM_01,Illustrative lambda^M=0.1 sensitivity,vasicek_mrjd_asian_call_4,"Asian call, 4 observations",1.0,0.7,GradTwo,0.9974760020613312,0.9687633479962069,1.0959149579397334,1.6407683579579782,12,0.49716759140010514
E_lambdaM_01,Illustrative lambda^M=0.1 sensitivity,vasicek_mrjd_asian_call_4,"Asian call, 4 observations",1.0,0.7,t-Test CRN,0.99643967424181,0.9679035123900751,1.0959149579397334,1.6407683579579782,12,0.49716759140010514
E_lambdaM_01,Illustrative lambda^M=0.1 sensitivity,vasicek_mrjd_asian_put_12,"Asian put, 12 observations",0.2,0.01,GradOne,0.9999999999971303,0.9976823789140706,1.0310308026991712,1.0575108596858906,10,0.025683090085569068
E_lambdaM_01,Illustrative lambda^M=0.1 sensitivity,vasicek_mrjd_asian_put_12,"Asian put, 12 observations",0.2,0.01,GradTwo,0.9999999999971303,0.9975927194051113,1.0310308026991712,1.0575108596858906,10,0.025683090085569068
E_lambdaM_01,Illustrative lambda^M=0.1 sensitivity,vasicek_mrjd_asian_put_12,"Asian put, 12 observations",0.2,0.01,t-Test CRN,0.9999999999989095,0.9964629898744742,1.0310308026991712,1.0575108596858906,11,0.025683090085569068
E_lambdaM_01,Illustrative lambda^M=0.1 sensitivity,vasicek_mrjd_asian_put_12,"Asian put, 12 observations",0.2,0.08,GradOne,0.9905690184972045,0.9710537489308927,0.9950554031910382,1.0302217430314111,12,0.03534108726770199
E_lambdaM_01,Illustrative lambda^M=0.1 sensitivity,vasicek_mrjd_asian_put_12,"Asian put, 12 observations",0.2,0.08,GradTwo,0.99008064885416,0.9706293901518107,0.9950554031910382,1.0302217430314111,12,0.03534108726770199
E_lambdaM_01,Illustrative lambda^M=0.1 sensitivity,vasicek_mrjd_asian_put_12,"Asian put, 12 observations",0.2,0.08,t-Test CRN,0.9761899807566417,0.959308544529338,0.9950554031910382,1.0302217430314111,12,0.03534108726770199
E_lambdaM_01,Illustrative lambda^M=0.1 sensitivity,vasicek_mrjd_asian_put_12,"Asian put, 12 observations",0.2,0.7,GradOne,0.5614685838870264,0.6167611345904666,1.003936313229135,1.070876377405572,12,0.06667760025646056
E_lambdaM_01,Illustrative lambda^M=0.1 sensitivity,vasicek_mrjd_asian_put_12,"Asian put, 12 observations",0.2,0.7,GradTwo,0.5496888764988161,0.6153935856089683,1.003936313229135,1.070876377405572,12,0.06667760025646056
E_lambdaM_01,Illustrative lambda^M=0.1 sensitivity,vasicek_mrjd_asian_put_12,"Asian put, 12 observations",0.2,0.7,t-Test CRN,0.5306954124449208,0.5990425890957323,1.003936313229135,1.070876377405572,12,0.06667760025646056
E_lambdaM_01,Illustrative lambda^M=0.1 sensitivity,vasicek_mrjd_asian_put_12,"Asian put, 12 observations",0.33,0.01,GradOne,0.9999999999700405,0.9957978395906089,1.0340329836296829,1.0614254091501958,10,0.02649086243299462
E_lambdaM_01,Illustrative lambda^M=0.1 sensitivity,vasicek_mrjd_asian_put_12,"Asian put, 12 observations",0.33,0.01,GradTwo,0.9999999996506197,0.9958206928846998,1.0340329836296829,1.0614254091501958,10,0.02649086243299462
E_lambdaM_01,Illustrative lambda^M=0.1 sensitivity,vasicek_mrjd_asian_put_12,"Asian put, 12 observations",0.33,0.01,t-Test CRN,0.9999999691433955,0.9928074953195583,1.0340329836296829,1.0614254091501958,9,0.02649086243299462
E_lambdaM_01,Illustrative lambda^M=0.1 sensitivity,vasicek_mrjd_asian_put_12,"Asian put, 12 observations",0.33,0.08,GradOne,0.8437336936631248,0.7449584124428932,1.0207542723067529,1.0578883150252902,12,0.03637902257770615
E_lambdaM_01,Illustrative lambda^M=0.1 sensitivity,vasicek_mrjd_asian_put_12,"Asian put, 12 observations",0.33,0.08,GradTwo,0.823988571262992,0.7398347870834119,1.0207542723067529,1.0578883150252902,12,0.03637902257770615
E_lambdaM_01,Illustrative lambda^M=0.1 sensitivity,vasicek_mrjd_asian_put_12,"Asian put, 12 observations",0.33,0.08,t-Test CRN,0.7571243943700878,0.701703606806073,1.0207542723067529,1.0578883150252902,12,0.03637902257770615
E_lambdaM_01,Illustrative lambda^M=0.1 sensitivity,vasicek_mrjd_asian_put_12,"Asian put, 12 observations",0.33,0.7,GradOne,0.759974599960226,0.5851620909659103,0.985702004243783,1.1348982141042088,12,0.15136035964022118
E_lambdaM_01,Illustrative lambda^M=0.1 sensitivity,vasicek_mrjd_asian_put_12,"Asian put, 12 observations",0.33,0.7,GradTwo,0.7765924975318355,0.5811120384000961,0.985702004243783,1.1348982141042088,12,0.15136035964022118
E_lambdaM_01,Illustrative lambda^M=0.1 sensitivity,vasicek_mrjd_asian_put_12,"Asian put, 12 observations",0.33,0.7,t-Test CRN,0.7702853321012988,0.5756378026388117,0.985702004243783,1.1348982141042088,12,0.15136035964022118
E_lambdaM_01,Illustrative lambda^M=0.1 sensitivity,vasicek_mrjd_asian_put_12,"Asian put, 12 observations",0.5,0.01,GradOne,0.9999999998983101,0.9711142943373035,1.0094540332809854,1.0428275266220663,9,0.033060934169145406
E_lambdaM_01,Illustrative lambda^M=0.1 sensitivity,vasicek_mrjd_asian_put_12,"Asian put, 12 observations",0.5,0.01,GradTwo,0.9999999998983101,0.9704921923393623,1.0094540332809854,1.0428275266220663,9,0.033060934169145406
E_lambdaM_01,Illustrative lambda^M=0.1 sensitivity,vasicek_mrjd_asian_put_12,"Asian put, 12 observations",0.5,0.01,t-Test CRN,0.9999999948368749,0.9634863628522314,1.0094540332809854,1.0428275266220663,9,0.033060934169145406
E_lambdaM_01,Illustrative lambda^M=0.1 sensitivity,vasicek_mrjd_asian_put_12,"Asian put, 12 observations",0.5,0.08,GradOne,0.5952180323267262,0.5494409439658562,1.045111326857466,1.0893802314723904,12,0.04235807562055228
E_lambdaM_01,Illustrative lambda^M=0.1 sensitivity,vasicek_mrjd_asian_put_12,"Asian put, 12 observations",0.5,0.08,GradTwo,0.588720200216821,0.5472637620699446,1.045111326857466,1.0893802314723904,12,0.04235807562055228
E_lambdaM_01,Illustrative lambda^M=0.1 sensitivity,vasicek_mrjd_asian_put_12,"Asian put, 12 observations",0.5,0.08,t-Test CRN,0.5332634469571136,0.5137100461213878,1.045111326857466,1.0893802314723904,12,0.04235807562055228
E_lambdaM_01,Illustrative lambda^M=0.1 sensitivity,vasicek_mrjd_asian_put_12,"Asian put, 12 observations",0.5,0.7,GradOne,0.8285273191188645,0.8031170263775351,1.0170731334546632,1.2180192354445873,12,0.19757291327456095
E_lambdaM_01,Illustrative lambda^M=0.1 sensitivity,vasicek_mrjd_asian_put_12,"Asian put, 12 observations",0.5,0.7,GradTwo,0.8244541652374099,0.8060255736389231,1.0170731334546632,1.2180192354445873,12,0.19757291327456095
E_lambdaM_01,Illustrative lambda^M=0.1 sensitivity,vasicek_mrjd_asian_put_12,"Asian put, 12 observations",0.5,0.7,t-Test CRN,0.8180076335697686,0.7982416021050756,1.0170731334546632,1.2180192354445873,12,0.19757291327456095
E_lambdaM_01,Illustrative lambda^M=0.1 sensitivity,vasicek_mrjd_asian_put_12,"Asian put, 12 observations",0.67,0.01,GradOne,0.9782101751690522,0.8480575600497411,1.0686877926802616,1.0960453970263775,8,0.025599248474152785
E_lambdaM_01,Illustrative lambda^M=0.1 sensitivity,vasicek_mrjd_asian_put_12,"Asian put, 12 observations",0.67,0.01,GradTwo,0.9782101751690522,0.8476633834511808,1.0686877926802616,1.0960453970263775,8,0.025599248474152785
E_lambdaM_01,Illustrative lambda^M=0.1 sensitivity,vasicek_mrjd_asian_put_12,"Asian put, 12 observations",0.67,0.01,t-Test CRN,0.9969436356387418,0.8503575036537065,1.0686877926802616,1.0960453970263775,9,0.025599248474152785
E_lambdaM_01,Illustrative lambda^M=0.1 sensitivity,vasicek_mrjd_asian_put_12,"Asian put, 12 observations",0.67,0.08,GradOne,0.6362494234243613,0.6113881162337945,1.0212421191766667,1.098360779683752,12,0.07551457099052958
E_lambdaM_01,Illustrative lambda^M=0.1 sensitivity,vasicek_mrjd_asian_put_12,"Asian put, 12 observations",0.67,0.08,GradTwo,0.634515858979009,0.6103627468787475,1.0212421191766667,1.098360779683752,12,0.07551457099052958
E_lambdaM_01,Illustrative lambda^M=0.1 sensitivity,vasicek_mrjd_asian_put_12,"Asian put, 12 observations",0.67,0.08,t-Test CRN,0.6098095269922802,0.5884951011793559,1.0212421191766667,1.098360779683752,12,0.07551457099052958
E_lambdaM_01,Illustrative lambda^M=0.1 sensitivity,vasicek_mrjd_asian_put_12,"Asian put, 12 observations",0.67,0.7,GradOne,0.8674040740629609,0.7900329809625699,1.004814682394672,1.2669336140291256,12,0.26086295933671316
E_lambdaM_01,Illustrative lambda^M=0.1 sensitivity,vasicek_mrjd_asian_put_12,"Asian put, 12 observations",0.67,0.7,GradTwo,0.8358119167392735,0.7640057534498818,1.004814682394672,1.2669336140291256,12,0.26086295933671316
E_lambdaM_01,Illustrative lambda^M=0.1 sensitivity,vasicek_mrjd_asian_put_12,"Asian put, 12 observations",0.67,0.7,t-Test CRN,0.834639314474665,0.7582479655352374,1.004814682394672,1.2669336140291256,12,0.26086295933671316
E_lambdaM_01,Illustrative lambda^M=0.1 sensitivity,vasicek_mrjd_asian_put_12,"Asian put, 12 observations",1.0,0.01,GradOne,0.8870752633682489,0.8146709587635751,1.042181175854648,1.0782477138770519,10,0.03460678321389491
E_lambdaM_01,Illustrative lambda^M=0.1 sensitivity,vasicek_mrjd_asian_put_12,"Asian put, 12 observations",1.0,0.01,GradTwo,0.8865516843691696,0.8143591038641865,1.042181175854648,1.0782477138770519,10,0.03460678321389491
E_lambdaM_01,Illustrative lambda^M=0.1 sensitivity,vasicek_mrjd_asian_put_12,"Asian put, 12 observations",1.0,0.01,t-Test CRN,0.8766208617814171,0.7945810462437686,1.042181175854648,1.0782477138770519,10,0.03460678321389491
E_lambdaM_01,Illustrative lambda^M=0.1 sensitivity,vasicek_mrjd_asian_put_12,"Asian put, 12 observations",1.0,0.08,GradOne,0.43185706211744,0.453088269044908,1.007172135448744,1.1248079568440674,12,0.11679812939117007
E_lambdaM_01,Illustrative lambda^M=0.1 sensitivity,vasicek_mrjd_asian_put_12,"Asian put, 12 observations",1.0,0.08,GradTwo,0.4324514041448594,0.4278220817911696,1.007172135448744,1.1248079568440674,12,0.11679812939117007
E_lambdaM_01,Illustrative lambda^M=0.1 sensitivity,vasicek_mrjd_asian_put_12,"Asian put, 12 observations",1.0,0.08,t-Test CRN,0.4053420563129235,0.41179644721639175,1.007172135448744,1.1248079568440674,12,0.11679812939117007
E_lambdaM_01,Illustrative lambda^M=0.1 sensitivity,vasicek_mrjd_asian_put_12,"Asian put, 12 observations",1.0,0.7,GradOne,0.9515119082646368,0.9293361908307838,1.0155623882367628,1.562231566770273,12,0.5382920683806013
E_lambdaM_01,Illustrative lambda^M=0.1 sensitivity,vasicek_mrjd_asian_put_12,"Asian put, 12 observations",1.0,0.7,GradTwo,0.9393145397338047,0.9091341791676566,1.0155623882367628,1.562231566770273,12,0.5382920683806013
E_lambdaM_01,Illustrative lambda^M=0.1 sensitivity,vasicek_mrjd_asian_put_12,"Asian put, 12 observations",1.0,0.7,t-Test CRN,0.9382650227697263,0.9071369864504356,1.0155623882367628,1.562231566770273,12,0.5382920683806013
E_lambdaM_01,Illustrative lambda^M=0.1 sensitivity,vasicek_mrjd_vanilla_put,"Vanilla put, 1 observation",0.2,0.01,GradOne,0.9999999994374755,0.9999270377733295,4.016545506554987,4.108965769929723,10,0.023009888279345136
E_lambdaM_01,Illustrative lambda^M=0.1 sensitivity,vasicek_mrjd_vanilla_put,"Vanilla put, 1 observation",0.2,0.01,GradTwo,0.9999999994374755,0.9999270377733295,4.016545506554987,4.108965769929723,10,0.023009888279345136
E_lambdaM_01,Illustrative lambda^M=0.1 sensitivity,vasicek_mrjd_vanilla_put,"Vanilla put, 1 observation",0.2,0.01,t-Test CRN,0.9999996156010218,0.9997072795598482,4.016545506554987,4.108965769929723,8,0.023009888279345136
E_lambdaM_01,Illustrative lambda^M=0.1 sensitivity,vasicek_mrjd_vanilla_put,"Vanilla put, 1 observation",0.2,0.08,GradOne,0.9963080361462693,0.9876646317619243,4.072169860313931,4.159590173836063,12,0.021467747299567002
E_lambdaM_01,Illustrative lambda^M=0.1 sensitivity,vasicek_mrjd_vanilla_put,"Vanilla put, 1 observation",0.2,0.08,GradTwo,0.9967158499938137,0.9877960410704806,4.072169860313931,4.159590173836063,12,0.021467747299567002
E_lambdaM_01,Illustrative lambda^M=0.1 sensitivity,vasicek_mrjd_vanilla_put,"Vanilla put, 1 observation",0.2,0.08,t-Test CRN,0.9918707060221361,0.9764229433047592,4.072169860313931,4.159590173836063,12,0.021467747299567002
E_lambdaM_01,Illustrative lambda^M=0.1 sensitivity,vasicek_mrjd_vanilla_put,"Vanilla put, 1 observation",0.2,0.7,GradOne,0.7742710897071559,0.7349822549524142,4.0724850008960924,4.183993119882525,12,0.027380854432096643
E_lambdaM_01,Illustrative lambda^M=0.1 sensitivity,vasicek_mrjd_vanilla_put,"Vanilla put, 1 observation",0.2,0.7,GradTwo,0.7687065297376727,0.7441653799793618,4.0724850008960924,4.183993119882525,12,0.027380854432096643
E_lambdaM_01,Illustrative lambda^M=0.1 sensitivity,vasicek_mrjd_vanilla_put,"Vanilla put, 1 observation",0.2,0.7,t-Test CRN,0.7280296350518838,0.7023682547369079,4.0724850008960924,4.183993119882525,12,0.027380854432096643
E_lambdaM_01,Illustrative lambda^M=0.1 sensitivity,vasicek_mrjd_vanilla_put,"Vanilla put, 1 observation",0.33,0.01,GradOne,0.9999999754440712,0.9989652265579251,3.987859360925012,4.07165473683324,10,0.02101262063785305
E_lambdaM_01,Illustrative lambda^M=0.1 sensitivity,vasicek_mrjd_vanilla_put,"Vanilla put, 1 observation",0.33,0.01,GradTwo,0.9999999754440712,0.9989652265578061,3.987859360925012,4.07165473683324,10,0.02101262063785305
E_lambdaM_01,Illustrative lambda^M=0.1 sensitivity,vasicek_mrjd_vanilla_put,"Vanilla put, 1 observation",0.33,0.01,t-Test CRN,0.9999991783266101,0.997936713621617,3.987859360925012,4.07165473683324,11,0.02101262063785305
E_lambdaM_01,Illustrative lambda^M=0.1 sensitivity,vasicek_mrjd_vanilla_put,"Vanilla put, 1 observation",0.33,0.08,GradOne,0.9231050808247306,0.8762675230404381,3.9956559955355377,4.113355388893381,12,0.02945683849894789
E_lambdaM_01,Illustrative lambda^M=0.1 sensitivity,vasicek_mrjd_vanilla_put,"Vanilla put, 1 observation",0.33,0.08,GradTwo,0.9221698552203945,0.8754818162417056,3.9956559955355377,4.113355388893381,12,0.02945683849894789
E_lambdaM_01,Illustrative lambda^M=0.1 sensitivity,vasicek_mrjd_vanilla_put,"Vanilla put, 1 observation",0.33,0.08,t-Test CRN,0.8901583066875033,0.8308872078141015,3.9956559955355377,4.113355388893381,12,0.02945683849894789
E_lambdaM_01,Illustrative lambda^M=0.1 sensitivity,vasicek_mrjd_vanilla_put,"Vanilla put, 1 observation",0.33,0.7,GradOne,0.6899995024005876,0.6662574037174093,4.071167874670138,4.275148341385851,12,0.0501036736865684
E_lambdaM_01,Illustrative lambda^M=0.1 sensitivity,vasicek_mrjd_vanilla_put,"Vanilla put, 1 observation",0.33,0.7,GradTwo,0.6970538778577063,0.665999638949078,4.071167874670138,4.275148341385851,12,0.0501036736865684
E_lambdaM_01,Illustrative lambda^M=0.1 sensitivity,vasicek_mrjd_vanilla_put,"Vanilla put, 1 observation",0.33,0.7,t-Test CRN,0.6682218922919649,0.6409311673573799,4.071167874670138,4.275148341385851,12,0.0501036736865684
E_lambdaM_01,Illustrative lambda^M=0.1 sensitivity,vasicek_mrjd_vanilla_put,"Vanilla put, 1 observation",0.5,0.01,GradOne,0.9999999988209548,0.9771770981454743,4.04158111660778,4.116434867878589,12,0.018520907810860954
E_lambdaM_01,Illustrative lambda^M=0.1 sensitivity,vasicek_mrjd_vanilla_put,"Vanilla put, 1 observation",0.5,0.01,GradTwo,0.9999999976422521,0.9750981303638402,4.04158111660778,4.116434867878589,11,0.018520907810860954
E_lambdaM_01,Illustrative lambda^M=0.1 sensitivity,vasicek_mrjd_vanilla_put,"Vanilla put, 1 observation",0.5,0.01,t-Test CRN,0.9999894467356629,0.960506632808352,4.04158111660778,4.116434867878589,10,0.018520907810860954
E_lambdaM_01,Illustrative lambda^M=0.1 sensitivity,vasicek_mrjd_vanilla_put,"Vanilla put, 1 observation",0.5,0.08,GradOne,0.826840799091757,0.7918135702436335,4.067051932511628,4.204954308160792,12,0.033907207957386824
E_lambdaM_01,Illustrative lambda^M=0.1 sensitivity,vasicek_mrjd_vanilla_put,"Vanilla put, 1 observation",0.5,0.08,GradTwo,0.8310802946822999,0.7859548401741868,4.067051932511628,4.204954308160792,12,0.033907207957386824
E_lambdaM_01,Illustrative lambda^M=0.1 sensitivity,vasicek_mrjd_vanilla_put,"Vanilla put, 1 observation",0.5,0.08,t-Test CRN,0.7904039319053007,0.751694100728825,4.067051932511628,4.204954308160792,12,0.033907207957386824
E_lambdaM_01,Illustrative lambda^M=0.1 sensitivity,vasicek_mrjd_vanilla_put,"Vanilla put, 1 observation",0.5,0.7,GradOne,0.3247219370606761,0.4203042989034332,4.033660225914904,4.2501219063470135,12,0.053663835898079965
E_lambdaM_01,Illustrative lambda^M=0.1 sensitivity,vasicek_mrjd_vanilla_put,"Vanilla put, 1 observation",0.5,0.7,GradTwo,0.3655730349413145,0.4243371714908044,4.033660225914904,4.2501219063470135,12,0.053663835898079965
E_lambdaM_01,Illustrative lambda^M=0.1 sensitivity,vasicek_mrjd_vanilla_put,"Vanilla put, 1 observation",0.5,0.7,t-Test CRN,0.36259536012450455,0.41168263499886065,4.033660225914904,4.2501219063470135,12,0.053663835898079965
E_lambdaM_01,Illustrative lambda^M=0.1 sensitivity,vasicek_mrjd_vanilla_put,"Vanilla put, 1 observation",0.67,0.01,GradOne,0.998478494882224,0.9339144737434981,3.993189987498324,4.10074190573003,11,0.026933834495334256
E_lambdaM_01,Illustrative lambda^M=0.1 sensitivity,vasicek_mrjd_vanilla_put,"Vanilla put, 1 observation",0.67,0.01,GradTwo,0.998478494882224,0.9323602454615099,3.993189987498324,4.10074190573003,11,0.026933834495334256
E_lambdaM_01,Illustrative lambda^M=0.1 sensitivity,vasicek_mrjd_vanilla_put,"Vanilla put, 1 observation",0.67,0.01,t-Test CRN,0.995361930198497,0.9123725613739968,3.993189987498324,4.10074190573003,11,0.026933834495334256
E_lambdaM_01,Illustrative lambda^M=0.1 sensitivity,vasicek_mrjd_vanilla_put,"Vanilla put, 1 observation",0.67,0.08,GradOne,0.31148675345734655,0.45698654011669654,3.9969138594303013,4.081503334689001,12,0.021163697350924705
E_lambdaM_01,Illustrative lambda^M=0.1 sensitivity,vasicek_mrjd_vanilla_put,"Vanilla put, 1 observation",0.67,0.08,GradTwo,0.30901340398046245,0.4574624360735844,3.9969138594303013,4.081503334689001,12,0.021163697350924705
E_lambdaM_01,Illustrative lambda^M=0.1 sensitivity,vasicek_mrjd_vanilla_put,"Vanilla put, 1 observation",0.67,0.08,t-Test CRN,0.2657043113396814,0.426353285034692,3.9969138594303013,4.081503334689001,12,0.021163697350924705
E_lambdaM_01,Illustrative lambda^M=0.1 sensitivity,vasicek_mrjd_vanilla_put,"Vanilla put, 1 observation",0.67,0.7,GradOne,0.6345022031259435,0.62901345812962,3.9464576559738127,4.420753532476719,12,0.1201826847894738
E_lambdaM_01,Illustrative lambda^M=0.1 sensitivity,vasicek_mrjd_vanilla_put,"Vanilla put, 1 observation",0.67,0.7,GradTwo,0.628693793511335,0.6240778741447839,3.9464576559738127,4.420753532476719,12,0.1201826847894738
E_lambdaM_01,Illustrative lambda^M=0.1 sensitivity,vasicek_mrjd_vanilla_put,"Vanilla put, 1 observation",0.67,0.7,t-Test CRN,0.626338203453644,0.6156670047880909,3.9464576559738127,4.420753532476719,12,0.1201826847894738
E_lambdaM_01,Illustrative lambda^M=0.1 sensitivity,vasicek_mrjd_vanilla_put,"Vanilla put, 1 observation",1.0,0.01,GradOne,0.9999092738366908,0.9522038584565483,4.016643070625669,4.094023395387192,9,0.019264924316381882
E_lambdaM_01,Illustrative lambda^M=0.1 sensitivity,vasicek_mrjd_vanilla_put,"Vanilla put, 1 observation",1.0,0.01,GradTwo,0.9999006104083313,0.9520827931351773,4.016643070625669,4.094023395387192,9,0.019264924316381882
E_lambdaM_01,Illustrative lambda^M=0.1 sensitivity,vasicek_mrjd_vanilla_put,"Vanilla put, 1 observation",1.0,0.01,t-Test CRN,0.9993649202959993,0.9455243953833646,4.016643070625669,4.094023395387192,9,0.019264924316381882
E_lambdaM_01,Illustrative lambda^M=0.1 sensitivity,vasicek_mrjd_vanilla_put,"Vanilla put, 1 observation",1.0,0.08,GradOne,0.635008125674649,0.5851336765922676,4.026786773459854,4.1777298939028285,12,0.037484756192660965
E_lambdaM_01,Illustrative lambda^M=0.1 sensitivity,vasicek_mrjd_vanilla_put,"Vanilla put, 1 observation",1.0,0.08,GradTwo,0.6340783692226837,0.5826061090346706,4.026786773459854,4.1777298939028285,12,0.037484756192660965
E_lambdaM_01,Illustrative lambda^M=0.1 sensitivity,vasicek_mrjd_vanilla_put,"Vanilla put, 1 observation",1.0,0.08,t-Test CRN,0.603166173350706,0.5512675600180634,4.026786773459854,4.1777298939028285,12,0.037484756192660965
E_lambdaM_01,Illustrative lambda^M=0.1 sensitivity,vasicek_mrjd_vanilla_put,"Vanilla put, 1 observation",1.0,0.7,GradOne,0.7753317673828913,0.6875861771287249,4.056471782195157,4.725165190284905,12,0.16484606426323642
E_lambdaM_01,Illustrative lambda^M=0.1 sensitivity,vasicek_mrjd_vanilla_put,"Vanilla put, 1 observation",1.0,0.7,GradTwo,0.7576502073025657,0.6909587838755312,4.056471782195157,4.725165190284905,12,0.16484606426323642
E_lambdaM_01,Illustrative lambda^M=0.1 sensitivity,vasicek_mrjd_vanilla_put,"Vanilla put, 1 observation",1.0,0.7,t-Test CRN,0.7677317912171837,0.681116275369111,4.056471782195157,4.725165190284905,12,0.16484606426323642
E_no_jump_compensation,Omit jump compensator ablation,vasicek_mrjd_asian_call_4,"Asian call, 4 observations",0.2,0.01,GradOne,0.2627707385856889,0.2624090792747155,1.0576554238190252,1.0565229325191576,12,0.0010707563865917152
E_no_jump_compensation,Omit jump compensator ablation,vasicek_mrjd_asian_call_4,"Asian call, 4 observations",0.2,0.01,GradTwo,0.2627707385856889,0.2624090792747155,1.0576554238190252,1.0565229325191576,12,0.0010707563865917152
E_no_jump_compensation,Omit jump compensator ablation,vasicek_mrjd_asian_call_4,"Asian call, 4 observations",0.2,0.01,t-Test CRN,0.5906661476145233,0.5387278986169952,1.0576554238190252,1.0565229325191576,11,0.0010707563865917152
E_no_jump_compensation,Omit jump compensator ablation,vasicek_mrjd_asian_call_4,"Asian call, 4 observations",0.2,0.08,GradOne,0.2322780858641766,0.22475647883199845,1.0460896932227988,1.0413878699818917,12,0.004494665487451333
E_no_jump_compensation,Omit jump compensator ablation,vasicek_mrjd_asian_call_4,"Asian call, 4 observations",0.2,0.08,GradTwo,0.2322780858641766,0.2278769730061688,1.0460896932227988,1.0413878699818917,12,0.004494665487451333
E_no_jump_compensation,Omit jump compensator ablation,vasicek_mrjd_asian_call_4,"Asian call, 4 observations",0.2,0.08,t-Test CRN,0.21176294239366047,0.2604518725296679,1.0460896932227988,1.0413878699818917,12,0.004494665487451333
E_no_jump_compensation,Omit jump compensator ablation,vasicek_mrjd_asian_call_4,"Asian call, 4 observations",0.2,0.7,GradOne,0.2777274693084398,0.3022351626067673,1.082376052813518,1.0557720486766349,12,0.02457926158633031
E_no_jump_compensation,Omit jump compensator ablation,vasicek_mrjd_asian_call_4,"Asian call, 4 observations",0.2,0.7,GradTwo,0.3049721806475565,0.3034764287350562,1.082376052813518,1.0557720486766349,12,0.02457926158633031
E_no_jump_compensation,Omit jump compensator ablation,vasicek_mrjd_asian_call_4,"Asian call, 4 observations",0.2,0.7,t-Test CRN,0.292871205611194,0.3059856997370729,1.082376052813518,1.0557720486766349,12,0.02457926158633031
E_no_jump_compensation,Omit jump compensator ablation,vasicek_mrjd_asian_call_4,"Asian call, 4 observations",0.33,0.01,GradOne,0.26277073858568895,0.27521019869564334,1.1286358889015518,1.134520518286961,12,0.005213930766579272
E_no_jump_compensation,Omit jump compensator ablation,vasicek_mrjd_asian_call_4,"Asian call, 4 observations",0.33,0.01,GradTwo,0.26277073858568895,0.27521019869564334,1.1286358889015518,1.134520518286961,12,0.005213930766579272
E_no_jump_compensation,Omit jump compensator ablation,vasicek_mrjd_asian_call_4,"Asian call, 4 observations",0.33,0.01,t-Test CRN,0.28273708961023314,0.4183199518637232,1.1286358889015518,1.134520518286961,11,0.005213930766579272
E_no_jump_compensation,Omit jump compensator ablation,vasicek_mrjd_asian_call_4,"Asian call, 4 observations",0.33,0.08,GradOne,0.2252555049880378,0.22197439138869912,1.0722586339157187,1.0698099257345437,12,0.0022836917360438934
E_no_jump_compensation,Omit jump compensator ablation,vasicek_mrjd_asian_call_4,"Asian call, 4 observations",0.33,0.08,GradTwo,0.21766166999365716,0.22767944966023923,1.0722586339157187,1.0698099257345437,12,0.0022836917360438934
E_no_jump_compensation,Omit jump compensator ablation,vasicek_mrjd_asian_call_4,"Asian call, 4 observations",0.33,0.08,t-Test CRN,0.19008304027010414,0.21575318015619827,1.0722586339157187,1.0698099257345437,12,0.0022836917360438934
E_no_jump_compensation,Omit jump compensator ablation,vasicek_mrjd_asian_call_4,"Asian call, 4 observations",0.33,0.7,GradOne,0.1985338041323637,0.24787699051819526,1.0726159688464887,1.1098741672694579,12,0.03473582298335288
E_no_jump_compensation,Omit jump compensator ablation,vasicek_mrjd_asian_call_4,"Asian call, 4 observations",0.33,0.7,GradTwo,0.18053638005698136,0.2608922050178781,1.0726159688464887,1.1098741672694579,12,0.03473582298335288
E_no_jump_compensation,Omit jump compensator ablation,vasicek_mrjd_asian_call_4,"Asian call, 4 observations",0.33,0.7,t-Test CRN,0.19083072467338058,0.25199689581549284,1.0726159688464887,1.1098741672694579,12,0.03473582298335288
E_no_jump_compensation,Omit jump compensator ablation,vasicek_mrjd_asian_call_4,"Asian call, 4 observations",0.5,0.01,GradOne,0.262770738585689,0.2533769123442626,1.1298347422918067,1.1335155916422313,12,0.003257865254663852
E_no_jump_compensation,Omit jump compensator ablation,vasicek_mrjd_asian_call_4,"Asian call, 4 observations",0.5,0.01,GradTwo,0.262770738585689,0.2533769123442626,1.1298347422918067,1.1335155916422313,12,0.003257865254663852
E_no_jump_compensation,Omit jump compensator ablation,vasicek_mrjd_asian_call_4,"Asian call, 4 observations",0.5,0.01,t-Test CRN,0.40975084134498496,0.4673652615953428,1.1298347422918067,1.1335155916422313,11,0.003257865254663852
E_no_jump_compensation,Omit jump compensator ablation,vasicek_mrjd_asian_call_4,"Asian call, 4 observations",0.5,0.08,GradOne,0.141024225899469,0.22371526868793168,1.0519011964228482,1.0627733591243187,12,0.0103357261484662
E_no_jump_compensation,Omit jump compensator ablation,vasicek_mrjd_asian_call_4,"Asian call, 4 observations",0.5,0.08,GradTwo,0.14102422589946884,0.2232665276719348,1.0519011964228482,1.0627733591243187,12,0.0103357261484662
E_no_jump_compensation,Omit jump compensator ablation,vasicek_mrjd_asian_call_4,"Asian call, 4 observations",0.5,0.08,t-Test CRN,0.14567934784566716,0.20327317587796342,1.0519011964228482,1.0627733591243187,12,0.0103357261484662
E_no_jump_compensation,Omit jump compensator ablation,vasicek_mrjd_asian_call_4,"Asian call, 4 observations",0.5,0.7,GradOne,0.4685023737532207,0.4404985736201121,1.066117346351791,1.1302226083226024,12,0.06012964913306858
E_no_jump_compensation,Omit jump compensator ablation,vasicek_mrjd_asian_call_4,"Asian call, 4 observations",0.5,0.7,GradTwo,0.35029524158055514,0.3540049550939508,1.066117346351791,1.1302226083226024,12,0.06012964913306858
E_no_jump_compensation,Omit jump compensator ablation,vasicek_mrjd_asian_call_4,"Asian call, 4 observations",0.5,0.7,t-Test CRN,0.3479418934217413,0.36763012898893027,1.066117346351791,1.1302226083226024,12,0.06012964913306858
E_no_jump_compensation,Omit jump compensator ablation,vasicek_mrjd_asian_call_4,"Asian call, 4 observations",0.67,0.01,GradOne,0.26277073858568883,0.24463064757968545,1.135793269504782,1.1373760464939824,12,0.0013935432016518223
E_no_jump_compensation,Omit jump compensator ablation,vasicek_mrjd_asian_call_4,"Asian call, 4 observations",0.67,0.01,GradTwo,0.26277073858568883,0.24463064757968545,1.135793269504782,1.1373760464939824,12,0.0013935432016518223
E_no_jump_compensation,Omit jump compensator ablation,vasicek_mrjd_asian_call_4,"Asian call, 4 observations",0.67,0.01,t-Test CRN,0.3802515680701026,0.5135324227871322,1.135793269504782,1.1373760464939824,11,0.0013935432016518223
E_no_jump_compensation,Omit jump compensator ablation,vasicek_mrjd_asian_call_4,"Asian call, 4 observations",0.67,0.08,GradOne,0.19000184491231725,0.24146369665445264,1.0676620379687578,1.09170136388154,12,0.02251585713257858
E_no_jump_compensation,Omit jump compensator ablation,vasicek_mrjd_asian_call_4,"Asian call, 4 observations",0.67,0.08,GradTwo,0.19000184491231725,0.24851159890642363,1.0676620379687578,1.09170136388154,12,0.02251585713257858
E_no_jump_compensation,Omit jump compensator ablation,vasicek_mrjd_asian_call_4,"Asian call, 4 observations",0.67,0.08,t-Test CRN,0.17423460472862437,0.23560084128899636,1.0676620379687578,1.09170136388154,12,0.02251585713257858
E_no_jump_compensation,Omit jump compensator ablation,vasicek_mrjd_asian_call_4,"Asian call, 4 observations",0.67,0.7,GradOne,0.41312860641311433,0.44538606341648906,1.0888917360730455,1.2144634872743856,12,0.11532069446518094
E_no_jump_compensation,Omit jump compensator ablation,vasicek_mrjd_asian_call_4,"Asian call, 4 observations",0.67,0.7,GradTwo,0.36680048640017177,0.4164838871923417,1.0888917360730455,1.2144634872743856,12,0.11532069446518094
E_no_jump_compensation,Omit jump compensator ablation,vasicek_mrjd_asian_call_4,"Asian call, 4 observations",0.67,0.7,t-Test CRN,0.35667836240002326,0.42344488067935454,1.0888917360730455,1.2144634872743856,12,0.11532069446518094
E_no_jump_compensation,Omit jump compensator ablation,vasicek_mrjd_asian_call_4,"Asian call, 4 observations",1.0,0.01,GradOne,0.2627707385856887,0.2569456296129435,1.0703413407098863,1.083951755413076,12,0.012715957223667362
E_no_jump_compensation,Omit jump compensator ablation,vasicek_mrjd_asian_call_4,"Asian call, 4 observations",1.0,0.01,GradTwo,0.2627707385856887,0.2569456296129435,1.0703413407098863,1.083951755413076,12,0.012715957223667362
E_no_jump_compensation,Omit jump compensator ablation,vasicek_mrjd_asian_call_4,"Asian call, 4 observations",1.0,0.01,t-Test CRN,0.3282950729576469,0.3550311678975852,1.0703413407098863,1.083951755413076,12,0.012715957223667362
E_no_jump_compensation,Omit jump compensator ablation,vasicek_mrjd_asian_call_4,"Asian call, 4 observations",1.0,0.08,GradOne,0.2627074485483324,0.29823325307048726,1.0379381755756534,1.0523310621794564,12,0.013866805309305178
E_no_jump_compensation,Omit jump compensator ablation,vasicek_mrjd_asian_call_4,"Asian call, 4 observations",1.0,0.08,GradTwo,0.24385693217780488,0.28836493604422603,1.0379381755756534,1.0523310621794564,12,0.013866805309305178
E_no_jump_compensation,Omit jump compensator ablation,vasicek_mrjd_asian_call_4,"Asian call, 4 observations",1.0,0.08,t-Test CRN,0.26179118970794374,0.29241349237871367,1.0379381755756534,1.0523310621794564,12,0.013866805309305178
E_no_jump_compensation,Omit jump compensator ablation,vasicek_mrjd_asian_call_4,"Asian call, 4 observations",1.0,0.7,GradOne,0.9479127709170422,0.8482884991606222,1.0959149579397334,1.458336106572073,12,0.3307018906956738
E_no_jump_compensation,Omit jump compensator ablation,vasicek_mrjd_asian_call_4,"Asian call, 4 observations",1.0,0.7,GradTwo,0.9204262209478198,0.8172331850792912,1.0959149579397334,1.458336106572073,12,0.3307018906956738
E_no_jump_compensation,Omit jump compensator ablation,vasicek_mrjd_asian_call_4,"Asian call, 4 observations",1.0,0.7,t-Test CRN,0.923377938465652,0.8141349710886083,1.0959149579397334,1.458336106572073,12,0.3307018906956738
E_no_jump_compensation,Omit jump compensator ablation,vasicek_mrjd_asian_put_12,"Asian put, 12 observations",0.2,0.01,GradOne,0.2627707385856888,0.26855209032442223,1.0310308026991712,1.0294104260099206,12,0.0015716084184959316
E_no_jump_compensation,Omit jump compensator ablation,vasicek_mrjd_asian_put_12,"Asian put, 12 observations",0.2,0.01,GradTwo,0.2627707385856888,0.26855209032442223,1.0310308026991712,1.0294104260099206,12,0.0015716084184959316
E_no_jump_compensation,Omit jump compensator ablation,vasicek_mrjd_asian_put_12,"Asian put, 12 observations",0.2,0.01,t-Test CRN,0.40924210864073374,0.48566895487723066,1.0310308026991712,1.0294104260099206,12,0.0015716084184959316
E_no_jump_compensation,Omit jump compensator ablation,vasicek_mrjd_asian_put_12,"Asian put, 12 observations",0.2,0.08,GradOne,0.2565737775649883,0.2576682140463387,0.9950554031910382,1.0060308830090912,12,0.011030018813882827
E_no_jump_compensation,Omit jump compensator ablation,vasicek_mrjd_asian_put_12,"Asian put, 12 observations",0.2,0.08,GradTwo,0.2565737775649883,0.2603871785492687,0.9950554031910382,1.0060308830090912,12,0.011030018813882827
E_no_jump_compensation,Omit jump compensator ablation,vasicek_mrjd_asian_put_12,"Asian put, 12 observations",0.2,0.08,t-Test CRN,0.23723698167130047,0.24806524997307233,0.9950554031910382,1.0060308830090912,12,0.011030018813882827
E_no_jump_compensation,Omit jump compensator ablation,vasicek_mrjd_asian_put_12,"Asian put, 12 observations",0.2,0.7,GradOne,0.6806934974065455,0.7015781517828555,1.003936313229135,1.0804073335089002,12,0.07617118663015397
E_no_jump_compensation,Omit jump compensator ablation,vasicek_mrjd_asian_put_12,"Asian put, 12 observations",0.2,0.7,GradTwo,0.6647873364234902,0.7011620055260677,1.003936313229135,1.0804073335089002,12,0.07617118663015397
E_no_jump_compensation,Omit jump compensator ablation,vasicek_mrjd_asian_put_12,"Asian put, 12 observations",0.2,0.7,t-Test CRN,0.643047641553733,0.6856531729119847,1.003936313229135,1.0804073335089002,12,0.07617118663015397
E_no_jump_compensation,Omit jump compensator ablation,vasicek_mrjd_asian_put_12,"Asian put, 12 observations",0.33,0.01,GradOne,0.2627707385856889,0.24530840022391273,1.0340329836296829,1.0334402034913799,12,0.0005732700481392834
E_no_jump_compensation,Omit jump compensator ablation,vasicek_mrjd_asian_put_12,"Asian put, 12 observations",0.33,0.01,GradTwo,0.2627707385856889,0.24530840022391273,1.0340329836296829,1.0334402034913799,12,0.0005732700481392834
E_no_jump_compensation,Omit jump compensator ablation,vasicek_mrjd_asian_put_12,"Asian put, 12 observations",0.33,0.01,t-Test CRN,0.5809757235095048,0.5957299792821933,1.0340329836296829,1.0334402034913799,12,0.0005732700481392834
E_no_jump_compensation,Omit jump compensator ablation,vasicek_mrjd_asian_put_12,"Asian put, 12 observations",0.33,0.08,GradOne,0.2384143578437372,0.2764239476416099,1.0207542723067529,1.0362941860620674,12,0.015223951715819518
E_no_jump_compensation,Omit jump compensator ablation,vasicek_mrjd_asian_put_12,"Asian put, 12 observations",0.33,0.08,GradTwo,0.22067114231004725,0.2711897252286518,1.0207542723067529,1.0362941860620674,12,0.015223951715819518
E_no_jump_compensation,Omit jump compensator ablation,vasicek_mrjd_asian_put_12,"Asian put, 12 observations",0.33,0.08,t-Test CRN,0.2341718803034581,0.24694395855063578,1.0207542723067529,1.0362941860620674,12,0.015223951715819518
E_no_jump_compensation,Omit jump compensator ablation,vasicek_mrjd_asian_put_12,"Asian put, 12 observations",0.33,0.7,GradOne,0.895652920450366,0.7447394044786453,0.985702004243783,1.1696298954004032,12,0.186595837651489
E_no_jump_compensation,Omit jump compensator ablation,vasicek_mrjd_asian_put_12,"Asian put, 12 observations",0.33,0.7,GradTwo,0.9049101545933216,0.728475347956107,0.985702004243783,1.1696298954004032,12,0.186595837651489
E_no_jump_compensation,Omit jump compensator ablation,vasicek_mrjd_asian_put_12,"Asian put, 12 observations",0.33,0.7,t-Test CRN,0.9056455108410816,0.720292159329451,0.985702004243783,1.1696298954004032,12,0.186595837651489
E_no_jump_compensation,Omit jump compensator ablation,vasicek_mrjd_asian_put_12,"Asian put, 12 observations",0.5,0.01,GradOne,0.2627707385856889,0.2539656743863182,1.0094540332809854,1.0157111113798076,12,0.006198477486374631
E_no_jump_compensation,Omit jump compensator ablation,vasicek_mrjd_asian_put_12,"Asian put, 12 observations",0.5,0.01,GradTwo,0.2627707385856889,0.2539656743863182,1.0094540332809854,1.0157111113798076,12,0.006198477486374631
E_no_jump_compensation,Omit jump compensator ablation,vasicek_mrjd_asian_put_12,"Asian put, 12 observations",0.5,0.01,t-Test CRN,0.2347935652778724,0.3482921060548375,1.0094540332809854,1.0157111113798076,11,0.006198477486374631
E_no_jump_compensation,Omit jump compensator ablation,vasicek_mrjd_asian_put_12,"Asian put, 12 observations",0.5,0.08,GradOne,0.3040946140853283,0.3343108613476415,1.045111326857466,1.0712823601499895,12,0.025041383267002518
E_no_jump_compensation,Omit jump compensator ablation,vasicek_mrjd_asian_put_12,"Asian put, 12 observations",0.5,0.08,GradTwo,0.3040946140853283,0.3343108613476414,1.045111326857466,1.0712823601499895,12,0.025041383267002518
E_no_jump_compensation,Omit jump compensator ablation,vasicek_mrjd_asian_put_12,"Asian put, 12 observations",0.5,0.08,t-Test CRN,0.2890811216006911,0.3235571551182552,1.045111326857466,1.0712823601499895,12,0.025041383267002518
E_no_jump_compensation,Omit jump compensator ablation,vasicek_mrjd_asian_put_12,"Asian put, 12 observations",0.5,0.7,GradOne,0.9551609739906316,0.9499666994021827,1.0170731334546632,1.2859609185410594,12,0.26437409094965747
E_no_jump_compensation,Omit jump compensator ablation,vasicek_mrjd_asian_put_12,"Asian put, 12 observations",0.5,0.7,GradTwo,0.9542756968322694,0.9509119239780853,1.0170731334546632,1.2859609185410594,12,0.26437409094965747
E_no_jump_compensation,Omit jump compensator ablation,vasicek_mrjd_asian_put_12,"Asian put, 12 observations",0.5,0.7,t-Test CRN,0.9526720503062522,0.9473130453020261,1.0170731334546632,1.2859609185410594,12,0.26437409094965747
E_no_jump_compensation,Omit jump compensator ablation,vasicek_mrjd_asian_put_12,"Asian put, 12 observations",0.67,0.01,GradOne,0.2397411177243175,0.21542938193005293,1.0686877926802616,1.0686877926802616,12,0.0
E_no_jump_compensation,Omit jump compensator ablation,vasicek_mrjd_asian_put_12,"Asian put, 12 observations",0.67,0.01,GradTwo,0.2397411177243175,0.21542938193005293,1.0686877926802616,1.0686877926802616,12,0.0
E_no_jump_compensation,Omit jump compensator ablation,vasicek_mrjd_asian_put_12,"Asian put, 12 observations",0.67,0.01,t-Test CRN,0.360268643547768,0.5270890654682132,1.0686877926802616,1.0686877926802616,10,0.0
E_no_jump_compensation,Omit jump compensator ablation,vasicek_mrjd_asian_put_12,"Asian put, 12 observations",0.67,0.08,GradOne,0.46234988858300163,0.4256908643945567,1.0212421191766667,1.0841621646862902,12,0.06161129112100284
E_no_jump_compensation,Omit jump compensator ablation,vasicek_mrjd_asian_put_12,"Asian put, 12 observations",0.67,0.08,GradTwo,0.46234988858300163,0.4256908643945567,1.0212421191766667,1.0841621646862902,12,0.06161129112100284
E_no_jump_compensation,Omit jump compensator ablation,vasicek_mrjd_asian_put_12,"Asian put, 12 observations",0.67,0.08,t-Test CRN,0.3773365503543338,0.3919479934096959,1.0212421191766667,1.0841621646862902,12,0.06161129112100284
E_no_jump_compensation,Omit jump compensator ablation,vasicek_mrjd_asian_put_12,"Asian put, 12 observations",0.67,0.7,GradOne,0.9842535492090223,0.935054080353192,1.004814682394672,1.3702370550063807,12,0.36367141027521116
E_no_jump_compensation,Omit jump compensator ablation,vasicek_mrjd_asian_put_12,"Asian put, 12 observations",0.67,0.7,GradTwo,0.977169256044419,0.929601887659615,1.004814682394672,1.3702370550063807,12,0.36367141027521116
E_no_jump_compensation,Omit jump compensator ablation,vasicek_mrjd_asian_put_12,"Asian put, 12 observations",0.67,0.7,t-Test CRN,0.9778590136539826,0.9265700256920514,1.004814682394672,1.3702370550063807,12,0.36367141027521116
E_no_jump_compensation,Omit jump compensator ablation,vasicek_mrjd_asian_put_12,"Asian put, 12 observations",1.0,0.01,GradOne,0.24188498408546705,0.21544226535846367,1.042181175854648,1.0523259757666592,12,0.009734199913649287
E_no_jump_compensation,Omit jump compensator ablation,vasicek_mrjd_asian_put_12,"Asian put, 12 observations",1.0,0.01,GradTwo,0.24188498408546705,0.21544226535846367,1.042181175854648,1.0523259757666592,12,0.009734199913649287
E_no_jump_compensation,Omit jump compensator ablation,vasicek_mrjd_asian_put_12,"Asian put, 12 observations",1.0,0.01,t-Test CRN,0.24639451809141538,0.37069763251568044,1.042181175854648,1.0523259757666592,9,0.009734199913649287
E_no_jump_compensation,Omit jump compensator ablation,vasicek_mrjd_asian_put_12,"Asian put, 12 observations",1.0,0.08,GradOne,0.34043013417175916,0.4016125703456767,1.007172135448744,1.1178679612656224,12,0.10990755395308675
E_no_jump_compensation,Omit jump compensator ablation,vasicek_mrjd_asian_put_12,"Asian put, 12 observations",1.0,0.08,GradTwo,0.34043013417175916,0.3792091314440771,1.007172135448744,1.1178679612656224,12,0.10990755395308675
E_no_jump_compensation,Omit jump compensator ablation,vasicek_mrjd_asian_put_12,"Asian put, 12 observations",1.0,0.08,t-Test CRN,0.31566739746224665,0.36442003527705086,1.007172135448744,1.1178679612656224,12,0.10990755395308675
E_no_jump_compensation,Omit jump compensator ablation,vasicek_mrjd_asian_put_12,"Asian put, 12 observations",1.0,0.7,GradOne,0.994151977769318,0.9901045873680011,1.0155623882367628,1.7232171021262392,12,0.696810675627835
E_no_jump_compensation,Omit jump compensator ablation,vasicek_mrjd_asian_put_12,"Asian put, 12 observations",1.0,0.7,GradTwo,0.9910321940034873,0.9858404556193124,1.0155623882367628,1.7232171021262392,12,0.696810675627835
E_no_jump_compensation,Omit jump compensator ablation,vasicek_mrjd_asian_put_12,"Asian put, 12 observations",1.0,0.7,t-Test CRN,0.9906608267329526,0.9853293191583156,1.0155623882367628,1.7232171021262392,12,0.696810675627835
E_no_jump_compensation,Omit jump compensator ablation,vasicek_mrjd_vanilla_put,"Vanilla put, 1 observation",0.2,0.01,GradOne,0.2627707385856887,0.2458366948323835,4.016545506554987,4.024605104883582,12,0.0020065995307265152
E_no_jump_compensation,Omit jump compensator ablation,vasicek_mrjd_vanilla_put,"Vanilla put, 1 observation",0.2,0.01,GradTwo,0.2627707385856887,0.2458366948323835,4.016545506554987,4.024605104883582,12,0.0020065995307265152
E_no_jump_compensation,Omit jump compensator ablation,vasicek_mrjd_vanilla_put,"Vanilla put, 1 observation",0.2,0.01,t-Test CRN,0.14197037950843366,0.3024349620886363,4.016545506554987,4.024605104883582,11,0.0020065995307265152
E_no_jump_compensation,Omit jump compensator ablation,vasicek_mrjd_vanilla_put,"Vanilla put, 1 observation",0.2,0.08,GradOne,0.3010887699873597,0.34712306480882155,4.072169860313931,4.086659957179785,12,0.003558323292716791
E_no_jump_compensation,Omit jump compensator ablation,vasicek_mrjd_vanilla_put,"Vanilla put, 1 observation",0.2,0.08,GradTwo,0.3010887699873597,0.35293949758563087,4.072169860313931,4.086659957179785,12,0.003558323292716791
E_no_jump_compensation,Omit jump compensator ablation,vasicek_mrjd_vanilla_put,"Vanilla put, 1 observation",0.2,0.08,t-Test CRN,0.18670001446729767,0.26071267463701026,4.072169860313931,4.086659957179785,12,0.003558323292716791
E_no_jump_compensation,Omit jump compensator ablation,vasicek_mrjd_vanilla_put,"Vanilla put, 1 observation",0.2,0.7,GradOne,0.8891609605356475,0.8505577484000612,4.0724850008960924,4.211985607647277,12,0.03425441879355952
E_no_jump_compensation,Omit jump compensator ablation,vasicek_mrjd_vanilla_put,"Vanilla put, 1 observation",0.2,0.7,GradTwo,0.8864251994120096,0.8592802482480527,4.0724850008960924,4.211985607647277,12,0.03425441879355952
E_no_jump_compensation,Omit jump compensator ablation,vasicek_mrjd_vanilla_put,"Vanilla put, 1 observation",0.2,0.7,t-Test CRN,0.8597121957274838,0.8281543916859372,4.0724850008960924,4.211985607647277,12,0.03425441879355952
E_no_jump_compensation,Omit jump compensator ablation,vasicek_mrjd_vanilla_put,"Vanilla put, 1 observation",0.33,0.01,GradOne,0.2528356433459483,0.24549091336428797,3.987859360925012,3.988704714255478,12,0.00021198173103830758
E_no_jump_compensation,Omit jump compensator ablation,vasicek_mrjd_vanilla_put,"Vanilla put, 1 observation",0.33,0.01,GradTwo,0.2528356433459483,0.24549091336428797,3.987859360925012,3.988704714255478,12,0.00021198173103830758
E_no_jump_compensation,Omit jump compensator ablation,vasicek_mrjd_vanilla_put,"Vanilla put, 1 observation",0.33,0.01,t-Test CRN,0.15002162969733923,0.3064056871515582,3.987859360925012,3.988704714255478,12,0.00021198173103830758
E_no_jump_compensation,Omit jump compensator ablation,vasicek_mrjd_vanilla_put,"Vanilla put, 1 observation",0.33,0.08,GradOne,0.3427195629887765,0.3228799441393884,3.9956559955355377,4.048143467945145,12,0.013136133958542321
E_no_jump_compensation,Omit jump compensator ablation,vasicek_mrjd_vanilla_put,"Vanilla put, 1 observation",0.33,0.08,GradTwo,0.3427195629887765,0.32543163486178744,3.9956559955355377,4.048143467945145,12,0.013136133958542321
E_no_jump_compensation,Omit jump compensator ablation,vasicek_mrjd_vanilla_put,"Vanilla put, 1 observation",0.33,0.08,t-Test CRN,0.2507444987844835,0.26869505534794275,3.9956559955355377,4.048143467945145,12,0.013136133958542321
E_no_jump_compensation,Omit jump compensator ablation,vasicek_mrjd_vanilla_put,"Vanilla put, 1 observation",0.33,0.7,GradOne,0.9228373550939082,0.86744117668587,4.071167874670138,4.376417815191604,12,0.07497847053192284
E_no_jump_compensation,Omit jump compensator ablation,vasicek_mrjd_vanilla_put,"Vanilla put, 1 observation",0.33,0.7,GradTwo,0.9271566046034826,0.8618376501077352,4.071167874670138,4.376417815191604,12,0.07497847053192284
E_no_jump_compensation,Omit jump compensator ablation,vasicek_mrjd_vanilla_put,"Vanilla put, 1 observation",0.33,0.7,t-Test CRN,0.9148842440834788,0.8489996039027715,4.071167874670138,4.376417815191604,12,0.07497847053192284
E_no_jump_compensation,Omit jump compensator ablation,vasicek_mrjd_vanilla_put,"Vanilla put, 1 observation",0.5,0.01,GradOne,0.20212901971893127,0.22039000882675427,4.04158111660778,4.036676503176105,12,0.0012135382886467017
E_no_jump_compensation,Omit jump compensator ablation,vasicek_mrjd_vanilla_put,"Vanilla put, 1 observation",0.5,0.01,GradTwo,0.20212901971893127,0.22039000882675427,4.04158111660778,4.036676503176105,12,0.0012135382886467017
E_no_jump_compensation,Omit jump compensator ablation,vasicek_mrjd_vanilla_put,"Vanilla put, 1 observation",0.5,0.01,t-Test CRN,0.2669664126461804,0.30420433619190435,4.04158111660778,4.036676503176105,11,0.0012135382886467017
E_no_jump_compensation,Omit jump compensator ablation,vasicek_mrjd_vanilla_put,"Vanilla put, 1 observation",0.5,0.08,GradOne,0.49596714190635555,0.5065017094136274,4.067051932511628,4.152332428691927,12,0.0209686272994388
E_no_jump_compensation,Omit jump compensator ablation,vasicek_mrjd_vanilla_put,"Vanilla put, 1 observation",0.5,0.08,GradTwo,0.4970952713252849,0.5008631079529903,4.067051932511628,4.152332428691927,12,0.0209686272994388
E_no_jump_compensation,Omit jump compensator ablation,vasicek_mrjd_vanilla_put,"Vanilla put, 1 observation",0.5,0.08,t-Test CRN,0.44751583924106253,0.447130140221788,4.067051932511628,4.152332428691927,12,0.0209686272994388
E_no_jump_compensation,Omit jump compensator ablation,vasicek_mrjd_vanilla_put,"Vanilla put, 1 observation",0.5,0.7,GradOne,0.8193848883840903,0.8263638069161957,4.033660225914904,4.449567804380491,12,0.10310922466734347
E_no_jump_compensation,Omit jump compensator ablation,vasicek_mrjd_vanilla_put,"Vanilla put, 1 observation",0.5,0.7,GradTwo,0.8430337324213112,0.8333335239068229,4.033660225914904,4.449567804380491,12,0.10310922466734347
E_no_jump_compensation,Omit jump compensator ablation,vasicek_mrjd_vanilla_put,"Vanilla put, 1 observation",0.5,0.7,t-Test CRN,0.840693023539246,0.8237869294433335,4.033660225914904,4.449567804380491,12,0.10310922466734347
E_no_jump_compensation,Omit jump compensator ablation,vasicek_mrjd_vanilla_put,"Vanilla put, 1 observation",0.67,0.01,GradOne,0.2627707385856888,0.26492441262546135,3.993189987498324,4.020376102026118,12,0.00680811947663566
E_no_jump_compensation,Omit jump compensator ablation,vasicek_mrjd_vanilla_put,"Vanilla put, 1 observation",0.67,0.01,GradTwo,0.2627707385856888,0.26433805244951225,3.993189987498324,4.020376102026118,12,0.00680811947663566
E_no_jump_compensation,Omit jump compensator ablation,vasicek_mrjd_vanilla_put,"Vanilla put, 1 observation",0.67,0.01,t-Test CRN,0.17816319010737447,0.33391413777329376,3.993189987498324,4.020376102026118,12,0.00680811947663566
E_no_jump_compensation,Omit jump compensator ablation,vasicek_mrjd_vanilla_put,"Vanilla put, 1 observation",0.67,0.08,GradOne,0.2983523787847221,0.3451413715413216,3.9969138594303013,4.040657351257669,12,0.010944316881926078
E_no_jump_compensation,Omit jump compensator ablation,vasicek_mrjd_vanilla_put,"Vanilla put, 1 observation",0.67,0.08,GradTwo,0.2983523787847221,0.3458179973021925,3.9969138594303013,4.040657351257669,12,0.010944316881926078
E_no_jump_compensation,Omit jump compensator ablation,vasicek_mrjd_vanilla_put,"Vanilla put, 1 observation",0.67,0.08,t-Test CRN,0.3657265674371609,0.33912423619611887,3.9969138594303013,4.040657351257669,12,0.010944316881926078
E_no_jump_compensation,Omit jump compensator ablation,vasicek_mrjd_vanilla_put,"Vanilla put, 1 observation",0.67,0.7,GradOne,0.9520933388071848,0.9334193888770762,3.9464576559738127,4.695817400537872,12,0.18988161280021393
E_no_jump_compensation,Omit jump compensator ablation,vasicek_mrjd_vanilla_put,"Vanilla put, 1 observation",0.67,0.7,GradTwo,0.9598921807887585,0.9243145201065603,3.9464576559738127,4.695817400537872,12,0.18988161280021393
E_no_jump_compensation,Omit jump compensator ablation,vasicek_mrjd_vanilla_put,"Vanilla put, 1 observation",0.67,0.7,t-Test CRN,0.9594446668839747,0.9213190862682322,3.9464576559738127,4.695817400537872,12,0.18988161280021393
E_no_jump_compensation,Omit jump compensator ablation,vasicek_mrjd_vanilla_put,"Vanilla put, 1 observation",1.0,0.01,GradOne,0.2627707385856889,0.24641399932076113,4.016643070625669,4.018594293889614,12,0.00048578457922107704
E_no_jump_compensation,Omit jump compensator ablation,vasicek_mrjd_vanilla_put,"Vanilla put, 1 observation",1.0,0.01,GradTwo,0.2627707385856889,0.24641399932076113,4.016643070625669,4.018594293889614,12,0.00048578457922107704
E_no_jump_compensation,Omit jump compensator ablation,vasicek_mrjd_vanilla_put,"Vanilla put, 1 observation",1.0,0.01,t-Test CRN,0.3508730672484509,0.4357345954754517,4.016643070625669,4.018594293889614,12,0.00048578457922107704
E_no_jump_compensation,Omit jump compensator ablation,vasicek_mrjd_vanilla_put,"Vanilla put, 1 observation",1.0,0.08,GradOne,0.5563463479386415,0.5116895074916268,4.026786773459854,4.157247094587136,12,0.03239812000653553
E_no_jump_compensation,Omit jump compensator ablation,vasicek_mrjd_vanilla_put,"Vanilla put, 1 observation",1.0,0.08,GradTwo,0.5563463479386415,0.5085752322350278,4.026786773459854,4.157247094587136,12,0.03239812000653553
E_no_jump_compensation,Omit jump compensator ablation,vasicek_mrjd_vanilla_put,"Vanilla put, 1 observation",1.0,0.08,t-Test CRN,0.5238569337712878,0.4769560809665209,4.026786773459854,4.157247094587136,12,0.03239812000653553
E_no_jump_compensation,Omit jump compensator ablation,vasicek_mrjd_vanilla_put,"Vanilla put, 1 observation",1.0,0.7,GradOne,0.9901489072336032,0.9396580670143847,4.056471782195157,5.171105265592696,12,0.2747790551113747
E_no_jump_compensation,Omit jump compensator ablation,vasicek_mrjd_vanilla_put,"Vanilla put, 1 observation",1.0,0.7,GradTwo,0.9903718885013695,0.9418652590053681,4.056471782195157,5.171105265592696,12,0.2747790551113747
E_no_jump_compensation,Omit jump compensator ablation,vasicek_mrjd_vanilla_put,"Vanilla put, 1 observation",1.0,0.7,t-Test CRN,0.9902617874252366,0.9356048691812718,4.056471782195157,5.171105265592696,12,0.2747790551113747
F_lambda_over_abs_gap,Scale beta gap to lambda / |beta+ - beta-|,vasicek_mrjd_asian_call_4,"Asian call, 4 observations",0.2,0.01,GradOne,0.28204465016709956,0.34262987875486584,1.0576554238190252,1.0573698104549694,11,0.0002700438702659459
F_lambda_over_abs_gap,Scale beta gap to lambda / |beta+ - beta-|,vasicek_mrjd_asian_call_4,"Asian call, 4 observations",0.2,0.01,GradTwo,0.2820446501671001,0.34262987875484313,1.0576554238190252,1.0573698104549694,11,0.0002700438702659459
F_lambda_over_abs_gap,Scale beta gap to lambda / |beta+ - beta-|,vasicek_mrjd_asian_call_4,"Asian call, 4 observations",0.2,0.01,t-Test CRN,1.0,0.9981859205445617,1.0576554238190252,1.0573698104549694,12,0.0002700438702659459
F_lambda_over_abs_gap,Scale beta gap to lambda / |beta+ - beta-|,vasicek_mrjd_asian_call_4,"Asian call, 4 observations",0.2,0.08,GradOne,0.14246751350440096,0.2112776962753996,1.0460896932227988,1.0456765505425019,12,0.00039494001611285853
F_lambda_over_abs_gap,Scale beta gap to lambda / |beta+ - beta-|,vasicek_mrjd_asian_call_4,"Asian call, 4 observations",0.2,0.08,GradTwo,0.15056044385978903,0.21153532395492128,1.0460896932227988,1.0456765505425019,12,0.00039494001611285853
F_lambda_over_abs_gap,Scale beta gap to lambda / |beta+ - beta-|,vasicek_mrjd_asian_call_4,"Asian call, 4 observations",0.2,0.08,t-Test CRN,0.2122840346230394,0.21664126882796586,1.0460896932227988,1.0456765505425019,12,0.00039494001611285853
F_lambda_over_abs_gap,Scale beta gap to lambda / |beta+ - beta-|,vasicek_mrjd_asian_call_4,"Asian call, 4 observations",0.2,0.7,GradOne,0.9999080710631589,0.9996061882394726,1.082376052813518,2.0255372076646836,12,0.8713802863612157
F_lambda_over_abs_gap,Scale beta gap to lambda / |beta+ - beta-|,vasicek_mrjd_asian_call_4,"Asian call, 4 observations",0.2,0.7,GradTwo,0.9996309136637669,0.9986358303411579,1.082376052813518,2.0255372076646836,12,0.8713802863612157
F_lambda_over_abs_gap,Scale beta gap to lambda / |beta+ - beta-|,vasicek_mrjd_asian_call_4,"Asian call, 4 observations",0.2,0.7,t-Test CRN,0.9997698366658059,0.998611541806131,1.082376052813518,2.0255372076646836,12,0.8713802863612157
F_lambda_over_abs_gap,Scale beta gap to lambda / |beta+ - beta-|,vasicek_mrjd_asian_call_4,"Asian call, 4 observations",0.33,0.01,GradOne,0.3418794632659392,0.3942749928499665,1.1286358889015518,1.1288813192742146,10,0.0002174575299938028
F_lambda_over_abs_gap,Scale beta gap to lambda / |beta+ - beta-|,vasicek_mrjd_asian_call_4,"Asian call, 4 observations",0.33,0.01,GradTwo,0.34187946326591256,0.3942749928499599,1.1286358889015518,1.1288813192742146,10,0.0002174575299938028
F_lambda_over_abs_gap,Scale beta gap to lambda / |beta+ - beta-|,vasicek_mrjd_asian_call_4,"Asian call, 4 observations",0.33,0.01,t-Test CRN,1.0,0.9986972570993382,1.1286358889015518,1.1288813192742146,12,0.0002174575299938028
F_lambda_over_abs_gap,Scale beta gap to lambda / |beta+ - beta-|,vasicek_mrjd_asian_call_4,"Asian call, 4 observations",0.33,0.08,GradOne,0.18183965832797666,0.1954676980014386,1.0722586339157187,1.0706905573479848,12,0.0014624051680587336
F_lambda_over_abs_gap,Scale beta gap to lambda / |beta+ - beta-|,vasicek_mrjd_asian_call_4,"Asian call, 4 observations",0.33,0.08,GradTwo,0.18057952812102343,0.19686620028875723,1.0722586339157187,1.0706905573479848,12,0.0014624051680587336
F_lambda_over_abs_gap,Scale beta gap to lambda / |beta+ - beta-|,vasicek_mrjd_asian_call_4,"Asian call, 4 observations",0.33,0.08,t-Test CRN,0.18762347613917085,0.21762177881694048,1.0722586339157187,1.0706905573479848,12,0.0014624051680587336
F_lambda_over_abs_gap,Scale beta gap to lambda / |beta+ - beta-|,vasicek_mrjd_asian_call_4,"Asian call, 4 observations",0.33,0.7,GradOne,0.9975349578350674,0.9888559381694414,1.0726159688464887,1.52441097529014,12,0.4212085402098946
F_lambda_over_abs_gap,Scale beta gap to lambda / |beta+ - beta-|,vasicek_mrjd_asian_call_4,"Asian call, 4 observations",0.33,0.7,GradTwo,0.9970129947913744,0.9858534538757975,1.0726159688464887,1.52441097529014,12,0.4212085402098946
F_lambda_over_abs_gap,Scale beta gap to lambda / |beta+ - beta-|,vasicek_mrjd_asian_call_4,"Asian call, 4 observations",0.33,0.7,t-Test CRN,0.9969382278221277,0.9840421858213371,1.0726159688464887,1.52441097529014,12,0.4212085402098946
F_lambda_over_abs_gap,Scale beta gap to lambda / |beta+ - beta-|,vasicek_mrjd_asian_call_4,"Asian call, 4 observations",0.5,0.01,GradOne,0.38461165825779065,0.48447881325263925,1.1298347422918067,1.1298468590172743,12,1.0724334288976428e-05
F_lambda_over_abs_gap,Scale beta gap to lambda / |beta+ - beta-|,vasicek_mrjd_asian_call_4,"Asian call, 4 observations",0.5,0.01,GradTwo,0.3846116582578083,0.48447881325263853,1.1298347422918067,1.1298468590172743,12,1.0724334288976428e-05
F_lambda_over_abs_gap,Scale beta gap to lambda / |beta+ - beta-|,vasicek_mrjd_asian_call_4,"Asian call, 4 observations",0.5,0.01,t-Test CRN,1.0,0.9999999999999996,1.1298347422918067,1.1298468590172743,12,1.0724334288976428e-05
F_lambda_over_abs_gap,Scale beta gap to lambda / |beta+ - beta-|,vasicek_mrjd_asian_call_4,"Asian call, 4 observations",0.5,0.08,GradOne,0.13166132707626282,0.23620773738647036,1.0519011964228482,1.0513492745389432,12,0.0005246898527940222
F_lambda_over_abs_gap,Scale beta gap to lambda / |beta+ - beta-|,vasicek_mrjd_asian_call_4,"Asian call, 4 observations",0.5,0.08,GradTwo,0.13169735166158836,0.23598202875563976,1.0519011964228482,1.0513492745389432,12,0.0005246898527940222
F_lambda_over_abs_gap,Scale beta gap to lambda / |beta+ - beta-|,vasicek_mrjd_asian_call_4,"Asian call, 4 observations",0.5,0.08,t-Test CRN,0.1917556121171525,0.20294642373158953,1.0519011964228482,1.0513492745389432,12,0.0005246898527940222
F_lambda_over_abs_gap,Scale beta gap to lambda / |beta+ - beta-|,vasicek_mrjd_asian_call_4,"Asian call, 4 observations",0.5,0.7,GradOne,0.9732825597177119,0.8536581215269413,1.066117346351791,1.2878062268984616,12,0.20794041228695945
F_lambda_over_abs_gap,Scale beta gap to lambda / |beta+ - beta-|,vasicek_mrjd_asian_call_4,"Asian call, 4 observations",0.5,0.7,GradTwo,0.9286827389858012,0.8240759325057444,1.066117346351791,1.2878062268984616,12,0.20794041228695945
F_lambda_over_abs_gap,Scale beta gap to lambda / |beta+ - beta-|,vasicek_mrjd_asian_call_4,"Asian call, 4 observations",0.5,0.7,t-Test CRN,0.9311050147250823,0.821459395632226,1.066117346351791,1.2878062268984616,12,0.20794041228695945
F_lambda_over_abs_gap,Scale beta gap to lambda / |beta+ - beta-|,vasicek_mrjd_asian_call_4,"Asian call, 4 observations",0.67,0.01,GradOne,0.337328569754872,0.4328650997137658,1.135793269504782,1.1356992749760184,11,8.275672280103249e-05
F_lambda_over_abs_gap,Scale beta gap to lambda / |beta+ - beta-|,vasicek_mrjd_asian_call_4,"Asian call, 4 observations",0.67,0.01,GradTwo,0.337328569754872,0.4328650997137776,1.135793269504782,1.1356992749760184,11,8.275672280103249e-05
F_lambda_over_abs_gap,Scale beta gap to lambda / |beta+ - beta-|,vasicek_mrjd_asian_call_4,"Asian call, 4 observations",0.67,0.01,t-Test CRN,1.0,1.0,1.135793269504782,1.1356992749760184,12,8.275672280103249e-05
F_lambda_over_abs_gap,Scale beta gap to lambda / |beta+ - beta-|,vasicek_mrjd_asian_call_4,"Asian call, 4 observations",0.67,0.08,GradOne,0.1601733242100497,0.24624080495066838,1.0676620379687578,1.0688910890641061,12,0.0011511611836331735
F_lambda_over_abs_gap,Scale beta gap to lambda / |beta+ - beta-|,vasicek_mrjd_asian_call_4,"Asian call, 4 observations",0.67,0.08,GradTwo,0.16017332421005526,0.24601520650352696,1.0676620379687578,1.0688910890641061,12,0.0011511611836331735
F_lambda_over_abs_gap,Scale beta gap to lambda / |beta+ - beta-|,vasicek_mrjd_asian_call_4,"Asian call, 4 observations",0.67,0.08,t-Test CRN,0.17828553834930594,0.23547372292608812,1.0676620379687578,1.0688910890641061,12,0.0011511611836331735
F_lambda_over_abs_gap,Scale beta gap to lambda / |beta+ - beta-|,vasicek_mrjd_asian_call_4,"Asian call, 4 observations",0.67,0.7,GradOne,0.6823162842980646,0.706935170447557,1.0888917360730455,1.2305467322291204,12,0.13009098284365375
F_lambda_over_abs_gap,Scale beta gap to lambda / |beta+ - beta-|,vasicek_mrjd_asian_call_4,"Asian call, 4 observations",0.67,0.7,GradTwo,0.7651617023242236,0.6976506943642659,1.0888917360730455,1.2305467322291204,12,0.13009098284365375
F_lambda_over_abs_gap,Scale beta gap to lambda / |beta+ - beta-|,vasicek_mrjd_asian_call_4,"Asian call, 4 observations",0.67,0.7,t-Test CRN,0.7554394243169507,0.6978542087035812,1.0888917360730455,1.2305467322291204,12,0.13009098284365375
F_lambda_over_abs_gap,Scale beta gap to lambda / |beta+ - beta-|,vasicek_mrjd_asian_call_4,"Asian call, 4 observations",1.0,0.01,GradOne,0.26426563199630776,0.37943105259850374,1.0703413407098863,1.0703749792802402,10,3.142789040696822e-05
F_lambda_over_abs_gap,Scale beta gap to lambda / |beta+ - beta-|,vasicek_mrjd_asian_call_4,"Asian call, 4 observations",1.0,0.01,GradTwo,0.2642656319963053,0.3794310525984039,1.0703413407098863,1.0703749792802402,10,3.142789040696822e-05
F_lambda_over_abs_gap,Scale beta gap to lambda / |beta+ - beta-|,vasicek_mrjd_asian_call_4,"Asian call, 4 observations",1.0,0.01,t-Test CRN,1.0,1.0,1.0703413407098863,1.0703749792802402,12,3.142789040696822e-05
F_lambda_over_abs_gap,Scale beta gap to lambda / |beta+ - beta-|,vasicek_mrjd_asian_call_4,"Asian call, 4 observations",1.0,0.08,GradOne,0.22464391930698532,0.2789404825341106,1.0379381755756534,1.0388864110495892,12,0.0009135760647882051
F_lambda_over_abs_gap,Scale beta gap to lambda / |beta+ - beta-|,vasicek_mrjd_asian_call_4,"Asian call, 4 observations",1.0,0.08,GradTwo,0.22464391930698482,0.2789602132648604,1.0379381755756534,1.0388864110495892,12,0.0009135760647882051
F_lambda_over_abs_gap,Scale beta gap to lambda / |beta+ - beta-|,vasicek_mrjd_asian_call_4,"Asian call, 4 observations",1.0,0.08,t-Test CRN,0.7492969562534826,0.6283706533512308,1.0379381755756534,1.0388864110495892,12,0.0009135760647882051
F_lambda_over_abs_gap,Scale beta gap to lambda / |beta+ - beta-|,vasicek_mrjd_asian_call_4,"Asian call, 4 observations",1.0,0.7,GradOne,0.818916211494332,0.6820437334230887,1.0959149579397334,1.1840685696536528,12,0.08043836894027245
F_lambda_over_abs_gap,Scale beta gap to lambda / |beta+ - beta-|,vasicek_mrjd_asian_call_4,"Asian call, 4 observations",1.0,0.7,GradTwo,0.7930386688022313,0.6744213302455546,1.0959149579397334,1.1840685696536528,12,0.08043836894027245
F_lambda_over_abs_gap,Scale beta gap to lambda / |beta+ - beta-|,vasicek_mrjd_asian_call_4,"Asian call, 4 observations",1.0,0.7,t-Test CRN,0.7871950312825468,0.6734990620049223,1.0959149579397334,1.1840685696536528,12,0.08043836894027245
F_lambda_over_abs_gap,Scale beta gap to lambda / |beta+ - beta-|,vasicek_mrjd_asian_put_12,"Asian put, 12 observations",0.2,0.01,GradOne,0.3243743268264407,0.33594638850113273,1.0310308026991712,1.0308011566946327,12,0.00022273437800050762
F_lambda_over_abs_gap,Scale beta gap to lambda / |beta+ - beta-|,vasicek_mrjd_asian_put_12,"Asian put, 12 observations",0.2,0.01,GradTwo,0.32437432682644235,0.33594638850116293,1.0310308026991712,1.0308011566946327,12,0.00022273437800050762
F_lambda_over_abs_gap,Scale beta gap to lambda / |beta+ - beta-|,vasicek_mrjd_asian_put_12,"Asian put, 12 observations",0.2,0.01,t-Test CRN,1.0,0.9298585903013988,1.0310308026991712,1.0308011566946327,12,0.00022273437800050762
F_lambda_over_abs_gap,Scale beta gap to lambda / |beta+ - beta-|,vasicek_mrjd_asian_put_12,"Asian put, 12 observations",0.2,0.08,GradOne,0.1786175606390804,0.30333761639027224,0.9950554031910382,1.0002341153582959,12,0.0052044460546116725
F_lambda_over_abs_gap,Scale beta gap to lambda / |beta+ - beta-|,vasicek_mrjd_asian_put_12,"Asian put, 12 observations",0.2,0.08,GradTwo,0.17911539618136124,0.30629398835776345,0.9950554031910382,1.0002341153582959,12,0.0052044460546116725
F_lambda_over_abs_gap,Scale beta gap to lambda / |beta+ - beta-|,vasicek_mrjd_asian_put_12,"Asian put, 12 observations",0.2,0.08,t-Test CRN,0.22501059681510266,0.35435469399987524,0.9950554031910382,1.0002341153582959,12,0.0052044460546116725
F_lambda_over_abs_gap,Scale beta gap to lambda / |beta+ - beta-|,vasicek_mrjd_asian_put_12,"Asian put, 12 observations",0.2,0.7,GradOne,0.9616270314448233,0.951053268251818,1.003936313229135,1.7179988859530217,12,0.7112628194781829
F_lambda_over_abs_gap,Scale beta gap to lambda / |beta+ - beta-|,vasicek_mrjd_asian_put_12,"Asian put, 12 observations",0.2,0.7,GradTwo,0.9539128514673177,0.9269169365186377,1.003936313229135,1.7179988859530217,12,0.7112628194781829
F_lambda_over_abs_gap,Scale beta gap to lambda / |beta+ - beta-|,vasicek_mrjd_asian_put_12,"Asian put, 12 observations",0.2,0.7,t-Test CRN,0.954935236546681,0.9320308254092219,1.003936313229135,1.7179988859530217,12,0.7112628194781829
F_lambda_over_abs_gap,Scale beta gap to lambda / |beta+ - beta-|,vasicek_mrjd_asian_put_12,"Asian put, 12 observations",0.33,0.01,GradOne,0.3646843586372051,0.4610031002756025,1.0340329836296829,1.033878900269014,12,0.00014901203647095786
F_lambda_over_abs_gap,Scale beta gap to lambda / |beta+ - beta-|,vasicek_mrjd_asian_put_12,"Asian put, 12 observations",0.33,0.01,GradTwo,0.3646843586371854,0.461003100275611,1.0340329836296829,1.033878900269014,12,0.00014901203647095786
F_lambda_over_abs_gap,Scale beta gap to lambda / |beta+ - beta-|,vasicek_mrjd_asian_put_12,"Asian put, 12 observations",0.33,0.01,t-Test CRN,1.0,0.9982601152080682,1.0340329836296829,1.033878900269014,12,0.00014901203647095786
F_lambda_over_abs_gap,Scale beta gap to lambda / |beta+ - beta-|,vasicek_mrjd_asian_put_12,"Asian put, 12 observations",0.33,0.08,GradOne,0.2194337879866401,0.27803766682669034,1.0207542723067529,1.0215822526726994,12,0.000811145628688327
F_lambda_over_abs_gap,Scale beta gap to lambda / |beta+ - beta-|,vasicek_mrjd_asian_put_12,"Asian put, 12 observations",0.33,0.08,GradTwo,0.21904494179655887,0.28636074064153993,1.0207542723067529,1.0215822526726994,12,0.000811145628688327
F_lambda_over_abs_gap,Scale beta gap to lambda / |beta+ - beta-|,vasicek_mrjd_asian_put_12,"Asian put, 12 observations",0.33,0.08,t-Test CRN,0.22763468079674293,0.3488457402992313,1.0207542723067529,1.0215822526726994,12,0.000811145628688327
F_lambda_over_abs_gap,Scale beta gap to lambda / |beta+ - beta-|,vasicek_mrjd_asian_put_12,"Asian put, 12 observations",0.33,0.7,GradOne,0.9023023038327485,0.8454216345794325,0.985702004243783,1.4226466402423985,12,0.4432826900193162
F_lambda_over_abs_gap,Scale beta gap to lambda / |beta+ - beta-|,vasicek_mrjd_asian_put_12,"Asian put, 12 observations",0.33,0.7,GradTwo,0.8935856528269918,0.817865032108823,0.985702004243783,1.4226466402423985,12,0.4432826900193162
F_lambda_over_abs_gap,Scale beta gap to lambda / |beta+ - beta-|,vasicek_mrjd_asian_put_12,"Asian put, 12 observations",0.33,0.7,t-Test CRN,0.8903344975360344,0.8151452214793732,0.985702004243783,1.4226466402423985,12,0.4432826900193162
F_lambda_over_abs_gap,Scale beta gap to lambda / |beta+ - beta-|,vasicek_mrjd_asian_put_12,"Asian put, 12 observations",0.5,0.01,GradOne,0.32992515994173477,0.42715218415714706,1.0094540332809854,1.0094303403277185,12,2.347105711179907e-05
F_lambda_over_abs_gap,Scale beta gap to lambda / |beta+ - beta-|,vasicek_mrjd_asian_put_12,"Asian put, 12 observations",0.5,0.01,GradTwo,0.32992515994174465,0.42715218415716105,1.0094540332809854,1.0094303403277185,12,2.347105711179907e-05
F_lambda_over_abs_gap,Scale beta gap to lambda / |beta+ - beta-|,vasicek_mrjd_asian_put_12,"Asian put, 12 observations",0.5,0.01,t-Test CRN,1.0,0.9999999999783413,1.0094540332809854,1.0094303403277185,12,2.347105711179907e-05
F_lambda_over_abs_gap,Scale beta gap to lambda / |beta+ - beta-|,vasicek_mrjd_asian_put_12,"Asian put, 12 observations",0.5,0.08,GradOne,0.24439258230408167,0.31235385862281445,1.045111326857466,1.0454719347344381,12,0.00034504254973134367
F_lambda_over_abs_gap,Scale beta gap to lambda / |beta+ - beta-|,vasicek_mrjd_asian_put_12,"Asian put, 12 observations",0.5,0.08,GradTwo,0.24406445638682808,0.3122375211727681,1.045111326857466,1.0454719347344381,12,0.00034504254973134367
F_lambda_over_abs_gap,Scale beta gap to lambda / |beta+ - beta-|,vasicek_mrjd_asian_put_12,"Asian put, 12 observations",0.5,0.08,t-Test CRN,0.2967443200587201,0.43486448792458887,1.045111326857466,1.0454719347344381,12,0.00034504254973134367
F_lambda_over_abs_gap,Scale beta gap to lambda / |beta+ - beta-|,vasicek_mrjd_asian_put_12,"Asian put, 12 observations",0.5,0.7,GradOne,0.7879151949763863,0.7628725211199084,1.0170731334546632,1.2466884493440595,12,0.22576087041987683
F_lambda_over_abs_gap,Scale beta gap to lambda / |beta+ - beta-|,vasicek_mrjd_asian_put_12,"Asian put, 12 observations",0.5,0.7,GradTwo,0.7769613004704824,0.7625478115214807,1.0170731334546632,1.2466884493440595,12,0.22576087041987683
F_lambda_over_abs_gap,Scale beta gap to lambda / |beta+ - beta-|,vasicek_mrjd_asian_put_12,"Asian put, 12 observations",0.5,0.7,t-Test CRN,0.7689154637336382,0.7555143122416936,1.0170731334546632,1.2466884493440595,12,0.22576087041987683
F_lambda_over_abs_gap,Scale beta gap to lambda / |beta+ - beta-|,vasicek_mrjd_asian_put_12,"Asian put, 12 observations",0.67,0.01,GradOne,0.4416885673379765,0.5711257259397665,1.0686877926802616,1.0686701841344397,12,1.6476791390802608e-05
F_lambda_over_abs_gap,Scale beta gap to lambda / |beta+ - beta-|,vasicek_mrjd_asian_put_12,"Asian put, 12 observations",0.67,0.01,GradTwo,0.44168856733800177,0.5711257259398207,1.0686877926802616,1.0686701841344397,12,1.6476791390802608e-05
F_lambda_over_abs_gap,Scale beta gap to lambda / |beta+ - beta-|,vasicek_mrjd_asian_put_12,"Asian put, 12 observations",0.67,0.01,t-Test CRN,1.0,0.9999975396964187,1.0686877926802616,1.0686701841344397,12,1.6476791390802608e-05
F_lambda_over_abs_gap,Scale beta gap to lambda / |beta+ - beta-|,vasicek_mrjd_asian_put_12,"Asian put, 12 observations",0.67,0.08,GradOne,0.20731597398792045,0.277676484355523,1.0212421191766667,1.0222652928784497,12,0.0010018914051526232
F_lambda_over_abs_gap,Scale beta gap to lambda / |beta+ - beta-|,vasicek_mrjd_asian_put_12,"Asian put, 12 observations",0.67,0.08,GradTwo,0.20677709722627155,0.2775251108596423,1.0212421191766667,1.0222652928784497,12,0.0010018914051526232
F_lambda_over_abs_gap,Scale beta gap to lambda / |beta+ - beta-|,vasicek_mrjd_asian_put_12,"Asian put, 12 observations",0.67,0.08,t-Test CRN,0.3291340368822522,0.44357817842966346,1.0212421191766667,1.0222652928784497,12,0.0010018914051526232
F_lambda_over_abs_gap,Scale beta gap to lambda / |beta+ - beta-|,vasicek_mrjd_asian_put_12,"Asian put, 12 observations",0.67,0.7,GradOne,0.6115206058209873,0.5552788133047359,1.004814682394672,1.1223551369268445,12,0.11697724624410386
F_lambda_over_abs_gap,Scale beta gap to lambda / |beta+ - beta-|,vasicek_mrjd_asian_put_12,"Asian put, 12 observations",0.67,0.7,GradTwo,0.5755887161394517,0.5201812431682756,1.004814682394672,1.1223551369268445,12,0.11697724624410386
F_lambda_over_abs_gap,Scale beta gap to lambda / |beta+ - beta-|,vasicek_mrjd_asian_put_12,"Asian put, 12 observations",0.67,0.7,t-Test CRN,0.562478317384385,0.512303985128597,1.004814682394672,1.1223551369268445,12,0.11697724624410386
F_lambda_over_abs_gap,Scale beta gap to lambda / |beta+ - beta-|,vasicek_mrjd_asian_put_12,"Asian put, 12 observations",1.0,0.01,GradOne,0.8410131436215691,0.6898612423330436,1.042181175854648,1.0422459567422662,12,6.215895001659731e-05
F_lambda_over_abs_gap,Scale beta gap to lambda / |beta+ - beta-|,vasicek_mrjd_asian_put_12,"Asian put, 12 observations",1.0,0.01,GradTwo,0.8410131436213014,0.6898612423330226,1.042181175854648,1.0422459567422662,12,6.215895001659731e-05
F_lambda_over_abs_gap,Scale beta gap to lambda / |beta+ - beta-|,vasicek_mrjd_asian_put_12,"Asian put, 12 observations",1.0,0.01,t-Test CRN,1.0,1.0,1.042181175854648,1.0422459567422662,12,6.215895001659731e-05
F_lambda_over_abs_gap,Scale beta gap to lambda / |beta+ - beta-|,vasicek_mrjd_asian_put_12,"Asian put, 12 observations",1.0,0.08,GradOne,0.24249167755398812,0.2783892559344186,1.007172135448744,1.0071840699302723,12,1.1849495342766379e-05
F_lambda_over_abs_gap,Scale beta gap to lambda / |beta+ - beta-|,vasicek_mrjd_asian_put_12,"Asian put, 12 observations",1.0,0.08,GradTwo,0.24262551103783894,0.2787621201757731,1.007172135448744,1.0071840699302723,12,1.1849495342766379e-05
F_lambda_over_abs_gap,Scale beta gap to lambda / |beta+ - beta-|,vasicek_mrjd_asian_put_12,"Asian put, 12 observations",1.0,0.08,t-Test CRN,0.6500695637722358,0.6565350253189024,1.007172135448744,1.0071840699302723,12,1.1849495342766379e-05
F_lambda_over_abs_gap,Scale beta gap to lambda / |beta+ - beta-|,vasicek_mrjd_asian_put_12,"Asian put, 12 observations",1.0,0.7,GradOne,0.5180126239342245,0.5021336461488667,1.0155623882367628,1.1108131309775182,12,0.09379112878149358
F_lambda_over_abs_gap,Scale beta gap to lambda / |beta+ - beta-|,vasicek_mrjd_asian_put_12,"Asian put, 12 observations",1.0,0.7,GradTwo,0.48418966193365304,0.49258817777846664,1.0155623882367628,1.1108131309775182,12,0.09379112878149358
F_lambda_over_abs_gap,Scale beta gap to lambda / |beta+ - beta-|,vasicek_mrjd_asian_put_12,"Asian put, 12 observations",1.0,0.7,t-Test CRN,0.4630950620820648,0.47532357916239804,1.0155623882367628,1.1108131309775182,12,0.09379112878149358
F_lambda_over_abs_gap,Scale beta gap to lambda / |beta+ - beta-|,vasicek_mrjd_vanilla_put,"Vanilla put, 1 observation",0.2,0.01,GradOne,0.18704466426444877,0.25335351473423734,4.016545506554987,4.017539245421771,12,0.00024741133024939506
F_lambda_over_abs_gap,Scale beta gap to lambda / |beta+ - beta-|,vasicek_mrjd_vanilla_put,"Vanilla put, 1 observation",0.2,0.01,GradTwo,0.18704466426444877,0.25335351473423734,4.016545506554987,4.017539245421771,12,0.00024741133024939506
F_lambda_over_abs_gap,Scale beta gap to lambda / |beta+ - beta-|,vasicek_mrjd_vanilla_put,"Vanilla put, 1 observation",0.2,0.01,t-Test CRN,0.999999999999881,0.9715711994949808,4.016545506554987,4.017539245421771,12,0.00024741133024939506
F_lambda_over_abs_gap,Scale beta gap to lambda / |beta+ - beta-|,vasicek_mrjd_vanilla_put,"Vanilla put, 1 observation",0.2,0.08,GradOne,0.14503574970624347,0.2144763002120337,4.072169860313931,4.073178948588005,12,0.00024780112536766717
F_lambda_over_abs_gap,Scale beta gap to lambda / |beta+ - beta-|,vasicek_mrjd_vanilla_put,"Vanilla put, 1 observation",0.2,0.08,GradTwo,0.14523652610355836,0.21663531519930315,4.072169860313931,4.073178948588005,12,0.00024780112536766717
F_lambda_over_abs_gap,Scale beta gap to lambda / |beta+ - beta-|,vasicek_mrjd_vanilla_put,"Vanilla put, 1 observation",0.2,0.08,t-Test CRN,0.15240054232190847,0.1788111685032375,4.072169860313931,4.073178948588005,12,0.00024780112536766717
F_lambda_over_abs_gap,Scale beta gap to lambda / |beta+ - beta-|,vasicek_mrjd_vanilla_put,"Vanilla put, 1 observation",0.2,0.7,GradOne,0.9050677643098063,0.897935017203626,4.0724850008960924,5.225573463865606,12,0.28314124243939337
F_lambda_over_abs_gap,Scale beta gap to lambda / |beta+ - beta-|,vasicek_mrjd_vanilla_put,"Vanilla put, 1 observation",0.2,0.7,GradTwo,0.9048263412532325,0.8798371432254738,4.0724850008960924,5.225573463865606,12,0.28314124243939337
F_lambda_over_abs_gap,Scale beta gap to lambda / |beta+ - beta-|,vasicek_mrjd_vanilla_put,"Vanilla put, 1 observation",0.2,0.7,t-Test CRN,0.9043216837679544,0.8753323613444691,4.0724850008960924,5.225573463865606,12,0.28314124243939337
F_lambda_over_abs_gap,Scale beta gap to lambda / |beta+ - beta-|,vasicek_mrjd_vanilla_put,"Vanilla put, 1 observation",0.33,0.01,GradOne,0.21719714740012447,0.3258604517614669,3.987859360925012,3.9877424961003487,12,2.9305151984124455e-05
F_lambda_over_abs_gap,Scale beta gap to lambda / |beta+ - beta-|,vasicek_mrjd_vanilla_put,"Vanilla put, 1 observation",0.33,0.01,GradTwo,0.21719714740012447,0.325860451761467,3.987859360925012,3.9877424961003487,12,2.9305151984124455e-05
F_lambda_over_abs_gap,Scale beta gap to lambda / |beta+ - beta-|,vasicek_mrjd_vanilla_put,"Vanilla put, 1 observation",0.33,0.01,t-Test CRN,1.0,0.9999999888840027,3.987859360925012,3.9877424961003487,12,2.9305151984124455e-05
F_lambda_over_abs_gap,Scale beta gap to lambda / |beta+ - beta-|,vasicek_mrjd_vanilla_put,"Vanilla put, 1 observation",0.33,0.08,GradOne,0.1774242590685007,0.19785164715747458,3.9956559955355377,3.999983806956997,12,0.001083129134814137
F_lambda_over_abs_gap,Scale beta gap to lambda / |beta+ - beta-|,vasicek_mrjd_vanilla_put,"Vanilla put, 1 observation",0.33,0.08,GradTwo,0.18196896314005462,0.20031409738831632,3.9956559955355377,3.999983806956997,12,0.001083129134814137
F_lambda_over_abs_gap,Scale beta gap to lambda / |beta+ - beta-|,vasicek_mrjd_vanilla_put,"Vanilla put, 1 observation",0.33,0.08,t-Test CRN,0.1808526951510822,0.27487021595099936,3.9956559955355377,3.999983806956997,12,0.001083129134814137
F_lambda_over_abs_gap,Scale beta gap to lambda / |beta+ - beta-|,vasicek_mrjd_vanilla_put,"Vanilla put, 1 observation",0.33,0.7,GradOne,0.8107322631469647,0.7524695454861701,4.071167874670138,4.681914410961753,12,0.1500175269341111
F_lambda_over_abs_gap,Scale beta gap to lambda / |beta+ - beta-|,vasicek_mrjd_vanilla_put,"Vanilla put, 1 observation",0.33,0.7,GradTwo,0.7816043653998632,0.7175783908664486,4.071167874670138,4.681914410961753,12,0.1500175269341111
F_lambda_over_abs_gap,Scale beta gap to lambda / |beta+ - beta-|,vasicek_mrjd_vanilla_put,"Vanilla put, 1 observation",0.33,0.7,t-Test CRN,0.7767488935178875,0.7107488651049839,4.071167874670138,4.681914410961753,12,0.1500175269341111
F_lambda_over_abs_gap,Scale beta gap to lambda / |beta+ - beta-|,vasicek_mrjd_vanilla_put,"Vanilla put, 1 observation",0.5,0.01,GradOne,0.3174839664101601,0.37305656266666826,4.04158111660778,4.041697927390571,12,2.890224875370288e-05
F_lambda_over_abs_gap,Scale beta gap to lambda / |beta+ - beta-|,vasicek_mrjd_vanilla_put,"Vanilla put, 1 observation",0.5,0.01,GradTwo,0.3174839664101601,0.37305656266666815,4.04158111660778,4.041697927390571,12,2.890224875370288e-05
F_lambda_over_abs_gap,Scale beta gap to lambda / |beta+ - beta-|,vasicek_mrjd_vanilla_put,"Vanilla put, 1 observation",0.5,0.01,t-Test CRN,1.0,1.0,4.04158111660778,4.041697927390571,12,2.890224875370288e-05
F_lambda_over_abs_gap,Scale beta gap to lambda / |beta+ - beta-|,vasicek_mrjd_vanilla_put,"Vanilla put, 1 observation",0.5,0.08,GradOne,0.15722083556126087,0.24240313354578072,4.067051932511628,4.064278680296981,12,0.0006818826660357454
F_lambda_over_abs_gap,Scale beta gap to lambda / |beta+ - beta-|,vasicek_mrjd_vanilla_put,"Vanilla put, 1 observation",0.5,0.08,GradTwo,0.15723514459201393,0.24210020728052126,4.067051932511628,4.064278680296981,12,0.0006818826660357454
F_lambda_over_abs_gap,Scale beta gap to lambda / |beta+ - beta-|,vasicek_mrjd_vanilla_put,"Vanilla put, 1 observation",0.5,0.08,t-Test CRN,0.18125362146555257,0.3787218997578005,4.067051932511628,4.064278680296981,12,0.0006818826660357454
F_lambda_over_abs_gap,Scale beta gap to lambda / |beta+ - beta-|,vasicek_mrjd_vanilla_put,"Vanilla put, 1 observation",0.5,0.7,GradOne,0.21110301113315166,0.3144483164391984,4.033660225914904,4.221922332310878,12,0.0466727725816997
F_lambda_over_abs_gap,Scale beta gap to lambda / |beta+ - beta-|,vasicek_mrjd_vanilla_put,"Vanilla put, 1 observation",0.5,0.7,GradTwo,0.2528587553586201,0.31726883411584317,4.033660225914904,4.221922332310878,12,0.0466727725816997
F_lambda_over_abs_gap,Scale beta gap to lambda / |beta+ - beta-|,vasicek_mrjd_vanilla_put,"Vanilla put, 1 observation",0.5,0.7,t-Test CRN,0.24183514873950673,0.30775778862896963,4.033660225914904,4.221922332310878,12,0.0466727725816997
F_lambda_over_abs_gap,Scale beta gap to lambda / |beta+ - beta-|,vasicek_mrjd_vanilla_put,"Vanilla put, 1 observation",0.67,0.01,GradOne,0.2160701738439716,0.34859974784621706,3.993189987498324,3.9933827242177973,12,4.8266353485956016e-05
F_lambda_over_abs_gap,Scale beta gap to lambda / |beta+ - beta-|,vasicek_mrjd_vanilla_put,"Vanilla put, 1 observation",0.67,0.01,GradTwo,0.2160701738439716,0.34859974784621706,3.993189987498324,3.9933827242177973,12,4.8266353485956016e-05
F_lambda_over_abs_gap,Scale beta gap to lambda / |beta+ - beta-|,vasicek_mrjd_vanilla_put,"Vanilla put, 1 observation",0.67,0.01,t-Test CRN,1.0,1.0,3.993189987498324,3.9933827242177973,12,4.8266353485956016e-05
F_lambda_over_abs_gap,Scale beta gap to lambda / |beta+ - beta-|,vasicek_mrjd_vanilla_put,"Vanilla put, 1 observation",0.67,0.08,GradOne,0.2923014544624109,0.36891164867868986,3.9969138594303013,3.997152951784162,12,5.981924111187581e-05
F_lambda_over_abs_gap,Scale beta gap to lambda / |beta+ - beta-|,vasicek_mrjd_vanilla_put,"Vanilla put, 1 observation",0.67,0.08,GradTwo,0.29263936522404443,0.3689773361499511,3.9969138594303013,3.997152951784162,12,5.981924111187581e-05
F_lambda_over_abs_gap,Scale beta gap to lambda / |beta+ - beta-|,vasicek_mrjd_vanilla_put,"Vanilla put, 1 observation",0.67,0.08,t-Test CRN,0.671374401586259,0.6295169793672742,3.9969138594303013,3.997152951784162,12,5.981924111187581e-05
F_lambda_over_abs_gap,Scale beta gap to lambda / |beta+ - beta-|,vasicek_mrjd_vanilla_put,"Vanilla put, 1 observation",0.67,0.7,GradOne,0.31275342027134156,0.40030324275827667,3.9464576559738127,4.146219375772278,12,0.050617981291673705
F_lambda_over_abs_gap,Scale beta gap to lambda / |beta+ - beta-|,vasicek_mrjd_vanilla_put,"Vanilla put, 1 observation",0.67,0.7,GradTwo,0.3003182409894384,0.4080193836666473,3.9464576559738127,4.146219375772278,12,0.050617981291673705
F_lambda_over_abs_gap,Scale beta gap to lambda / |beta+ - beta-|,vasicek_mrjd_vanilla_put,"Vanilla put, 1 observation",0.67,0.7,t-Test CRN,0.2843269328060497,0.3940716281259429,3.9464576559738127,4.146219375772278,12,0.050617981291673705
F_lambda_over_abs_gap,Scale beta gap to lambda / |beta+ - beta-|,vasicek_mrjd_vanilla_put,"Vanilla put, 1 observation",1.0,0.01,GradOne,0.5877711779252398,0.5606349827769136,4.016643070625669,4.016616080900279,12,6.719473180752748e-06
F_lambda_over_abs_gap,Scale beta gap to lambda / |beta+ - beta-|,vasicek_mrjd_vanilla_put,"Vanilla put, 1 observation",1.0,0.01,GradTwo,0.5877711779252398,0.5606349827769136,4.016643070625669,4.016616080900279,12,6.719473180752748e-06
F_lambda_over_abs_gap,Scale beta gap to lambda / |beta+ - beta-|,vasicek_mrjd_vanilla_put,"Vanilla put, 1 observation",1.0,0.01,t-Test CRN,1.0,1.0,4.016643070625669,4.016616080900279,12,6.719473180752748e-06
F_lambda_over_abs_gap,Scale beta gap to lambda / |beta+ - beta-|,vasicek_mrjd_vanilla_put,"Vanilla put, 1 observation",1.0,0.08,GradOne,0.14857192717818063,0.2096312276389235,4.026786773459854,4.0280875904388775,12,0.00032304093864546693
F_lambda_over_abs_gap,Scale beta gap to lambda / |beta+ - beta-|,vasicek_mrjd_vanilla_put,"Vanilla put, 1 observation",1.0,0.08,GradTwo,0.14857192717818063,0.2098946675601522,4.026786773459854,4.0280875904388775,12,0.00032304093864546693
F_lambda_over_abs_gap,Scale beta gap to lambda / |beta+ - beta-|,vasicek_mrjd_vanilla_put,"Vanilla put, 1 observation",1.0,0.08,t-Test CRN,0.7417670055332342,0.6992788945714811,4.026786773459854,4.0280875904388775,12,0.00032304093864546693
F_lambda_over_abs_gap,Scale beta gap to lambda / |beta+ - beta-|,vasicek_mrjd_vanilla_put,"Vanilla put, 1 observation",1.0,0.7,GradOne,0.30014695198848845,0.3326270566439769,4.056471782195157,4.158754012305536,12,0.02521457946763516
F_lambda_over_abs_gap,Scale beta gap to lambda / |beta+ - beta-|,vasicek_mrjd_vanilla_put,"Vanilla put, 1 observation",1.0,0.7,GradTwo,0.2988959524273369,0.34278427250279614,4.056471782195157,4.158754012305536,12,0.02521457946763516
F_lambda_over_abs_gap,Scale beta gap to lambda / |beta+ - beta-|,vasicek_mrjd_vanilla_put,"Vanilla put, 1 observation",1.0,0.7,t-Test CRN,0.26797113579444753,0.324086749477594,4.056471782195157,4.158754012305536,12,0.02521457946763516
G_12date_call,12-date Asian call caption interpretation,vasicek_mrjd_asian_call_12_caption,"Asian call, 12 observations (caption alternative)",0.2,0.01,GradOne,0.26554410511626453,0.3697366781691955,1.2741504758418347,1.2774551802701062,11,0.002593653175923384
G_12date_call,12-date Asian call caption interpretation,vasicek_mrjd_asian_call_12_caption,"Asian call, 12 observations (caption alternative)",0.2,0.01,GradTwo,0.2655441051162676,0.3697366781691958,1.2741504758418347,1.2774551802701062,11,0.002593653175923384
G_12date_call,12-date Asian call caption interpretation,vasicek_mrjd_asian_call_12_caption,"Asian call, 12 observations (caption alternative)",0.2,0.01,t-Test CRN,0.32253667026142896,0.4370280806911963,1.2741504758418347,1.2774551802701062,12,0.002593653175923384
G_12date_call,12-date Asian call caption interpretation,vasicek_mrjd_asian_call_12_caption,"Asian call, 12 observations (caption alternative)",0.2,0.08,GradOne,0.19391029637997892,0.2918296653867277,1.2912580638294946,1.298849637659441,12,0.005879207296047359
G_12date_call,12-date Asian call caption interpretation,vasicek_mrjd_asian_call_12_caption,"Asian call, 12 observations (caption alternative)",0.2,0.08,GradTwo,0.193789032031136,0.29154161302517734,1.2912580638294946,1.298849637659441,12,0.005879207296047359
G_12date_call,12-date Asian call caption interpretation,vasicek_mrjd_asian_call_12_caption,"Asian call, 12 observations (caption alternative)",0.2,0.08,t-Test CRN,0.16286520793652387,0.2292883153522313,1.2912580638294946,1.298849637659441,12,0.005879207296047359
G_12date_call,12-date Asian call caption interpretation,vasicek_mrjd_asian_call_12_caption,"Asian call, 12 observations (caption alternative)",0.2,0.7,GradOne,0.22931506348163883,0.24780255792266756,1.3186600903459669,1.343356888606562,12,0.018728706845230845
G_12date_call,12-date Asian call caption interpretation,vasicek_mrjd_asian_call_12_caption,"Asian call, 12 observations (caption alternative)",0.2,0.7,GradTwo,0.18894494994383315,0.23807076223765797,1.3186600903459669,1.343356888606562,12,0.018728706845230845
G_12date_call,12-date Asian call caption interpretation,vasicek_mrjd_asian_call_12_caption,"Asian call, 12 observations (caption alternative)",0.2,0.7,t-Test CRN,0.189279778316374,0.21811855110679415,1.3186600903459669,1.343356888606562,12,0.018728706845230845
G_12date_call,12-date Asian call caption interpretation,vasicek_mrjd_asian_call_12_caption,"Asian call, 12 observations (caption alternative)",0.33,0.01,GradOne,0.30311592748470834,0.3360552943441052,1.2997403530451093,1.3011734191365838,11,0.0011025787482223355
G_12date_call,12-date Asian call caption interpretation,vasicek_mrjd_asian_call_12_caption,"Asian call, 12 observations (caption alternative)",0.33,0.01,GradTwo,0.3031159274847096,0.33590791812808135,1.2997403530451093,1.3011734191365838,11,0.0011025787482223355
G_12date_call,12-date Asian call caption interpretation,vasicek_mrjd_asian_call_12_caption,"Asian call, 12 observations (caption alternative)",0.33,0.01,t-Test CRN,0.3099610076266187,0.45613773326091356,1.2997403530451093,1.3011734191365838,12,0.0011025787482223355
G_12date_call,12-date Asian call caption interpretation,vasicek_mrjd_asian_call_12_caption,"Asian call, 12 observations (caption alternative)",0.33,0.08,GradOne,0.3175829059544764,0.33379183333146817,1.3208085319046012,1.3219632077656256,12,0.0008742189599270064
G_12date_call,12-date Asian call caption interpretation,vasicek_mrjd_asian_call_12_caption,"Asian call, 12 observations (caption alternative)",0.33,0.08,GradTwo,0.31758290595447924,0.333403671483607,1.3208085319046012,1.3219632077656256,12,0.0008742189599270064
G_12date_call,12-date Asian call caption interpretation,vasicek_mrjd_asian_call_12_caption,"Asian call, 12 observations (caption alternative)",0.33,0.08,t-Test CRN,0.2840452771316372,0.30990409866796115,1.3208085319046012,1.3219632077656256,12,0.0008742189599270064
G_12date_call,12-date Asian call caption interpretation,vasicek_mrjd_asian_call_12_caption,"Asian call, 12 observations (caption alternative)",0.33,0.7,GradOne,0.5800112298037132,0.5973201607292559,1.2785629762851416,1.3558680607829126,12,0.060462476961737545
G_12date_call,12-date Asian call caption interpretation,vasicek_mrjd_asian_call_12_caption,"Asian call, 12 observations (caption alternative)",0.33,0.7,GradTwo,0.5852818814749239,0.59426277427874,1.2785629762851416,1.3558680607829126,12,0.060462476961737545
G_12date_call,12-date Asian call caption interpretation,vasicek_mrjd_asian_call_12_caption,"Asian call, 12 observations (caption alternative)",0.33,0.7,t-Test CRN,0.5620702939023747,0.5795855160826613,1.2785629762851416,1.3558680607829126,12,0.060462476961737545
G_12date_call,12-date Asian call caption interpretation,vasicek_mrjd_asian_call_12_caption,"Asian call, 12 observations (caption alternative)",0.5,0.01,GradOne,0.29531682694416184,0.33498031622781393,1.3259755697894313,1.3259587616055337,12,1.2676088670523413e-05
G_12date_call,12-date Asian call caption interpretation,vasicek_mrjd_asian_call_12_caption,"Asian call, 12 observations (caption alternative)",0.5,0.01,GradTwo,0.2953168269441616,0.3350063216465675,1.3259755697894313,1.3259587616055337,12,1.2676088670523413e-05
G_12date_call,12-date Asian call caption interpretation,vasicek_mrjd_asian_call_12_caption,"Asian call, 12 observations (caption alternative)",0.5,0.01,t-Test CRN,0.2734369019641,0.28606578926861204,1.3259755697894313,1.3259587616055337,12,1.2676088670523413e-05
G_12date_call,12-date Asian call caption interpretation,vasicek_mrjd_asian_call_12_caption,"Asian call, 12 observations (caption alternative)",0.5,0.08,GradOne,0.32732708259505694,0.39615693807672153,1.2516202694449476,1.2642225479252052,12,0.010068771485976508
G_12date_call,12-date Asian call caption interpretation,vasicek_mrjd_asian_call_12_caption,"Asian call, 12 observations (caption alternative)",0.5,0.08,GradTwo,0.3254104044058451,0.3957309198246768,1.2516202694449476,1.2642225479252052,12,0.010068771485976508
G_12date_call,12-date Asian call caption interpretation,vasicek_mrjd_asian_call_12_caption,"Asian call, 12 observations (caption alternative)",0.5,0.08,t-Test CRN,0.32433654407664914,0.3686728286555477,1.2516202694449476,1.2642225479252052,12,0.010068771485976508
G_12date_call,12-date Asian call caption interpretation,vasicek_mrjd_asian_call_12_caption,"Asian call, 12 observations (caption alternative)",0.5,0.7,GradOne,0.8782316826990373,0.8349165095304106,1.3084035657913713,1.4888017142182222,12,0.13787653377246747
G_12date_call,12-date Asian call caption interpretation,vasicek_mrjd_asian_call_12_caption,"Asian call, 12 observations (caption alternative)",0.5,0.7,GradTwo,0.8362633684074193,0.8055805107704482,1.3084035657913713,1.4888017142182222,12,0.13787653377246747
G_12date_call,12-date Asian call caption interpretation,vasicek_mrjd_asian_call_12_caption,"Asian call, 12 observations (caption alternative)",0.5,0.7,t-Test CRN,0.8152536606436722,0.7942215043221775,1.3084035657913713,1.4888017142182222,12,0.13787653377246747
G_12date_call,12-date Asian call caption interpretation,vasicek_mrjd_asian_call_12_caption,"Asian call, 12 observations (caption alternative)",0.67,0.01,GradOne,0.35160288968619424,0.45261494027462995,1.2930410977051499,1.2977517291299332,10,0.0036430639622697424
G_12date_call,12-date Asian call caption interpretation,vasicek_mrjd_asian_call_12_caption,"Asian call, 12 observations (caption alternative)",0.67,0.01,GradTwo,0.3516028896861938,0.4525351896562693,1.2930410977051499,1.2977517291299332,10,0.0036430639622697424
G_12date_call,12-date Asian call caption interpretation,vasicek_mrjd_asian_call_12_caption,"Asian call, 12 observations (caption alternative)",0.67,0.01,t-Test CRN,0.2696949212743943,0.3567666703439723,1.2930410977051499,1.2977517291299332,12,0.0036430639622697424
G_12date_call,12-date Asian call caption interpretation,vasicek_mrjd_asian_call_12_caption,"Asian call, 12 observations (caption alternative)",0.67,0.08,GradOne,0.5765340359883108,0.4696827143373183,1.2771276374175873,1.2876636361012317,12,0.008249761711326442
G_12date_call,12-date Asian call caption interpretation,vasicek_mrjd_asian_call_12_caption,"Asian call, 12 observations (caption alternative)",0.67,0.08,GradTwo,0.5756944616514754,0.4679299969265218,1.2771276374175873,1.2876636361012317,12,0.008249761711326442
G_12date_call,12-date Asian call caption interpretation,vasicek_mrjd_asian_call_12_caption,"Asian call, 12 observations (caption alternative)",0.67,0.08,t-Test CRN,0.5307583243426517,0.4384651267032675,1.2771276374175873,1.2876636361012317,12,0.008249761711326442
G_12date_call,12-date Asian call caption interpretation,vasicek_mrjd_asian_call_12_caption,"Asian call, 12 observations (caption alternative)",0.67,0.7,GradOne,0.9480009529044287,0.925460505788036,1.3036559611259326,1.575246901387708,12,0.20833022542788784
G_12date_call,12-date Asian call caption interpretation,vasicek_mrjd_asian_call_12_caption,"Asian call, 12 observations (caption alternative)",0.67,0.7,GradTwo,0.9490695151928121,0.8987295156403112,1.3036559611259326,1.575246901387708,12,0.20833022542788784
G_12date_call,12-date Asian call caption interpretation,vasicek_mrjd_asian_call_12_caption,"Asian call, 12 observations (caption alternative)",0.67,0.7,t-Test CRN,0.940264508045169,0.9009849472244214,1.3036559611259326,1.575246901387708,12,0.20833022542788784
G_12date_call,12-date Asian call caption interpretation,vasicek_mrjd_asian_call_12_caption,"Asian call, 12 observations (caption alternative)",1.0,0.01,GradOne,0.17896749075474624,0.27987347932556217,1.3340530062694245,1.3404529804767034,11,0.004797391240979189
G_12date_call,12-date Asian call caption interpretation,vasicek_mrjd_asian_call_12_caption,"Asian call, 12 observations (caption alternative)",1.0,0.01,GradTwo,0.17896749075474896,0.27991846487629535,1.3340530062694245,1.3404529804767034,11,0.004797391240979189
G_12date_call,12-date Asian call caption interpretation,vasicek_mrjd_asian_call_12_caption,"Asian call, 12 observations (caption alternative)",1.0,0.01,t-Test CRN,0.2576090367711732,0.31399409446099075,1.3340530062694245,1.3404529804767034,12,0.004797391240979189
G_12date_call,12-date Asian call caption interpretation,vasicek_mrjd_asian_call_12_caption,"Asian call, 12 observations (caption alternative)",1.0,0.08,GradOne,0.2195243696448997,0.2957655880498303,1.2967255567603355,1.3291300750064048,12,0.024989496102033226
G_12date_call,12-date Asian call caption interpretation,vasicek_mrjd_asian_call_12_caption,"Asian call, 12 observations (caption alternative)",1.0,0.08,GradTwo,0.20609699411502774,0.29335727740697853,1.2967255567603355,1.3291300750064048,12,0.024989496102033226
G_12date_call,12-date Asian call caption interpretation,vasicek_mrjd_asian_call_12_caption,"Asian call, 12 observations (caption alternative)",1.0,0.08,t-Test CRN,0.18503584098799652,0.2758864901794512,1.2967255567603355,1.3291300750064048,12,0.024989496102033226
G_12date_call,12-date Asian call caption interpretation,vasicek_mrjd_asian_call_12_caption,"Asian call, 12 observations (caption alternative)",1.0,0.7,GradOne,0.9982414058111142,0.994174842859925,1.319996055044495,1.8543228621766636,12,0.4047942454753453
G_12date_call,12-date Asian call caption interpretation,vasicek_mrjd_asian_call_12_caption,"Asian call, 12 observations (caption alternative)",1.0,0.7,GradTwo,0.9973420897799063,0.9855555402700285,1.319996055044495,1.8543228621766636,12,0.4047942454753453
G_12date_call,12-date Asian call caption interpretation,vasicek_mrjd_asian_call_12_caption,"Asian call, 12 observations (caption alternative)",1.0,0.7,t-Test CRN,0.9970353190579988,0.9863329504084274,1.319996055044495,1.8543228621766636,12,0.4047942454753453
H_12date_put,12-date Asian put Example-4 interpretation,vasicek_mrjd_asian_put_12,"Asian put, 12 observations (Example 4)",0.2,0.01,GradOne,0.31892794124545204,0.3170038347797413,1.0310308026991712,1.0288657958966472,12,0.0020998468686446864
H_12date_put,12-date Asian put Example-4 interpretation,vasicek_mrjd_asian_put_12,"Asian put, 12 observations (Example 4)",0.2,0.01,GradTwo,0.3189279412454517,0.3170029073672035,1.0310308026991712,1.0288657958966472,12,0.0020998468686446864
H_12date_put,12-date Asian put Example-4 interpretation,vasicek_mrjd_asian_put_12,"Asian put, 12 observations (Example 4)",0.2,0.01,t-Test CRN,0.5381809220136324,0.5465692235380551,1.0310308026991712,1.0288657958966472,12,0.0020998468686446864
H_12date_put,12-date Asian put Example-4 interpretation,vasicek_mrjd_asian_put_12,"Asian put, 12 observations (Example 4)",0.2,0.08,GradOne,0.16331414114918066,0.27585810716721376,0.9950554031910382,1.0017353521746004,12,0.006713142767870283
H_12date_put,12-date Asian put Example-4 interpretation,vasicek_mrjd_asian_put_12,"Asian put, 12 observations (Example 4)",0.2,0.08,GradTwo,0.16320022892863434,0.27894232709447003,0.9950554031910382,1.0017353521746004,12,0.006713142767870283
H_12date_put,12-date Asian put Example-4 interpretation,vasicek_mrjd_asian_put_12,"Asian put, 12 observations (Example 4)",0.2,0.08,t-Test CRN,0.22191600402151085,0.3241965426195293,0.9950554031910382,1.0017353521746004,12,0.006713142767870283
H_12date_put,12-date Asian put Example-4 interpretation,vasicek_mrjd_asian_put_12,"Asian put, 12 observations (Example 4)",0.2,0.7,GradOne,0.22884942304729,0.3570420940187031,1.003936313229135,1.0424165546534763,12,0.03832936503767909
H_12date_put,12-date Asian put Example-4 interpretation,vasicek_mrjd_asian_put_12,"Asian put, 12 observations (Example 4)",0.2,0.7,GradTwo,0.23529107047362782,0.35703404075485284,1.003936313229135,1.0424165546534763,12,0.03832936503767909
H_12date_put,12-date Asian put Example-4 interpretation,vasicek_mrjd_asian_put_12,"Asian put, 12 observations (Example 4)",0.2,0.7,t-Test CRN,0.2218048298176029,0.3432959810709782,1.003936313229135,1.0424165546534763,12,0.03832936503767909
H_12date_put,12-date Asian put Example-4 interpretation,vasicek_mrjd_asian_put_12,"Asian put, 12 observations (Example 4)",0.33,0.01,GradOne,0.3909655111106871,0.5063430351491335,1.0340329836296829,1.0325377720758422,12,0.0014459998641360267
H_12date_put,12-date Asian put Example-4 interpretation,vasicek_mrjd_asian_put_12,"Asian put, 12 observations (Example 4)",0.33,0.01,GradTwo,0.39114336436351294,0.5066448148361192,1.0340329836296829,1.0325377720758422,12,0.0014459998641360267
H_12date_put,12-date Asian put Example-4 interpretation,vasicek_mrjd_asian_put_12,"Asian put, 12 observations (Example 4)",0.33,0.01,t-Test CRN,0.698276017363556,0.6470216132776895,1.0340329836296829,1.0325377720758422,12,0.0014459998641360267
H_12date_put,12-date Asian put Example-4 interpretation,vasicek_mrjd_asian_put_12,"Asian put, 12 observations (Example 4)",0.33,0.08,GradOne,0.16601290008781586,0.2116174479169766,1.0207542723067529,1.0291050685668588,12,0.008181005445350106
H_12date_put,12-date Asian put Example-4 interpretation,vasicek_mrjd_asian_put_12,"Asian put, 12 observations (Example 4)",0.33,0.08,GradTwo,0.16598265118671865,0.2130096993486312,1.0207542723067529,1.0291050685668588,12,0.008181005445350106
H_12date_put,12-date Asian put Example-4 interpretation,vasicek_mrjd_asian_put_12,"Asian put, 12 observations (Example 4)",0.33,0.08,t-Test CRN,0.13803420591470372,0.2114750690067357,1.0207542723067529,1.0291050685668588,12,0.008181005445350106
H_12date_put,12-date Asian put Example-4 interpretation,vasicek_mrjd_asian_put_12,"Asian put, 12 observations (Example 4)",0.33,0.7,GradOne,0.5974974705634358,0.47624252717204146,0.985702004243783,1.1067858504506796,12,0.12284021508081489
H_12date_put,12-date Asian put Example-4 interpretation,vasicek_mrjd_asian_put_12,"Asian put, 12 observations (Example 4)",0.33,0.7,GradTwo,0.6081534619969616,0.4856639284936446,0.985702004243783,1.1067858504506796,12,0.12284021508081489
H_12date_put,12-date Asian put Example-4 interpretation,vasicek_mrjd_asian_put_12,"Asian put, 12 observations (Example 4)",0.33,0.7,t-Test CRN,0.6031499454445277,0.48475651893208777,0.985702004243783,1.1067858504506796,12,0.12284021508081489
H_12date_put,12-date Asian put Example-4 interpretation,vasicek_mrjd_asian_put_12,"Asian put, 12 observations (Example 4)",0.5,0.01,GradOne,0.25156964326876535,0.3553401217006347,1.0094540332809854,1.0143775630430198,12,0.004877418485348693
H_12date_put,12-date Asian put Example-4 interpretation,vasicek_mrjd_asian_put_12,"Asian put, 12 observations (Example 4)",0.5,0.01,GradTwo,0.25156259028975997,0.3553530143440267,1.0094540332809854,1.0143775630430198,12,0.004877418485348693
H_12date_put,12-date Asian put Example-4 interpretation,vasicek_mrjd_asian_put_12,"Asian put, 12 observations (Example 4)",0.5,0.01,t-Test CRN,0.5039090389424736,0.526664149535854,1.0094540332809854,1.0143775630430198,12,0.004877418485348693
H_12date_put,12-date Asian put Example-4 interpretation,vasicek_mrjd_asian_put_12,"Asian put, 12 observations (Example 4)",0.5,0.08,GradOne,0.22819836151222894,0.3143695361416057,1.045111326857466,1.0602943858850558,12,0.014527695411400263
H_12date_put,12-date Asian put Example-4 interpretation,vasicek_mrjd_asian_put_12,"Asian put, 12 observations (Example 4)",0.5,0.08,GradTwo,0.22779702240325728,0.31450856924370707,1.045111326857466,1.0602943858850558,12,0.014527695411400263
H_12date_put,12-date Asian put Example-4 interpretation,vasicek_mrjd_asian_put_12,"Asian put, 12 observations (Example 4)",0.5,0.08,t-Test CRN,0.23932988841289016,0.31812676162538134,1.045111326857466,1.0602943858850558,12,0.014527695411400263
H_12date_put,12-date Asian put Example-4 interpretation,vasicek_mrjd_asian_put_12,"Asian put, 12 observations (Example 4)",0.5,0.7,GradOne,0.7197764551800041,0.7023201881169557,1.0170731334546632,1.1896675807166535,12,0.1696971845827287
H_12date_put,12-date Asian put Example-4 interpretation,vasicek_mrjd_asian_put_12,"Asian put, 12 observations (Example 4)",0.5,0.7,GradTwo,0.7150264643560129,0.70647783242492,1.0170731334546632,1.1896675807166535,12,0.1696971845827287
H_12date_put,12-date Asian put Example-4 interpretation,vasicek_mrjd_asian_put_12,"Asian put, 12 observations (Example 4)",0.5,0.7,t-Test CRN,0.7047179844938048,0.6973004107212235,1.0170731334546632,1.1896675807166535,12,0.1696971845827287
H_12date_put,12-date Asian put Example-4 interpretation,vasicek_mrjd_asian_put_12,"Asian put, 12 observations (Example 4)",0.67,0.01,GradOne,0.6050308757230565,0.5938908579110856,1.0686877926802616,1.0668247900100898,12,0.001743261860884002
H_12date_put,12-date Asian put Example-4 interpretation,vasicek_mrjd_asian_put_12,"Asian put, 12 observations (Example 4)",0.67,0.01,GradTwo,0.605030875723059,0.5939499056025891,1.0686877926802616,1.0668247900100898,12,0.001743261860884002
H_12date_put,12-date Asian put Example-4 interpretation,vasicek_mrjd_asian_put_12,"Asian put, 12 observations (Example 4)",0.67,0.01,t-Test CRN,0.7554743609924582,0.6276579250300889,1.0686877926802616,1.0668247900100898,12,0.001743261860884002
H_12date_put,12-date Asian put Example-4 interpretation,vasicek_mrjd_asian_put_12,"Asian put, 12 observations (Example 4)",0.67,0.08,GradOne,0.277086103060429,0.28127765439620916,1.0212421191766667,1.0694959320968689,12,0.04725012023505722
H_12date_put,12-date Asian put Example-4 interpretation,vasicek_mrjd_asian_put_12,"Asian put, 12 observations (Example 4)",0.67,0.08,GradTwo,0.27661860165861624,0.2817403913102781,1.0212421191766667,1.0694959320968689,12,0.04725012023505722
H_12date_put,12-date Asian put Example-4 interpretation,vasicek_mrjd_asian_put_12,"Asian put, 12 observations (Example 4)",0.67,0.08,t-Test CRN,0.25064092947172223,0.2791592741248612,1.0212421191766667,1.0694959320968689,12,0.04725012023505722
H_12date_put,12-date Asian put Example-4 interpretation,vasicek_mrjd_asian_put_12,"Asian put, 12 observations (Example 4)",0.67,0.7,GradOne,0.7912366893758342,0.7240060919309251,1.004814682394672,1.2392355012570064,12,0.23329756518253028
H_12date_put,12-date Asian put Example-4 interpretation,vasicek_mrjd_asian_put_12,"Asian put, 12 observations (Example 4)",0.67,0.7,GradTwo,0.7580719473725559,0.6924968192018409,1.004814682394672,1.2392355012570064,12,0.23329756518253028
H_12date_put,12-date Asian put Example-4 interpretation,vasicek_mrjd_asian_put_12,"Asian put, 12 observations (Example 4)",0.67,0.7,t-Test CRN,0.7495118217320647,0.6859957303681535,1.004814682394672,1.2392355012570064,12,0.23329756518253028
H_12date_put,12-date Asian put Example-4 interpretation,vasicek_mrjd_asian_put_12,"Asian put, 12 observations (Example 4)",1.0,0.01,GradOne,0.4058822807382779,0.5414580136094075,1.042181175854648,1.0496258053738479,12,0.007143316048761738
H_12date_put,12-date Asian put Example-4 interpretation,vasicek_mrjd_asian_put_12,"Asian put, 12 observations (Example 4)",1.0,0.01,GradTwo,0.40580544620301107,0.5413843069597194,1.042181175854648,1.0496258053738479,12,0.007143316048761738
H_12date_put,12-date Asian put Example-4 interpretation,vasicek_mrjd_asian_put_12,"Asian put, 12 observations (Example 4)",1.0,0.01,t-Test CRN,0.5040689364392428,0.5908814378810593,1.042181175854648,1.0496258053738479,12,0.007143316048761738
H_12date_put,12-date Asian put Example-4 interpretation,vasicek_mrjd_asian_put_12,"Asian put, 12 observations (Example 4)",1.0,0.08,GradOne,0.19209637273880856,0.2703197026541814,1.007172135448744,1.0959318462001804,12,0.0881276473280207
H_12date_put,12-date Asian put Example-4 interpretation,vasicek_mrjd_asian_put_12,"Asian put, 12 observations (Example 4)",1.0,0.08,GradTwo,0.17640935593535922,0.26263944278307355,1.007172135448744,1.0959318462001804,12,0.0881276473280207
H_12date_put,12-date Asian put Example-4 interpretation,vasicek_mrjd_asian_put_12,"Asian put, 12 observations (Example 4)",1.0,0.08,t-Test CRN,0.16384999127063565,0.25420959019123374,1.007172135448744,1.0959318462001804,12,0.0881276473280207
H_12date_put,12-date Asian put Example-4 interpretation,vasicek_mrjd_asian_put_12,"Asian put, 12 observations (Example 4)",1.0,0.7,GradOne,0.9298413013039878,0.9067147592638363,1.0155623882367628,1.5351843933337093,12,0.5116593634381471
H_12date_put,12-date Asian put Example-4 interpretation,vasicek_mrjd_asian_put_12,"Asian put, 12 observations (Example 4)",1.0,0.7,GradTwo,0.9206194318463832,0.8825515888000187,1.0155623882367628,1.5351843933337093,12,0.5116593634381471
H_12date_put,12-date Asian put Example-4 interpretation,vasicek_mrjd_asian_put_12,"Asian put, 12 observations (Example 4)",1.0,0.7,t-Test CRN,0.9168278918707617,0.8803288214001722,1.0155623882367628,1.5351843933337093,12,0.5116593634381471
