variant,nominal_ratio,jump_rate,spot,strike,maturity,mean_reversion,long_run_mean,expected_jump_count,volatility,beta_positive_mean,beta_negative_mean,positive_probability,diffusion_market_price_of_risk,jump_mean,jump_absolute_mean,jump_second_moment,jump_variance,actual_axis_ratio,case,option,observations,p_price,q_price,relative_difference,expected_price_difference_upper_bound,relative_expected_difference_upper_bound
axis_fixed_signed_mean,0.2,0.01,40.0,35.0,1.0,0.24,0.63,0.01,5.16,0.0020000000000000018,2.0620000000000003,0.5,0.0,-1.0300000000000002,1.032,4.251848000000001,3.190948,0.2,vasicek_mrjd_vanilla_put,put,1,4.0146771806991906,4.015470514338287,0.0001976083264952452,0.018332222936698624,0.004566300629308857
axis_fixed_signed_mean,0.2,0.01,40.0,35.0,1.0,0.24,0.63,0.01,5.16,0.0020000000000000018,2.0620000000000003,0.5,0.0,-1.0300000000000002,1.032,4.251848000000001,3.190948,0.2,vasicek_mrjd_asian_call_4,call,4,1.084987017704755,1.0858123465571712,0.0007606808551149411,0.011801018393637754,0.010876644790278063
axis_fixed_signed_mean,0.2,0.01,40.0,35.0,1.0,0.24,0.63,0.01,5.16,0.0020000000000000018,2.0620000000000003,0.5,0.0,-1.0300000000000002,1.032,4.251848000000001,3.190948,0.2,vasicek_mrjd_asian_put_12,put,12,1.0161712143237824,1.0169711350876287,0.0007871909305939019,0.010293700927684439,0.01012988833238545
axis_fixed_signed_mean,0.2,0.01,40.0,35.0,1.0,0.24,0.63,0.01,5.16,0.0020000000000000018,2.0620000000000003,0.5,0.0,-1.0300000000000002,1.032,4.251848000000001,3.190948,0.2,vasicek_mrjd_asian_call_12,call,12,1.2992400152207455,1.3000399359845918,0.0006156835953904669,0.010293700927684439,0.007922863217798524
axis_fixed_signed_mean,0.25,0.01,40.0,35.0,1.0,0.24,0.63,0.01,5.16,0.26,2.3200000000000003,0.5,0.0,-1.0300000000000002,1.29,5.450000000000001,4.389100000000001,0.25,vasicek_mrjd_vanilla_put,put,1,4.0146771806991906,4.015659363651761,0.0002446480522249526,0.02062597343023317,0.0051376418331700036
axis_fixed_signed_mean,0.25,0.01,40.0,35.0,1.0,0.24,0.63,0.01,5.16,0.26,2.3200000000000003,0.5,0.0,-1.0300000000000002,1.29,5.450000000000001,4.389100000000001,0.25,vasicek_mrjd_asian_call_4,call,4,1.084987017704755,1.0860144456105294,0.0009469494924906676,0.013277576466168568,0.01223754408993458
axis_fixed_signed_mean,0.25,0.01,40.0,35.0,1.0,0.24,0.63,0.01,5.16,0.26,2.3200000000000003,0.5,0.0,-1.0300000000000002,1.29,5.450000000000001,4.389100000000001,0.25,vasicek_mrjd_asian_put_12,put,12,1.0161712143237824,1.0171699923611772,0.0009828836157885368,0.011581661567520803,0.011397352536922523
axis_fixed_signed_mean,0.25,0.01,40.0,35.0,1.0,0.24,0.63,0.01,5.16,0.26,2.3200000000000003,0.5,0.0,-1.0300000000000002,1.29,5.450000000000001,4.389100000000001,0.25,vasicek_mrjd_asian_call_12,call,12,1.2992400152207455,1.3002387932581403,0.0007687402063467784,0.011581661567520803,0.008914181699947902
axis_fixed_signed_mean,0.29,0.01,40.0,35.0,1.0,0.24,0.63,0.01,5.16,0.4663999999999999,2.5263999999999998,0.5,0.0,-1.0299999999999998,1.4964,6.600225919999999,5.53932592,0.29,vasicek_mrjd_vanilla_put,put,1,4.0146771806991906,4.01584455076269,0.0002907755744625605,0.02246097382506081,0.0055947147962589205
axis_fixed_signed_mean,0.29,0.01,40.0,35.0,1.0,0.24,0.63,0.01,5.16,0.4663999999999999,2.5263999999999998,0.5,0.0,-1.0299999999999998,1.4964,6.600225919999999,5.53932592,0.29,vasicek_mrjd_asian_call_4,call,4,1.084987017704755,1.0862073715658096,0.001124763560430693,0.014458822924193218,0.013326263529659791
axis_fixed_signed_mean,0.29,0.01,40.0,35.0,1.0,0.24,0.63,0.01,5.16,0.4663999999999999,2.5263999999999998,0.5,0.0,-1.0299999999999998,1.4964,6.600225919999999,5.53932592,0.29,vasicek_mrjd_asian_put_12,put,12,1.0161712143237824,1.017357847575103,0.00116774932668239,0.012612030079389894,0.012411323900552182
axis_fixed_signed_mean,0.29,0.01,40.0,35.0,1.0,0.24,0.63,0.01,5.16,0.4663999999999999,2.5263999999999998,0.5,0.0,-1.0299999999999998,1.4964,6.600225919999999,5.53932592,0.29,vasicek_mrjd_asian_call_12,call,12,1.2992400152207455,1.3004266484720661,0.0009133287440496592,0.012612030079389894,0.009707236485667403
axis_fixed_signed_mean,0.33,0.01,40.0,35.0,1.0,0.24,0.63,0.01,5.16,0.6728000000000001,2.7328,0.5,0.0,-1.03,1.7028,7.920855680000001,6.8599556800000006,0.33,vasicek_mrjd_vanilla_put,put,1,4.0146771806991906,4.016060918869032,0.0003446698470536544,0.024295974219888453,0.006051787759347838
axis_fixed_signed_mean,0.33,0.01,40.0,35.0,1.0,0.24,0.63,0.01,5.16,0.6728000000000001,2.7328,0.5,0.0,-1.03,1.7028,7.920855680000001,6.8599556800000006,0.33,vasicek_mrjd_asian_call_4,call,4,1.084987017704755,1.0864266968394432,0.001326909088491965,0.01564006938221787,0.014414982969385008
axis_fixed_signed_mean,0.33,0.01,40.0,35.0,1.0,0.24,0.63,0.01,5.16,0.6728000000000001,2.7328,0.5,0.0,-1.03,1.7028,7.920855680000001,6.8599556800000006,0.33,vasicek_mrjd_asian_put_12,put,12,1.0161712143237824,1.0175693613938603,0.0013758971424990718,0.013642398591258988,0.013425295264181842
axis_fixed_signed_mean,0.33,0.01,40.0,35.0,1.0,0.24,0.63,0.01,5.16,0.6728000000000001,2.7328,0.5,0.0,-1.03,1.7028,7.920855680000001,6.8599556800000006,0.33,vasicek_mrjd_asian_call_12,call,12,1.2992400152207455,1.3006381622908234,0.0010761268539287978,0.013642398591258988,0.010500291271386908
axis_fixed_signed_mean,0.4,0.01,40.0,35.0,1.0,0.24,0.63,0.01,5.16,1.034,3.0940000000000003,0.5,0.0,-1.0300000000000002,2.064,10.641992000000002,9.581092000000002,0.4,vasicek_mrjd_vanilla_put,put,1,4.0146771806991906,4.016515526893937,0.0004579063551074142,0.027507224910836826,0.006851665444753445
axis_fixed_signed_mean,0.4,0.01,40.0,35.0,1.0,0.24,0.63,0.01,5.16,1.034,3.0940000000000003,0.5,0.0,-1.0300000000000002,2.064,10.641992000000002,9.581092000000002,0.4,vasicek_mrjd_asian_call_4,call,4,1.084987017704755,1.0868691161189223,0.0017346736720858858,0.017707250683761014,0.016320241988904135
axis_fixed_signed_mean,0.4,0.01,40.0,35.0,1.0,0.24,0.63,0.01,5.16,1.034,3.0940000000000003,0.5,0.0,-1.0300000000000002,2.064,10.641992000000002,9.581092000000002,0.4,vasicek_mrjd_asian_put_12,put,12,1.0161712143237824,1.0179906063440545,0.0017904384562622776,0.0154455434870299,0.015199745150533746
axis_fixed_signed_mean,0.4,0.01,40.0,35.0,1.0,0.24,0.63,0.01,5.16,1.034,3.0940000000000003,0.5,0.0,-1.0300000000000002,2.064,10.641992000000002,9.581092000000002,0.4,vasicek_mrjd_asian_call_12,call,12,1.2992400152207455,1.3010594072410175,0.0014003509736135367,0.0154455434870299,0.01188813714639604
axis_fixed_signed_mean,0.5,0.01,40.0,35.0,1.0,0.24,0.63,0.01,5.16,1.55,3.6100000000000003,0.5,0.0,-1.0300000000000002,2.58,15.434600000000001,14.373700000000001,0.5,vasicek_mrjd_vanilla_put,put,1,4.0146771806991906,4.017329688069507,0.0006607025299739769,0.03209472589790593,0.007994347852475738
axis_fixed_signed_mean,0.5,0.01,40.0,35.0,1.0,0.24,0.63,0.01,5.16,1.55,3.6100000000000003,0.5,0.0,-1.0300000000000002,2.58,15.434600000000001,14.373700000000001,0.5,vasicek_mrjd_asian_call_4,call,4,1.084987017704755,1.0876139811594125,0.0024211934445214464,0.020660366828822645,0.019042040588217173
axis_fixed_signed_mean,0.5,0.01,40.0,35.0,1.0,0.24,0.63,0.01,5.16,1.55,3.6100000000000003,0.5,0.0,-1.0300000000000002,2.58,15.434600000000001,14.373700000000001,0.5,vasicek_mrjd_asian_put_12,put,12,1.0161712143237824,1.0186878544140945,0.0024765906127214637,0.018021464766702633,0.017734673559607898
axis_fixed_signed_mean,0.5,0.01,40.0,35.0,1.0,0.24,0.63,0.01,5.16,1.55,3.6100000000000003,0.5,0.0,-1.0300000000000002,2.58,15.434600000000001,14.373700000000001,0.5,vasicek_mrjd_asian_call_12,call,12,1.2992400152207455,1.3017566553110576,0.0019370093753496838,0.018021464766702633,0.0138707741106948
axis_fixed_signed_mean,0.67,0.01,40.0,35.0,1.0,0.24,0.63,0.01,5.16,2.4272,4.4872000000000005,0.5,0.0,-1.0300000000000002,3.4572000000000003,26.026263680000007,24.965363680000006,0.67,vasicek_mrjd_vanilla_put,put,1,4.0146771806991906,4.019118125164958,0.0011061772256852206,0.0398934775759234,0.009936907945603639
axis_fixed_signed_mean,0.67,0.01,40.0,35.0,1.0,0.24,0.63,0.01,5.16,2.4272,4.4872000000000005,0.5,0.0,-1.0300000000000002,3.4572000000000003,26.026263680000007,24.965363680000006,0.67,vasicek_mrjd_asian_call_4,call,4,1.084987017704755,1.0891190014594394,0.003808325525798021,0.02568066427542742,0.023669098207049336
axis_fixed_signed_mean,0.67,0.01,40.0,35.0,1.0,0.24,0.63,0.01,5.16,2.4272,4.4872000000000005,0.5,0.0,-1.0300000000000002,3.4572000000000003,26.026263680000007,24.965363680000006,0.67,vasicek_mrjd_asian_put_12,put,12,1.0161712143237824,1.0200687827936685,0.0038355430806803104,0.022400530942146273,0.022044051855033945
axis_fixed_signed_mean,0.67,0.01,40.0,35.0,1.0,0.24,0.63,0.01,5.16,2.4272,4.4872000000000005,0.5,0.0,-1.0300000000000002,3.4572000000000003,26.026263680000007,24.965363680000006,0.67,vasicek_mrjd_asian_call_12,call,12,1.2992400152207455,1.3031375836906316,0.002999883335046359,0.022400530942146273,0.017241256950002684
axis_fixed_signed_mean,1.0,0.01,40.0,35.0,1.0,0.24,0.63,0.01,5.16,4.13,6.19,0.5,0.0,-1.0300000000000002,5.16,55.373000000000005,54.3121,1.0,vasicek_mrjd_vanilla_put,put,1,4.0146771806991906,4.0237030614473825,0.0022482208013098726,0.055032230833251435,0.013707759891087207
axis_fixed_signed_mean,1.0,0.01,40.0,35.0,1.0,0.24,0.63,0.01,5.16,4.13,6.19,0.5,0.0,-1.0300000000000002,5.16,55.373000000000005,54.3121,1.0,vasicek_mrjd_asian_call_4,call,4,1.084987017704755,1.0926059130352375,0.007022107367330535,0.035425947554130796,0.03265103358478235
axis_fixed_signed_mean,1.0,0.01,40.0,35.0,1.0,0.24,0.63,0.01,5.16,4.13,6.19,0.5,0.0,-1.0300000000000002,5.16,55.373000000000005,54.3121,1.0,vasicek_mrjd_asian_put_12,put,12,1.0161712143237824,1.0232001439578216,0.0069170721773658605,0.030901071165066282,0.030409315604978632
axis_fixed_signed_mean,1.0,0.01,40.0,35.0,1.0,0.24,0.63,0.01,5.16,4.13,6.19,0.5,0.0,-1.0300000000000002,5.16,55.373000000000005,54.3121,1.0,vasicek_mrjd_asian_call_12,call,12,1.2992400152207455,1.3062689448547846,0.005410031673666452,0.030901071165066282,0.023783958932188584
axis_fixed_signed_mean,0.2,0.08,40.0,35.0,1.0,0.24,0.63,0.08,5.16,0.0020000000000000018,2.0620000000000003,0.5,0.0,-1.0300000000000002,1.032,4.251848000000001,3.190948,0.2,vasicek_mrjd_vanilla_put,put,1,4.0146771806991906,4.0210315778417725,0.001582791556225507,0.146657783493589,0.03653040503447086
axis_fixed_signed_mean,0.2,0.08,40.0,35.0,1.0,0.24,0.63,0.08,5.16,0.0020000000000000018,2.0620000000000003,0.5,0.0,-1.0300000000000002,1.032,4.251848000000001,3.190948,0.2,vasicek_mrjd_asian_call_4,call,4,1.084987017704755,1.0915858967605658,0.006081988952983575,0.09440814714910203,0.0870131583222245
axis_fixed_signed_mean,0.2,0.08,40.0,35.0,1.0,0.24,0.63,0.08,5.16,0.0020000000000000018,2.0620000000000003,0.5,0.0,-1.0300000000000002,1.032,4.251848000000001,3.190948,0.2,vasicek_mrjd_asian_put_12,put,12,1.0161712143237824,1.0225639466717797,0.006290999250801839,0.08234960742147551,0.0810391066590836
axis_fixed_signed_mean,0.2,0.08,40.0,35.0,1.0,0.24,0.63,0.08,5.16,0.0020000000000000018,2.0620000000000003,0.5,0.0,-1.0300000000000002,1.032,4.251848000000001,3.190948,0.2,vasicek_mrjd_asian_call_12,call,12,1.2992400152207455,1.3056327475687428,0.004920362883767217,0.08234960742147551,0.0633829057423882
axis_fixed_signed_mean,0.25,0.08,40.0,35.0,1.0,0.24,0.63,0.08,5.16,0.26,2.3200000000000003,0.5,0.0,-1.0300000000000002,1.29,5.450000000000001,4.389100000000001,0.25,vasicek_mrjd_vanilla_put,put,1,4.0146771806991906,4.022547544264664,0.001960397613863099,0.16500778744186537,0.04110113466536003
axis_fixed_signed_mean,0.25,0.08,40.0,35.0,1.0,0.24,0.63,0.08,5.16,0.26,2.3200000000000003,0.5,0.0,-1.0300000000000002,1.29,5.450000000000001,4.389100000000001,0.25,vasicek_mrjd_asian_call_4,call,4,1.084987017704755,1.0932018482008148,0.007571362939842358,0.10622061172934855,0.09790035271947664
axis_fixed_signed_mean,0.25,0.08,40.0,35.0,1.0,0.24,0.63,0.08,5.16,0.26,2.3200000000000003,0.5,0.0,-1.0300000000000002,1.29,5.450000000000001,4.389100000000001,0.25,vasicek_mrjd_asian_put_12,put,12,1.0161712143237824,1.0241523608447254,0.007854135610654997,0.09265329254016642,0.09117882029538019
axis_fixed_signed_mean,0.25,0.08,40.0,35.0,1.0,0.24,0.63,0.08,5.16,0.26,2.3200000000000003,0.5,0.0,-1.0300000000000002,1.29,5.450000000000001,4.389100000000001,0.25,vasicek_mrjd_asian_call_12,call,12,1.2992400152207455,1.3072211617416885,0.006142934659834138,0.09265329254016642,0.07131345359958322
axis_fixed_signed_mean,0.29,0.08,40.0,35.0,1.0,0.24,0.63,0.08,5.16,0.4663999999999999,2.5263999999999998,0.5,0.0,-1.0299999999999998,1.4964,6.600225919999999,5.53932592,0.29,vasicek_mrjd_vanilla_put,put,1,4.0146771806991906,4.024034430787451,0.002330760274635875,0.17968779060048648,0.044757718370071364
axis_fixed_signed_mean,0.29,0.08,40.0,35.0,1.0,0.24,0.63,0.08,5.16,0.4663999999999999,2.5263999999999998,0.5,0.0,-1.0299999999999998,1.4964,6.600225919999999,5.53932592,0.29,vasicek_mrjd_asian_call_4,call,4,1.084987017704755,1.0947439079594745,0.008992633179482547,0.11567058339354575,0.10661010823727833
axis_fixed_signed_mean,0.29,0.08,40.0,35.0,1.0,0.24,0.63,0.08,5.16,0.4663999999999999,2.5263999999999998,0.5,0.0,-1.0299999999999998,1.4964,6.600225919999999,5.53932592,0.29,vasicek_mrjd_asian_put_12,put,12,1.0161712143237824,1.0256522052594168,0.00933011169967411,0.10089624063511915,0.09929059120441745
axis_fixed_signed_mean,0.29,0.08,40.0,35.0,1.0,0.24,0.63,0.08,5.16,0.4663999999999999,2.5263999999999998,0.5,0.0,-1.0299999999999998,1.4964,6.600225919999999,5.53932592,0.29,vasicek_mrjd_asian_call_12,call,12,1.2992400152207455,1.3087210061563799,0.007297335999941101,0.10089624063511915,0.07765789188533923
axis_fixed_signed_mean,0.33,0.08,40.0,35.0,1.0,0.24,0.63,0.08,5.16,0.6728000000000001,2.7328,0.5,0.0,-1.03,1.7028,7.920855680000001,6.8599556800000006,0.33,vasicek_mrjd_vanilla_put,put,1,4.0146771806991906,4.0257717157940025,0.0027634936996054423,0.19436779375910762,0.04841430207478271
axis_fixed_signed_mean,0.33,0.08,40.0,35.0,1.0,0.24,0.63,0.08,5.16,0.6728000000000001,2.7328,0.5,0.0,-1.03,1.7028,7.920855680000001,6.8599556800000006,0.33,vasicek_mrjd_asian_call_4,call,4,1.084987017704755,1.096496215422317,0.010607682423619522,0.12512055505774297,0.11531986375508006
axis_fixed_signed_mean,0.33,0.08,40.0,35.0,1.0,0.24,0.63,0.08,5.16,0.6728000000000001,2.7328,0.5,0.0,-1.03,1.7028,7.920855680000001,6.8599556800000006,0.33,vasicek_mrjd_asian_put_12,put,12,1.0161712143237824,1.0273401001796452,0.010991145683353309,0.1091391887300719,0.10740236211345473
axis_fixed_signed_mean,0.33,0.08,40.0,35.0,1.0,0.24,0.63,0.08,5.16,0.6728000000000001,2.7328,0.5,0.0,-1.03,1.7028,7.920855680000001,6.8599556800000006,0.33,vasicek_mrjd_asian_call_12,call,12,1.2992400152207455,1.3104089010766082,0.008596476189940238,0.1091391887300719,0.08400233017109526
axis_fixed_signed_mean,0.4,0.08,40.0,35.0,1.0,0.24,0.63,0.08,5.16,1.034,3.0940000000000003,0.5,0.0,-1.0300000000000002,2.064,10.641992000000002,9.581092000000002,0.4,vasicek_mrjd_vanilla_put,put,1,4.0146771806991906,4.02942091140498,0.0036724573464264527,0.2200577992866946,0.05481332355802756
axis_fixed_signed_mean,0.4,0.08,40.0,35.0,1.0,0.24,0.63,0.08,5.16,1.034,3.0940000000000003,0.5,0.0,-1.0300000000000002,2.064,10.641992000000002,9.581092000000002,0.4,vasicek_mrjd_asian_call_4,call,4,1.084987017704755,1.1000283528808337,0.013863147605118883,0.1416580054700881,0.13056193591123308
axis_fixed_signed_mean,0.4,0.08,40.0,35.0,1.0,0.24,0.63,0.08,5.16,1.034,3.0940000000000003,0.5,0.0,-1.0300000000000002,2.064,10.641992000000002,9.581092000000002,0.4,vasicek_mrjd_asian_put_12,put,12,1.0161712143237824,1.0306991060870228,0.014296696814924044,0.1235643478962392,0.12159796120426997
axis_fixed_signed_mean,0.4,0.08,40.0,35.0,1.0,0.24,0.63,0.08,5.16,1.034,3.0940000000000003,0.5,0.0,-1.0300000000000002,2.064,10.641992000000002,9.581092000000002,0.4,vasicek_mrjd_asian_call_12,call,12,1.2992400152207455,1.3137679069839858,0.011181838300117302,0.1235643478962392,0.09510509717116832
axis_fixed_signed_mean,0.5,0.08,40.0,35.0,1.0,0.24,0.63,0.08,5.16,1.55,3.6100000000000003,0.5,0.0,-1.0300000000000002,2.58,15.434600000000001,14.373700000000001,0.5,vasicek_mrjd_vanilla_put,put,1,4.0146771806991906,4.035949932094589,0.005298745188696156,0.2567578071832474,0.0639547828198059
axis_fixed_signed_mean,0.5,0.08,40.0,35.0,1.0,0.24,0.63,0.08,5.16,1.55,3.6100000000000003,0.5,0.0,-1.0300000000000002,2.58,15.434600000000001,14.373700000000001,0.5,vasicek_mrjd_asian_call_4,call,4,1.084987017704755,1.1059678198672933,0.019337376226788786,0.16528293463058116,0.15233632470573738
axis_fixed_signed_mean,0.5,0.08,40.0,35.0,1.0,0.24,0.63,0.08,5.16,1.55,3.6100000000000003,0.5,0.0,-1.0300000000000002,2.58,15.434600000000001,14.373700000000001,0.5,vasicek_mrjd_asian_put_12,put,12,1.0161712143237824,1.0362524283106476,0.019761644203067003,0.14417171813362106,0.14187738847686318
axis_fixed_signed_mean,0.5,0.08,40.0,35.0,1.0,0.24,0.63,0.08,5.16,1.55,3.6100000000000003,0.5,0.0,-1.0300000000000002,2.58,15.434600000000001,14.373700000000001,0.5,vasicek_mrjd_asian_call_12,call,12,1.2992400152207455,1.3193212292076106,0.01545612338875913,0.14417171813362106,0.1109661928855584
axis_fixed_signed_mean,0.67,0.08,40.0,35.0,1.0,0.24,0.63,0.08,5.16,2.4272,4.4872000000000005,0.5,0.0,-1.0300000000000002,3.4572000000000003,26.026263680000007,24.965363680000006,0.67,vasicek_mrjd_vanilla_put,put,1,4.0146771806991906,4.050259326486419,0.00886301542706638,0.3191478206073872,0.07949526356482911
axis_fixed_signed_mean,0.67,0.08,40.0,35.0,1.0,0.24,0.63,0.08,5.16,2.4272,4.4872000000000005,0.5,0.0,-1.0300000000000002,3.4572000000000003,26.026263680000007,24.965363680000006,0.67,vasicek_mrjd_asian_call_4,call,4,1.084987017704755,1.117946485949236,0.030377753564467102,0.20544531420341935,0.18935278565639468
axis_fixed_signed_mean,0.67,0.08,40.0,35.0,1.0,0.24,0.63,0.08,5.16,2.4272,4.4872000000000005,0.5,0.0,-1.0300000000000002,3.4572000000000003,26.026263680000007,24.965363680000006,0.67,vasicek_mrjd_asian_put_12,put,12,1.0161712143237824,1.0472329479549554,0.030567421309846052,0.17920424753717018,0.17635241484027156
axis_fixed_signed_mean,0.67,0.08,40.0,35.0,1.0,0.24,0.63,0.08,5.16,2.4272,4.4872000000000005,0.5,0.0,-1.0300000000000002,3.4572000000000003,26.026263680000007,24.965363680000006,0.67,vasicek_mrjd_asian_call_12,call,12,1.2992400152207455,1.3303017488519184,0.023907617735969614,0.17920424753717018,0.13793005560002147
axis_fixed_signed_mean,1.0,0.08,40.0,35.0,1.0,0.24,0.63,0.08,5.16,4.13,6.19,0.5,0.0,-1.0300000000000002,5.16,55.373000000000005,54.3121,1.0,vasicek_mrjd_vanilla_put,put,1,4.0146771806991906,4.086790721079942,0.017962475470616142,0.4402578466660115,0.10966207912869766
axis_fixed_signed_mean,1.0,0.08,40.0,35.0,1.0,0.24,0.63,0.08,5.16,4.13,6.19,0.5,0.0,-1.0300000000000002,5.16,55.373000000000005,54.3121,1.0,vasicek_mrjd_asian_call_4,call,4,1.084987017704755,1.1456268967707033,0.05588995819897414,0.28340758043304637,0.2612082686782588
axis_fixed_signed_mean,1.0,0.08,40.0,35.0,1.0,0.24,0.63,0.08,5.16,4.13,6.19,0.5,0.0,-1.0300000000000002,5.16,55.373000000000005,54.3121,1.0,vasicek_mrjd_asian_put_12,put,12,1.0161712143237824,1.07207767176473,0.05501676947043898,0.24720856932053026,0.24327452483982906
axis_fixed_signed_mean,1.0,0.08,40.0,35.0,1.0,0.24,0.63,0.08,5.16,4.13,6.19,0.5,0.0,-1.0300000000000002,5.16,55.373000000000005,54.3121,1.0,vasicek_mrjd_asian_call_12,call,12,1.2992400152207455,1.355146472661693,0.04303012283026772,0.24720856932053026,0.19027167145750867
axis_fixed_signed_mean,0.2,0.7,40.0,35.0,1.0,0.24,0.63,0.7,5.16,0.0020000000000000018,2.0620000000000003,0.5,0.0,-1.0300000000000002,1.032,4.251848000000001,3.190948,0.2,vasicek_mrjd_vanilla_put,put,1,4.0146771806991906,4.070836207297264,0.013988428974578864,1.2832556055689033,0.3196410440516199
axis_fixed_signed_mean,0.2,0.7,40.0,35.0,1.0,0.24,0.63,0.7,5.16,0.0020000000000000018,2.0620000000000003,0.5,0.0,-1.0300000000000002,1.032,4.251848000000001,3.190948,0.2,vasicek_mrjd_asian_call_4,call,4,1.084987017704755,1.142417743990352,0.05293217831038145,0.8260712875546428,0.7613651353194644
axis_fixed_signed_mean,0.2,0.7,40.0,35.0,1.0,0.24,0.63,0.7,5.16,0.0020000000000000018,2.0620000000000003,0.5,0.0,-1.0300000000000002,1.032,4.251848000000001,3.190948,0.2,vasicek_mrjd_asian_put_12,put,12,1.0161712143237824,1.0715856456304085,0.0545325733749523,0.7205590649379107,0.7090921832669815
axis_fixed_signed_mean,0.2,0.7,40.0,35.0,1.0,0.24,0.63,0.7,5.16,0.0020000000000000018,2.0620000000000003,0.5,0.0,-1.0300000000000002,1.032,4.251848000000001,3.190948,0.2,vasicek_mrjd_asian_call_12,call,12,1.2992400152207455,1.3546544465273715,0.0426514197972966,0.7205590649379107,0.5546004252458966
axis_fixed_signed_mean,0.25,0.7,40.0,35.0,1.0,0.24,0.63,0.7,5.16,0.26,2.3200000000000003,0.5,0.0,-1.0300000000000002,1.29,5.450000000000001,4.389100000000001,0.25,vasicek_mrjd_vanilla_put,put,1,4.0146771806991906,4.084468399635929,0.017384017642131742,1.443818140116322,0.35963492832190025
axis_fixed_signed_mean,0.25,0.7,40.0,35.0,1.0,0.24,0.63,0.7,5.16,0.26,2.3200000000000003,0.5,0.0,-1.0300000000000002,1.29,5.450000000000001,4.389100000000001,0.25,vasicek_mrjd_asian_call_4,call,4,1.084987017704755,1.1564736634872315,0.06588709783247322,0.9294303526317998,0.8566280862954206
axis_fixed_signed_mean,0.25,0.7,40.0,35.0,1.0,0.24,0.63,0.7,5.16,0.26,2.3200000000000003,0.5,0.0,-1.0300000000000002,1.29,5.450000000000001,4.389100000000001,0.25,vasicek_mrjd_asian_put_12,put,12,1.0161712143237824,1.0852845350095606,0.06801346044009919,0.8107163097264563,0.7978146775845767
axis_fixed_signed_mean,0.25,0.7,40.0,35.0,1.0,0.24,0.63,0.7,5.16,0.26,2.3200000000000003,0.5,0.0,-1.0300000000000002,1.29,5.450000000000001,4.389100000000001,0.25,vasicek_mrjd_asian_call_12,call,12,1.2992400152207455,1.3683533359065236,0.05319519093940124,0.8107163097264563,0.6239927189963531
axis_fixed_signed_mean,0.29,0.7,40.0,35.0,1.0,0.24,0.63,0.7,5.16,0.4663999999999999,2.5263999999999998,0.5,0.0,-1.0299999999999998,1.4964,6.600225919999999,5.53932592,0.29,vasicek_mrjd_vanilla_put,put,1,4.0146771806991906,4.0978522182833155,0.0207177398930091,1.5722681677542565,0.3916300357381244
axis_fixed_signed_mean,0.29,0.7,40.0,35.0,1.0,0.24,0.63,0.7,5.16,0.4663999999999999,2.5263999999999998,0.5,0.0,-1.0299999999999998,1.4964,6.600225919999999,5.53932592,0.29,vasicek_mrjd_asian_call_4,call,4,1.084987017704755,1.1698408777931981,0.07820725843148614,1.0121176046935252,0.9328384470761854
axis_fixed_signed_mean,0.29,0.7,40.0,35.0,1.0,0.24,0.63,0.7,5.16,0.4663999999999999,2.5263999999999998,0.5,0.0,-1.0299999999999998,1.4964,6.600225919999999,5.53932592,0.29,vasicek_mrjd_asian_put_12,put,12,1.0161712143237824,1.098165195238341,0.08068913954536892,0.8828421055572925,0.8687926730386526
axis_fixed_signed_mean,0.29,0.7,40.0,35.0,1.0,0.24,0.63,0.7,5.16,0.4663999999999999,2.5263999999999998,0.5,0.0,-1.0299999999999998,1.4964,6.600225919999999,5.53932592,0.29,vasicek_mrjd_asian_call_12,call,12,1.2992400152207455,1.3812339961353042,0.06310918687385687,0.8828421055572925,0.6795065539967182
axis_fixed_signed_mean,0.33,0.7,40.0,35.0,1.0,0.24,0.63,0.7,5.16,0.6728000000000001,2.7328,0.5,0.0,-1.03,1.7028,7.920855680000001,6.8599556800000006,0.33,vasicek_mrjd_vanilla_put,put,1,4.0146771806991906,4.113479377719521,0.024610246994535068,1.7007181953921917,0.42362514315434874
axis_fixed_signed_mean,0.33,0.7,40.0,35.0,1.0,0.24,0.63,0.7,5.16,0.6728000000000001,2.7328,0.5,0.0,-1.03,1.7028,7.920855680000001,6.8599556800000006,0.33,vasicek_mrjd_asian_call_4,call,4,1.084987017704755,1.1849691389133763,0.09215052307273632,1.094804856755251,1.0090488078569506
axis_fixed_signed_mean,0.33,0.7,40.0,35.0,1.0,0.24,0.63,0.7,5.16,0.6728000000000001,2.7328,0.5,0.0,-1.03,1.7028,7.920855680000001,6.8599556800000006,0.33,vasicek_mrjd_asian_put_12,put,12,1.0161712143237824,1.1125963149319757,0.09489060430860562,0.954967901388129,0.9397706684927288
axis_fixed_signed_mean,0.33,0.7,40.0,35.0,1.0,0.24,0.63,0.7,5.16,0.6728000000000001,2.7328,0.5,0.0,-1.03,1.7028,7.920855680000001,6.8599556800000006,0.33,vasicek_mrjd_asian_call_12,call,12,1.2992400152207455,1.3956651158289388,0.07421654157704675,0.954967901388129,0.7350203889970834
axis_fixed_signed_mean,0.4,0.7,40.0,35.0,1.0,0.24,0.63,0.7,5.16,1.034,3.0940000000000003,0.5,0.0,-1.0300000000000002,2.064,10.641992000000002,9.581092000000002,0.4,vasicek_mrjd_vanilla_put,put,1,4.0146771806991906,4.146187677268388,0.03275742747173861,1.9255057437585776,0.4796165811327411
axis_fixed_signed_mean,0.4,0.7,40.0,35.0,1.0,0.24,0.63,0.7,5.16,1.034,3.0940000000000003,0.5,0.0,-1.0300000000000002,2.064,10.641992000000002,9.581092000000002,0.4,vasicek_mrjd_asian_call_4,call,4,1.084987017704755,1.2152628857529735,0.12007136115214702,1.2395075478632709,1.1424169392232892
axis_fixed_signed_mean,0.4,0.7,40.0,35.0,1.0,0.24,0.63,0.7,5.16,1.034,3.0940000000000003,0.5,0.0,-1.0300000000000002,2.064,10.641992000000002,9.581092000000002,0.4,vasicek_mrjd_asian_put_12,put,12,1.0161712143237824,1.1411245622500348,0.12296485687149024,1.081188044092093,1.063982160537362
axis_fixed_signed_mean,0.4,0.7,40.0,35.0,1.0,0.24,0.63,0.7,5.16,1.034,3.0940000000000003,0.5,0.0,-1.0300000000000002,2.064,10.641992000000002,9.581092000000002,0.4,vasicek_mrjd_asian_call_12,call,12,1.2992400152207455,1.4241933631469978,0.09617418372464638,1.081188044092093,0.8321696002477227
axis_fixed_signed_mean,0.5,0.7,40.0,35.0,1.0,0.24,0.63,0.7,5.16,1.55,3.6100000000000003,0.5,0.0,-1.0300000000000002,2.58,15.434600000000001,14.373700000000001,0.5,vasicek_mrjd_vanilla_put,put,1,4.0146771806991906,4.204137546752122,0.04719193039076067,2.246630812853415,0.5596043496733017
axis_fixed_signed_mean,0.5,0.7,40.0,35.0,1.0,0.24,0.63,0.7,5.16,1.55,3.6100000000000003,0.5,0.0,-1.0300000000000002,2.58,15.434600000000001,14.373700000000001,0.5,vasicek_mrjd_asian_call_4,call,4,1.084987017704755,1.2656616253946813,0.16652236823269648,1.446225678017585,1.3329428411752018
axis_fixed_signed_mean,0.5,0.7,40.0,35.0,1.0,0.24,0.63,0.7,5.16,1.55,3.6100000000000003,0.5,0.0,-1.0300000000000002,2.58,15.434600000000001,14.373700000000001,0.5,vasicek_mrjd_asian_put_12,put,12,1.0161712143237824,1.1878191411644041,0.1689163444320216,1.261502533669184,1.2414271491725526
axis_fixed_signed_mean,0.5,0.7,40.0,35.0,1.0,0.24,0.63,0.7,5.16,1.55,3.6100000000000003,0.5,0.0,-1.0300000000000002,2.58,15.434600000000001,14.373700000000001,0.5,vasicek_mrjd_asian_call_12,call,12,1.2992400152207455,1.4708879420613672,0.13211410118973135,1.261502533669184,0.9709541877486357
axis_fixed_signed_mean,0.67,0.7,40.0,35.0,1.0,0.24,0.63,0.7,5.16,2.4272,4.4872000000000005,0.5,0.0,-1.0300000000000002,3.4572000000000003,26.026263680000007,24.965363680000006,0.67,vasicek_mrjd_vanilla_put,put,1,4.0146771806991906,4.328589898420602,0.07819127257119607,2.792543430314638,0.6955835561922546
axis_fixed_signed_mean,0.67,0.7,40.0,35.0,1.0,0.24,0.63,0.7,5.16,2.4272,4.4872000000000005,0.5,0.0,-1.0300000000000002,3.4572000000000003,26.026263680000007,24.965363680000006,0.67,vasicek_mrjd_asian_call_4,call,4,1.084987017704755,1.365738484058806,0.2587602079773906,1.797646499279919,1.6568368744934532
axis_fixed_signed_mean,0.67,0.7,40.0,35.0,1.0,0.24,0.63,0.7,5.16,2.4272,4.4872000000000005,0.5,0.0,-1.0300000000000002,3.4572000000000003,26.026263680000007,24.965363680000006,0.67,vasicek_mrjd_asian_put_12,put,12,1.0161712143237824,1.2788991579954991,0.25854692591991074,1.568037165950239,1.543083629852376
axis_fixed_signed_mean,0.67,0.7,40.0,35.0,1.0,0.24,0.63,0.7,5.16,2.4272,4.4872000000000005,0.5,0.0,-1.0300000000000002,3.4572000000000003,26.026263680000007,24.965363680000006,0.67,vasicek_mrjd_asian_call_12,call,12,1.2992400152207455,1.5619679588924622,0.2022166347971343,1.568037165950239,1.2068879865001878
axis_fixed_signed_mean,1.0,0.7,40.0,35.0,1.0,0.24,0.63,0.7,5.16,4.13,6.19,0.5,0.0,-1.0300000000000002,5.16,55.373000000000005,54.3121,1.0,vasicek_mrjd_vanilla_put,put,1,4.0146771806991906,4.635570888701359,0.15465594867431773,3.8522561583276005,0.9595431923761045
axis_fixed_signed_mean,1.0,0.7,40.0,35.0,1.0,0.24,0.63,0.7,5.16,4.13,6.19,0.5,0.0,-1.0300000000000002,5.16,55.373000000000005,54.3121,1.0,vasicek_mrjd_asian_call_4,call,4,1.084987017704755,1.5921542312603194,0.46744081291263345,2.4798163287891555,2.2855723509347645
axis_fixed_signed_mean,1.0,0.7,40.0,35.0,1.0,0.24,0.63,0.7,5.16,4.13,6.19,0.5,0.0,-1.0300000000000002,5.16,55.373000000000005,54.3121,1.0,vasicek_mrjd_asian_put_12,put,12,1.0161712143237824,1.4813787792478594,0.4578043132560612,2.1630749815546397,2.128652092348504
axis_fixed_signed_mean,1.0,0.7,40.0,35.0,1.0,0.24,0.63,0.7,5.16,4.13,6.19,0.5,0.0,-1.0300000000000002,5.16,55.373000000000005,54.3121,1.0,vasicek_mrjd_asian_call_12,call,12,1.2992400152207455,1.7644475801448225,0.3580612969690874,2.1630749815546397,1.6648771252532009
axis_fixed_asymmetry,0.2,0.01,40.0,35.0,1.0,0.24,0.63,0.01,5.16,0.7963104212860311,1.267689578713969,0.5,0.0,-0.23568957871396895,1.032,2.2411471550287367,2.185597577514369,0.2,vasicek_mrjd_vanilla_put,put,1,4.0146771806991906,4.0152018119054596,0.0001306783042958464,0.011270401538076642,0.002807299573739028
axis_fixed_asymmetry,0.2,0.01,40.0,35.0,1.0,0.24,0.63,0.01,5.16,0.7963104212860311,1.267689578713969,0.5,0.0,-0.23568957871396895,1.032,2.2411471550287367,2.185597577514369,0.2,vasicek_mrjd_asian_call_4,call,4,1.084987017704755,1.0854805242308463,0.000454850166903713,0.007255105739974027,0.0066868134102856846
axis_fixed_asymmetry,0.2,0.01,40.0,35.0,1.0,0.24,0.63,0.01,5.16,0.7963104212860311,1.267689578713969,0.5,0.0,-0.23568957871396895,1.032,2.2411471550287367,2.185597577514369,0.2,vasicek_mrjd_asian_put_12,put,12,1.0161712143237824,1.0166283483540894,0.00044985925980122116,0.006328427445404402,0.006227717687924956
axis_fixed_asymmetry,0.2,0.01,40.0,35.0,1.0,0.24,0.63,0.01,5.16,0.7963104212860311,1.267689578713969,0.5,0.0,-0.23568957871396895,1.032,2.2411471550287367,2.185597577514369,0.2,vasicek_mrjd_asian_call_12,call,12,1.2992400152207455,1.2996971492510525,0.0003518472529722202,0.006328427445404402,0.004870868639563245
axis_fixed_asymmetry,0.25,0.01,40.0,35.0,1.0,0.24,0.63,0.01,5.16,0.9953880266075389,1.5846119733924615,0.5,0.0,-0.2946119733924613,1.2900000000000003,3.5017924297324017,3.414996214866201,0.25000000000000006,vasicek_mrjd_vanilla_put,put,1,4.0146771806991906,4.0154734837881625,0.0001983479749754764,0.014088001922595803,0.0035091244671737855
axis_fixed_asymmetry,0.25,0.01,40.0,35.0,1.0,0.24,0.63,0.01,5.16,0.9953880266075389,1.5846119733924615,0.5,0.0,-0.2946119733924613,1.2900000000000003,3.5017924297324017,3.414996214866201,0.25000000000000006,vasicek_mrjd_asian_call_4,call,4,1.084987017704755,1.085735168389614,0.0006895480523275638,0.009068882174967534,0.008358516762857105
axis_fixed_asymmetry,0.25,0.01,40.0,35.0,1.0,0.24,0.63,0.01,5.16,0.9953880266075389,1.5846119733924615,0.5,0.0,-0.2946119733924613,1.2900000000000003,3.5017924297324017,3.414996214866201,0.25000000000000006,vasicek_mrjd_asian_put_12,put,12,1.0161712143237824,1.0168659719130426,0.0006837013088611424,0.007910534306755503,0.0077846471099061966
axis_fixed_asymmetry,0.25,0.01,40.0,35.0,1.0,0.24,0.63,0.01,5.16,0.9953880266075389,1.5846119733924615,0.5,0.0,-0.2946119733924613,1.2900000000000003,3.5017924297324017,3.414996214866201,0.25000000000000006,vasicek_mrjd_asian_call_12,call,12,1.2992400152207455,1.2999347728100057,0.0005347415266779208,0.007910534306755503,0.006088585799454056
axis_fixed_asymmetry,0.29,0.01,40.0,35.0,1.0,0.24,0.63,0.01,5.16,1.154650110864745,1.838149889135255,0.5,0.0,-0.34174988913525506,1.4964,4.712011893447918,4.595218906723959,0.29,vasicek_mrjd_vanilla_put,put,1,4.0146771806991906,4.015724534014634,0.0002608810791758258,0.01634208223021113,0.004070584381921591
axis_fixed_asymmetry,0.29,0.01,40.0,35.0,1.0,0.24,0.63,0.01,5.16,1.154650110864745,1.838149889135255,0.5,0.0,-0.34174988913525506,1.4964,4.712011893447918,4.595218906723959,0.29,vasicek_mrjd_asian_call_4,call,4,1.084987017704755,1.0859685882280867,0.0009046841181641797,0.010519903322962338,0.009695879444914242
axis_fixed_asymmetry,0.29,0.01,40.0,35.0,1.0,0.24,0.63,0.01,5.16,1.154650110864745,1.838149889135255,0.5,0.0,-0.34174988913525506,1.4964,4.712011893447918,4.595218906723959,0.29,vasicek_mrjd_asian_put_12,put,12,1.0161712143237824,1.0170839963856184,0.0008982561688124557,0.009176219795836382,0.009030190647491186
axis_fixed_asymmetry,0.29,0.01,40.0,35.0,1.0,0.24,0.63,0.01,5.16,1.154650110864745,1.838149889135255,0.5,0.0,-0.34174988913525506,1.4964,4.712011893447918,4.595218906723959,0.29,vasicek_mrjd_asian_call_12,call,12,1.2992400152207455,1.3001527972825815,0.000702550761324032,0.009176219795836382,0.007062759527366704
axis_fixed_asymmetry,0.33,0.01,40.0,35.0,1.0,0.24,0.63,0.01,5.16,1.3139121951219515,2.091687804878049,0.5,0.0,-0.38888780487804875,1.7028000000000003,6.101523129565736,5.950289404782869,0.33000000000000007,vasicek_mrjd_vanilla_put,put,1,4.0146771806991906,4.016003375799119,0.00033033667222475137,0.018596162537826456,0.004632044296669396
axis_fixed_asymmetry,0.33,0.01,40.0,35.0,1.0,0.24,0.63,0.01,5.16,1.3139121951219515,2.091687804878049,0.5,0.0,-0.38888780487804875,1.7028000000000003,6.101523129565736,5.950289404782869,0.33000000000000007,vasicek_mrjd_asian_call_4,call,4,1.084987017704755,1.0862256071666625,0.0011415707669274833,0.011970924470957144,0.01103324212697138
axis_fixed_asymmetry,0.33,0.01,40.0,35.0,1.0,0.24,0.63,0.01,5.16,1.3139121951219515,2.091687804878049,0.5,0.0,-0.38888780487804875,1.7028000000000003,6.101523129565736,5.950289404782869,0.33000000000000007,vasicek_mrjd_asian_put_12,put,12,1.0161712143237824,1.0173241082683335,0.0011345469427790206,0.010441905284917263,0.010275734185076178
axis_fixed_asymmetry,0.33,0.01,40.0,35.0,1.0,0.24,0.63,0.01,5.16,1.3139121951219515,2.091687804878049,0.5,0.0,-0.38888780487804875,1.7028000000000003,6.101523129565736,5.950289404782869,0.33000000000000007,vasicek_mrjd_asian_call_12,call,12,1.2992400152207455,1.3003929091652966,0.0008873602498728546,0.010441905284917263,0.008036933255279353
axis_fixed_asymmetry,0.4,0.01,40.0,35.0,1.0,0.24,0.63,0.01,5.16,1.5926208425720623,2.535379157427938,0.5,0.0,-0.4713791574279379,2.064,8.964588620114947,8.742390310057475,0.4,vasicek_mrjd_vanilla_put,put,1,4.0146771806991906,4.016552853153099,0.0004672038048105186,0.022540803076153283,0.005614599147478056
axis_fixed_asymmetry,0.4,0.01,40.0,35.0,1.0,0.24,0.63,0.01,5.16,1.5926208425720623,2.535379157427938,0.5,0.0,-0.4713791574279379,2.064,8.964588620114947,8.742390310057475,0.4,vasicek_mrjd_asian_call_4,call,4,1.084987017704755,1.0867254039653491,0.0016022184894632912,0.014510211479948054,0.013373626820571369
axis_fixed_asymmetry,0.4,0.01,40.0,35.0,1.0,0.24,0.63,0.01,5.16,1.5926208425720623,2.535379157427938,0.5,0.0,-0.4713791574279379,2.064,8.964588620114947,8.742390310057475,0.4,vasicek_mrjd_asian_put_12,put,12,1.0161712143237824,1.017790833397611,0.0015938446700699406,0.012656854890808804,0.012455435375849913
axis_fixed_asymmetry,0.4,0.01,40.0,35.0,1.0,0.24,0.63,0.01,5.16,1.5926208425720623,2.535379157427938,0.5,0.0,-0.4713791574279379,2.064,8.964588620114947,8.742390310057475,0.4,vasicek_mrjd_asian_call_12,call,12,1.2992400152207455,1.300859634294574,0.0012465895868772798,0.012656854890808804,0.00974173727912649
axis_fixed_asymmetry,0.5,0.01,40.0,35.0,1.0,0.24,0.63,0.01,5.16,1.9907760532150778,3.169223946784923,0.5,0.0,-0.5892239467849226,2.5800000000000005,14.007169718929607,13.659984859464805,0.5000000000000001,vasicek_mrjd_vanilla_put,put,1,4.0146771806991906,4.017459065146541,0.0006929285524436921,0.028176003845191606,0.007018248934347571
axis_fixed_asymmetry,0.5,0.01,40.0,35.0,1.0,0.24,0.63,0.01,5.16,1.9907760532150778,3.169223946784923,0.5,0.0,-0.5892239467849226,2.5800000000000005,14.007169718929607,13.659984859464805,0.5000000000000001,vasicek_mrjd_asian_call_4,call,4,1.084987017704755,1.0875324119360323,0.0023460135372514374,0.018137764349935068,0.01671703352571421
axis_fixed_asymmetry,0.5,0.01,40.0,35.0,1.0,0.24,0.63,0.01,5.16,1.9907760532150778,3.169223946784923,0.5,0.0,-0.5892239467849226,2.5800000000000005,14.007169718929607,13.659984859464805,0.5000000000000001,vasicek_mrjd_asian_put_12,put,12,1.0161712143237824,1.0185433527705228,0.002334388549196298,0.015821068613511007,0.015569294219812393
axis_fixed_asymmetry,0.5,0.01,40.0,35.0,1.0,0.24,0.63,0.01,5.16,1.9907760532150778,3.169223946784923,0.5,0.0,-0.5892239467849226,2.5800000000000005,14.007169718929607,13.659984859464805,0.5000000000000001,vasicek_mrjd_asian_call_12,call,12,1.2992400152207455,1.3016121536674858,0.001825789245212941,0.015821068613511007,0.012177171598908113
axis_fixed_asymmetry,0.67,0.01,40.0,35.0,1.0,0.24,0.63,0.01,5.16,2.6676399113082043,4.246760088691797,0.5,0.0,-0.7895600886917964,3.4572000000000007,25.151273947310003,24.527868813655004,0.6700000000000002,vasicek_mrjd_vanilla_put,put,1,4.0146771806991906,4.019273868802664,0.0011449707900729846,0.037755845152556755,0.009404453572025746
axis_fixed_asymmetry,0.67,0.01,40.0,35.0,1.0,0.24,0.63,0.01,5.16,2.6676399113082043,4.246760088691797,0.5,0.0,-0.7895600886917964,3.4572000000000007,25.151273947310003,24.527868813655004,0.6700000000000002,vasicek_mrjd_asian_call_4,call,4,1.084987017704755,1.0890978790494255,0.003788857633860811,0.024304604228912993,0.022400824924457045
axis_fixed_asymmetry,0.67,0.01,40.0,35.0,1.0,0.24,0.63,0.01,5.16,2.6676399113082043,4.246760088691797,0.5,0.0,-0.7895600886917964,3.4572000000000007,25.151273947310003,24.527868813655004,0.6700000000000002,vasicek_mrjd_asian_put_12,put,12,1.0161712143237824,1.0199986723559895,0.0037665483712349423,0.021200231942104752,0.02086285425454861
axis_fixed_asymmetry,0.67,0.01,40.0,35.0,1.0,0.24,0.63,0.01,5.16,2.6676399113082043,4.246760088691797,0.5,0.0,-0.7895600886917964,3.4572000000000007,25.151273947310003,24.527868813655004,0.6700000000000002,vasicek_mrjd_asian_call_12,call,12,1.2992400152207455,1.3030674732529526,0.002945920682374286,0.021200231942104752,0.016317409942536873
axis_fixed_asymmetry,1.0,0.01,40.0,35.0,1.0,0.24,0.63,0.01,5.16,3.9815521064301556,6.338447893569846,0.5,0.0,-1.1784478935698453,5.160000000000001,56.02867887571843,54.63993943785922,1.0000000000000002,vasicek_mrjd_vanilla_put,put,1,4.0146771806991906,4.023530356461459,0.0022052024020337833,0.05635200769038321,0.014036497868695142
axis_fixed_asymmetry,1.0,0.01,40.0,35.0,1.0,0.24,0.63,0.01,5.16,3.9815521064301556,6.338447893569846,0.5,0.0,-1.1784478935698453,5.160000000000001,56.02867887571843,54.63993943785922,1.0000000000000002,vasicek_mrjd_asian_call_4,call,4,1.084987017704755,1.0926010935412622,0.007017665384250005,0.036275528699870135,0.03343406705142842
axis_fixed_asymmetry,1.0,0.01,40.0,35.0,1.0,0.24,0.63,0.01,5.16,3.9815521064301556,6.338447893569846,0.5,0.0,-1.1784478935698453,5.160000000000001,56.02867887571843,54.63993943785922,1.0000000000000002,vasicek_mrjd_asian_put_12,put,12,1.0161712143237824,1.0232377167265523,0.006954047018023725,0.03164213722702201,0.031138588439624786
axis_fixed_asymmetry,1.0,0.01,40.0,35.0,1.0,0.24,0.63,0.01,5.16,3.9815521064301556,6.338447893569846,0.5,0.0,-1.1784478935698453,5.160000000000001,56.02867887571843,54.63993943785922,1.0000000000000002,vasicek_mrjd_asian_call_12,call,12,1.2992400152207455,1.3063065176235154,0.005438950709634066,0.03164213722702201,0.024354343197816226
axis_fixed_asymmetry,0.2,0.08,40.0,35.0,1.0,0.24,0.63,0.08,5.16,0.7963104212860311,1.267689578713969,0.5,0.0,-0.23568957871396895,1.032,2.2411471550287367,2.185597577514369,0.2,vasicek_mrjd_vanilla_put,put,1,4.0146771806991906,4.018873509542248,0.001045246891389227,0.09016321230461313,0.022458396589912225
axis_fixed_asymmetry,0.2,0.08,40.0,35.0,1.0,0.24,0.63,0.08,5.16,0.7963104212860311,1.267689578713969,0.5,0.0,-0.23568957871396895,1.032,2.2411471550287367,2.185597577514369,0.2,vasicek_mrjd_asian_call_4,call,4,1.084987017704755,1.0889312305464622,0.00363526270577056,0.058040845919792215,0.053494507282285476
axis_fixed_asymmetry,0.2,0.08,40.0,35.0,1.0,0.24,0.63,0.08,5.16,0.7963104212860311,1.267689578713969,0.5,0.0,-0.23568957871396895,1.032,2.2411471550287367,2.185597577514369,0.2,vasicek_mrjd_asian_put_12,put,12,1.0161712143237824,1.019824280048393,0.003594931319759441,0.050627419563235215,0.04982174150339965
axis_fixed_asymmetry,0.2,0.08,40.0,35.0,1.0,0.24,0.63,0.08,5.16,0.7963104212860311,1.267689578713969,0.5,0.0,-0.23568957871396895,1.032,2.2411471550287367,2.185597577514369,0.2,vasicek_mrjd_asian_call_12,call,12,1.2992400152207455,1.302893080945356,0.0028116942842080495,0.050627419563235215,0.03896694911650596
axis_fixed_asymmetry,0.25,0.08,40.0,35.0,1.0,0.24,0.63,0.08,5.16,0.9953880266075389,1.5846119733924615,0.5,0.0,-0.2946119733924613,1.2900000000000003,3.5017924297324017,3.414996214866201,0.25000000000000006,vasicek_mrjd_vanilla_put,put,1,4.0146771806991906,4.021046464093146,0.0015864995134792978,0.11270401538076642,0.028072995737390284
axis_fixed_asymmetry,0.25,0.08,40.0,35.0,1.0,0.24,0.63,0.08,5.16,0.9953880266075389,1.5846119733924615,0.5,0.0,-0.2946119733924613,1.2900000000000003,3.5017924297324017,3.414996214866201,0.25000000000000006,vasicek_mrjd_asian_call_4,call,4,1.084987017704755,1.0909642625005422,0.005509047295728876,0.07255105739974027,0.06686813410285684
axis_fixed_asymmetry,0.25,0.08,40.0,35.0,1.0,0.24,0.63,0.08,5.16,0.9953880266075389,1.5846119733924615,0.5,0.0,-0.2946119733924613,1.2900000000000003,3.5017924297324017,3.414996214866201,0.25000000000000006,vasicek_mrjd_asian_put_12,put,12,1.0161712143237824,1.0217208548656642,0.005461324296196313,0.06328427445404403,0.06227717687924957
axis_fixed_asymmetry,0.25,0.08,40.0,35.0,1.0,0.24,0.63,0.08,5.16,0.9953880266075389,1.5846119733924615,0.5,0.0,-0.2946119733924613,1.2900000000000003,3.5017924297324017,3.414996214866201,0.25000000000000006,vasicek_mrjd_asian_call_12,call,12,1.2992400152207455,1.3047896557626273,0.004271451369159747,0.06328427445404403,0.04870868639563245
axis_fixed_asymmetry,0.29,0.08,40.0,35.0,1.0,0.24,0.63,0.08,5.16,1.154650110864745,1.838149889135255,0.5,0.0,-0.34174988913525506,1.4964,4.712011893447918,4.595218906723959,0.29,vasicek_mrjd_vanilla_put,put,1,4.0146771806991906,4.0230545514342495,0.0020866860168318596,0.13073665784168903,0.03256467505537273
axis_fixed_asymmetry,0.29,0.08,40.0,35.0,1.0,0.24,0.63,0.08,5.16,1.154650110864745,1.838149889135255,0.5,0.0,-0.34174988913525506,1.4964,4.712011893447918,4.595218906723959,0.29,vasicek_mrjd_asian_call_4,call,4,1.084987017704755,1.0928269326158688,0.007225814487346517,0.0841592265836987,0.07756703555931393
axis_fixed_asymmetry,0.29,0.08,40.0,35.0,1.0,0.24,0.63,0.08,5.16,1.154650110864745,1.838149889135255,0.5,0.0,-0.34174988913525506,1.4964,4.712011893447918,4.595218906723959,0.29,vasicek_mrjd_asian_put_12,put,12,1.0161712143237824,1.0234599862930704,0.007172779416053789,0.07340975836669106,0.07224152517992949
axis_fixed_asymmetry,0.29,0.08,40.0,35.0,1.0,0.24,0.63,0.08,5.16,1.154650110864745,1.838149889135255,0.5,0.0,-0.34174988913525506,1.4964,4.712011893447918,4.595218906723959,0.29,vasicek_mrjd_asian_call_12,call,12,1.2992400152207455,1.3065287871900335,0.005610027311273677,0.07340975836669106,0.05650207621893363
axis_fixed_asymmetry,0.33,0.08,40.0,35.0,1.0,0.24,0.63,0.08,5.16,1.3139121951219515,2.091687804878049,0.5,0.0,-0.38888780487804875,1.7028000000000003,6.101523129565736,5.950289404782869,0.33000000000000007,vasicek_mrjd_vanilla_put,put,1,4.0146771806991906,4.025285019052754,0.0026422643405954417,0.14876930030261165,0.037056354373355166
axis_fixed_asymmetry,0.33,0.08,40.0,35.0,1.0,0.24,0.63,0.08,5.16,1.3139121951219515,2.091687804878049,0.5,0.0,-0.38888780487804875,1.7028000000000003,6.101523129565736,5.950289404782869,0.33000000000000007,vasicek_mrjd_asian_call_4,call,4,1.084987017704755,1.0948770874009583,0.009115380677204288,0.09576739576765715,0.08826593701577104
axis_fixed_asymmetry,0.33,0.08,40.0,35.0,1.0,0.24,0.63,0.08,5.16,1.3139121951219515,2.091687804878049,0.5,0.0,-0.38888780487804875,1.7028000000000003,6.101523129565736,5.950289404782869,0.33000000000000007,vasicek_mrjd_asian_put_12,put,12,1.0161712143237824,1.0253743706469378,0.009056698510476583,0.0835352422793381,0.08220587348060943
axis_fixed_asymmetry,0.33,0.08,40.0,35.0,1.0,0.24,0.63,0.08,5.16,1.3139121951219515,2.091687804878049,0.5,0.0,-0.38888780487804875,1.7028000000000003,6.101523129565736,5.950289404782869,0.33000000000000007,vasicek_mrjd_asian_call_12,call,12,1.2992400152207455,1.3084431715439009,0.007083492053307589,0.0835352422793381,0.06429546604223482
axis_fixed_asymmetry,0.4,0.08,40.0,35.0,1.0,0.24,0.63,0.08,5.16,1.5926208425720623,2.535379157427938,0.5,0.0,-0.4713791574279379,2.064,8.964588620114947,8.742390310057475,0.4,vasicek_mrjd_vanilla_put,put,1,4.0146771806991906,4.029680495712441,0.0037371161709787324,0.18032642460922627,0.04491679317982445
axis_fixed_asymmetry,0.4,0.08,40.0,35.0,1.0,0.24,0.63,0.08,5.16,1.5926208425720623,2.535379157427938,0.5,0.0,-0.4713791574279379,2.064,8.964588620114947,8.742390310057475,0.4,vasicek_mrjd_asian_call_4,call,4,1.084987017704755,1.0988617667188487,0.012787940120652557,0.11608169183958443,0.10698901456457095
axis_fixed_asymmetry,0.4,0.08,40.0,35.0,1.0,0.24,0.63,0.08,5.16,1.5926208425720623,2.535379157427938,0.5,0.0,-0.4713791574279379,2.064,8.964588620114947,8.742390310057475,0.4,vasicek_mrjd_asian_put_12,put,12,1.0161712143237824,1.0290932366439667,0.012716382965820663,0.10125483912647043,0.0996434830067993
axis_fixed_asymmetry,0.4,0.08,40.0,35.0,1.0,0.24,0.63,0.08,5.16,1.5926208425720623,2.535379157427938,0.5,0.0,-0.4713791574279379,2.064,8.964588620114947,8.742390310057475,0.4,vasicek_mrjd_asian_call_12,call,12,1.2992400152207455,1.3121620375409297,0.009945831539054581,0.10125483912647043,0.07793389823301192
axis_fixed_asymmetry,0.5,0.08,40.0,35.0,1.0,0.24,0.63,0.08,5.16,1.9907760532150778,3.169223946784923,0.5,0.0,-0.5892239467849226,2.5800000000000005,14.007169718929607,13.659984859464805,0.5000000000000001,vasicek_mrjd_vanilla_put,put,1,4.0146771806991906,4.036929793971497,0.0055428150933996565,0.22540803076153285,0.05614599147478057
axis_fixed_asymmetry,0.5,0.08,40.0,35.0,1.0,0.24,0.63,0.08,5.16,1.9907760532150778,3.169223946784923,0.5,0.0,-0.5892239467849226,2.5800000000000005,14.007169718929607,13.659984859464805,0.5000000000000001,vasicek_mrjd_asian_call_4,call,4,1.084987017704755,1.105291391249482,0.0187139322530145,0.14510211479948054,0.1337362682057137
axis_fixed_asymmetry,0.5,0.08,40.0,35.0,1.0,0.24,0.63,0.08,5.16,1.9907760532150778,3.169223946784923,0.5,0.0,-0.5892239467849226,2.5800000000000005,14.007169718929607,13.659984859464805,0.5000000000000001,vasicek_mrjd_asian_put_12,put,12,1.0161712143237824,1.0350844637084928,0.01861226643513646,0.12656854890808805,0.12455435375849915
axis_fixed_asymmetry,0.5,0.08,40.0,35.0,1.0,0.24,0.63,0.08,5.16,1.9907760532150778,3.169223946784923,0.5,0.0,-0.5892239467849226,2.5800000000000005,14.007169718929607,13.659984859464805,0.5000000000000001,vasicek_mrjd_asian_call_12,call,12,1.2992400152207455,1.318153264605456,0.0145571635441793,0.12656854890808805,0.0974173727912649
axis_fixed_asymmetry,0.67,0.08,40.0,35.0,1.0,0.24,0.63,0.08,5.16,2.6676399113082043,4.246760088691797,0.5,0.0,-0.7895600886917964,3.4572000000000007,25.151273947310003,24.527868813655004,0.6700000000000002,vasicek_mrjd_vanilla_put,put,1,4.0146771806991906,4.051446382372619,0.009158694464949484,0.30204676122045404,0.07523562857620597
axis_fixed_asymmetry,0.67,0.08,40.0,35.0,1.0,0.24,0.63,0.08,5.16,2.6676399113082043,4.246760088691797,0.5,0.0,-0.7895600886917964,3.4572000000000007,25.151273947310003,24.527868813655004,0.6700000000000002,vasicek_mrjd_asian_call_4,call,4,1.084987017704755,1.1177536245240562,0.030199998971985605,0.19443683383130395,0.17920659939565636
axis_fixed_asymmetry,0.67,0.08,40.0,35.0,1.0,0.24,0.63,0.08,5.16,2.6676399113082043,4.246760088691797,0.5,0.0,-0.7895600886917964,3.4572000000000007,25.151273947310003,24.527868813655004,0.6700000000000002,vasicek_mrjd_asian_put_12,put,12,1.0161712143237824,1.0466596388201204,0.030003235740767017,0.16960185553683801,0.1669028340363889
axis_fixed_asymmetry,0.67,0.08,40.0,35.0,1.0,0.24,0.63,0.08,5.16,2.6676399113082043,4.246760088691797,0.5,0.0,-0.7895600886917964,3.4572000000000007,25.151273947310003,24.527868813655004,0.6700000000000002,vasicek_mrjd_asian_call_12,call,12,1.2992400152207455,1.3297284397170834,0.023466352744036936,0.16960185553683801,0.13053927954029498
axis_fixed_asymmetry,1.0,0.08,40.0,35.0,1.0,0.24,0.63,0.08,5.16,3.9815521064301556,6.338447893569846,0.5,0.0,-1.1784478935698453,5.160000000000001,56.02867887571843,54.63993943785922,1.0000000000000002,vasicek_mrjd_vanilla_put,put,1,4.0146771806991906,4.085483521111367,0.01763687022024652,0.4508160615230657,0.11229198294956114
axis_fixed_asymmetry,1.0,0.08,40.0,35.0,1.0,0.24,0.63,0.08,5.16,3.9815521064301556,6.338447893569846,0.5,0.0,-1.1784478935698453,5.160000000000001,56.02867887571843,54.63993943785922,1.0000000000000002,vasicek_mrjd_asian_call_4,call,4,1.084987017704755,1.1456159551567253,0.055879873641463844,0.2902042295989611,0.2674725364114274
axis_fixed_asymmetry,1.0,0.08,40.0,35.0,1.0,0.24,0.63,0.08,5.16,3.9815521064301556,6.338447893569846,0.5,0.0,-1.1784478935698453,5.160000000000001,56.02867887571843,54.63993943785922,1.0000000000000002,vasicek_mrjd_asian_put_12,put,12,1.0161712143237824,1.0723928699717362,0.05532695165486147,0.2531370978161761,0.2491087075169983
axis_fixed_asymmetry,1.0,0.08,40.0,35.0,1.0,0.24,0.63,0.08,5.16,3.9815521064301556,6.338447893569846,0.5,0.0,-1.1784478935698453,5.160000000000001,56.02867887571843,54.63993943785922,1.0000000000000002,vasicek_mrjd_asian_call_12,call,12,1.2992400152207455,1.3554616708686993,0.04327272481551572,0.2531370978161761,0.1948347455825298
axis_fixed_asymmetry,0.2,0.7,40.0,35.0,1.0,0.24,0.63,0.7,5.16,0.7963104212860311,1.267689578713969,0.5,0.0,-0.23568957871396895,1.032,2.2411471550287367,2.185597577514369,0.2,vasicek_mrjd_vanilla_put,put,1,4.0146771806991906,4.05133426875744,0.009130768529654325,0.7889281076653648,0.19651097016173197
axis_fixed_asymmetry,0.2,0.7,40.0,35.0,1.0,0.24,0.63,0.7,5.16,0.7963104212860311,1.267689578713969,0.5,0.0,-0.23568957871396895,1.032,2.2411471550287367,2.185597577514369,0.2,vasicek_mrjd_asian_call_4,call,4,1.084987017704755,1.1192051762965056,0.03153785071469131,0.5078574017981818,0.4680769387199979
axis_fixed_asymmetry,0.2,0.7,40.0,35.0,1.0,0.24,0.63,0.7,5.16,0.7963104212860311,1.267689578713969,0.5,0.0,-0.23568957871396895,1.032,2.2411471550287367,2.185597577514369,0.2,vasicek_mrjd_asian_put_12,put,12,1.0161712143237824,1.0478301622378592,0.031155131603628823,0.4429899211783081,0.4359402381547469
axis_fixed_asymmetry,0.2,0.7,40.0,35.0,1.0,0.24,0.63,0.7,5.16,0.7963104212860311,1.267689578713969,0.5,0.0,-0.23568957871396895,1.032,2.2411471550287367,2.185597577514369,0.2,vasicek_mrjd_asian_call_12,call,12,1.2992400152207455,1.3308989631348223,0.02436728205965684,0.4429899211783081,0.3409608047694271
axis_fixed_asymmetry,0.25,0.7,40.0,35.0,1.0,0.24,0.63,0.7,5.16,0.9953880266075389,1.5846119733924615,0.5,0.0,-0.2946119733924613,1.2900000000000003,3.5017924297324017,3.414996214866201,0.25000000000000006,vasicek_mrjd_vanilla_put,put,1,4.0146771806991906,4.070303585130547,0.013855760233670474,0.9861601345817061,0.24563871270216497
axis_fixed_asymmetry,0.25,0.7,40.0,35.0,1.0,0.24,0.63,0.7,5.16,0.9953880266075389,1.5846119733924615,0.5,0.0,-0.2946119733924613,1.2900000000000003,3.5017924297324017,3.414996214866201,0.25000000000000006,vasicek_mrjd_asian_call_4,call,4,1.084987017704755,1.136680700249602,0.0476445171244564,0.6348217522477274,0.5850961733999974
axis_fixed_asymmetry,0.25,0.7,40.0,35.0,1.0,0.24,0.63,0.7,5.16,0.9953880266075389,1.5846119733924615,0.5,0.0,-0.2946119733924613,1.2900000000000003,3.5017924297324017,3.414996214866201,0.25000000000000006,vasicek_mrjd_asian_put_12,put,12,1.0161712143237824,1.0640917654582345,0.04715794982082923,0.5537374014728852,0.5449252976934338
axis_fixed_asymmetry,0.25,0.7,40.0,35.0,1.0,0.24,0.63,0.7,5.16,0.9953880266075389,1.5846119733924615,0.5,0.0,-0.2946119733924613,1.2900000000000003,3.5017924297324017,3.414996214866201,0.25000000000000006,vasicek_mrjd_asian_call_12,call,12,1.2992400152207455,1.3471605663551975,0.03688352465522713,0.5537374014728852,0.42620100596178395
axis_fixed_asymmetry,0.29,0.7,40.0,35.0,1.0,0.24,0.63,0.7,5.16,1.154650110864745,1.838149889135255,0.5,0.0,-0.34174988913525506,1.4964,4.712011893447918,4.595218906723959,0.29,vasicek_mrjd_vanilla_put,put,1,4.0146771806991906,4.087831654705138,0.018221757494635376,1.143945756114779,0.28494090673451133
axis_fixed_asymmetry,0.29,0.7,40.0,35.0,1.0,0.24,0.63,0.7,5.16,1.154650110864745,1.838149889135255,0.5,0.0,-0.34174988913525506,1.4964,4.712011893447918,4.595218906723959,0.29,vasicek_mrjd_asian_call_4,call,4,1.084987017704755,1.1526231599102332,0.06233820414603648,0.7363932326073637,0.678711561143997
axis_fixed_asymmetry,0.29,0.7,40.0,35.0,1.0,0.24,0.63,0.7,5.16,1.154650110864745,1.838149889135255,0.5,0.0,-0.34174988913525506,1.4964,4.712011893447918,4.595218906723959,0.29,vasicek_mrjd_asian_put_12,put,12,1.0161712143237824,1.0789282652028724,0.06175834347054603,0.6423353857085468,0.632113345324383
axis_fixed_asymmetry,0.29,0.7,40.0,35.0,1.0,0.24,0.63,0.7,5.16,1.154650110864745,1.838149889135255,0.5,0.0,-0.34174988913525506,1.4964,4.712011893447918,4.595218906723959,0.29,vasicek_mrjd_asian_call_12,call,12,1.2992400152207455,1.3619970660998355,0.04830289257095222,0.6423353857085468,0.4943931669156693
axis_fixed_asymmetry,0.33,0.7,40.0,35.0,1.0,0.24,0.63,0.7,5.16,1.3139121951219515,2.091687804878049,0.5,0.0,-0.38888780487804875,1.7028000000000003,6.101523129565736,5.950289404782869,0.33000000000000007,vasicek_mrjd_vanilla_put,put,1,4.0146771806991906,4.107297720813427,0.023070482618008526,1.3017313776478519,0.3242431007668577
axis_fixed_asymmetry,0.33,0.7,40.0,35.0,1.0,0.24,0.63,0.7,5.16,1.3139121951219515,2.091687804878049,0.5,0.0,-0.38888780487804875,1.7028000000000003,6.101523129565736,5.950289404782869,0.33000000000000007,vasicek_mrjd_asian_call_4,call,4,1.084987017704755,1.1701073464178045,0.0784528545725073,0.837964712967,0.7723269488879966
axis_fixed_asymmetry,0.33,0.7,40.0,35.0,1.0,0.24,0.63,0.7,5.16,1.3139121951219515,2.091687804878049,0.5,0.0,-0.38888780487804875,1.7028000000000003,6.101523129565736,5.950289404782869,0.33000000000000007,vasicek_mrjd_asian_put_12,put,12,1.0161712143237824,1.0951910382089483,0.07776231285763203,0.7309333699442084,0.7193013929553325
axis_fixed_asymmetry,0.33,0.7,40.0,35.0,1.0,0.24,0.63,0.7,5.16,1.3139121951219515,2.091687804878049,0.5,0.0,-0.38888780487804875,1.7028000000000003,6.101523129565736,5.950289404782869,0.33000000000000007,vasicek_mrjd_asian_call_12,call,12,1.2992400152207455,1.3782598391059113,0.06082003552803142,0.7309333699442084,0.5625853278695547
axis_fixed_asymmetry,0.4,0.7,40.0,35.0,1.0,0.24,0.63,0.7,5.16,1.5926208425720623,2.535379157427938,0.5,0.0,-0.4713791574279379,2.064,8.964588620114947,8.742390310057475,0.4,vasicek_mrjd_vanilla_put,put,1,4.0146771806991906,4.145642704583235,0.03262168238922652,1.5778562153307296,0.39302194032346394
axis_fixed_asymmetry,0.4,0.7,40.0,35.0,1.0,0.24,0.63,0.7,5.16,1.5926208425720623,2.535379157427938,0.5,0.0,-0.4713791574279379,2.064,8.964588620114947,8.742390310057475,0.4,vasicek_mrjd_asian_call_4,call,4,1.084987017704755,1.203935594236366,0.10963133621934201,1.0157148035963637,0.9361538774399958
axis_fixed_asymmetry,0.4,0.7,40.0,35.0,1.0,0.24,0.63,0.7,5.16,1.5926208425720623,2.535379157427938,0.5,0.0,-0.4713791574279379,2.064,8.964588620114947,8.742390310057475,0.4,vasicek_mrjd_asian_put_12,put,12,1.0161712143237824,1.1266153966650787,0.10868658822892563,0.8859798423566162,0.8718804763094938
axis_fixed_asymmetry,0.4,0.7,40.0,35.0,1.0,0.24,0.63,0.7,5.16,1.5926208425720623,2.535379157427938,0.5,0.0,-0.4713791574279379,2.064,8.964588620114947,8.742390310057475,0.4,vasicek_mrjd_asian_call_12,call,12,1.2992400152207455,1.4096841975620418,0.08500675860305258,0.8859798423566162,0.6819216095388542
axis_fixed_asymmetry,0.5,0.7,40.0,35.0,1.0,0.24,0.63,0.7,5.16,1.9907760532150778,3.169223946784923,0.5,0.0,-0.5892239467849226,2.5800000000000005,14.007169718929607,13.659984859464805,0.5000000000000001,vasicek_mrjd_vanilla_put,put,1,4.0146771806991906,4.208812931107184,0.048356503317704684,1.9723202691634123,0.49127742540432995
axis_fixed_asymmetry,0.5,0.7,40.0,35.0,1.0,0.24,0.63,0.7,5.16,1.9907760532150778,3.169223946784923,0.5,0.0,-0.5892239467849226,2.5800000000000005,14.007169718929607,13.659984859464805,0.5000000000000001,vasicek_mrjd_asian_call_4,call,4,1.084987017704755,1.2581899206944238,0.15963592205561358,1.2696435044954548,1.1701923467999948
axis_fixed_asymmetry,0.5,0.7,40.0,35.0,1.0,0.24,0.63,0.7,5.16,1.9907760532150778,3.169223946784923,0.5,0.0,-0.5892239467849226,2.5800000000000005,14.007169718929607,13.659984859464805,0.5000000000000001,vasicek_mrjd_asian_put_12,put,12,1.0161712143237824,1.1768849753638144,0.15815618350002167,1.1074748029457704,1.0898505953868676
axis_fixed_asymmetry,0.5,0.7,40.0,35.0,1.0,0.24,0.63,0.7,5.16,1.9907760532150778,3.169223946784923,0.5,0.0,-0.5892239467849226,2.5800000000000005,14.007169718929607,13.659984859464805,0.5000000000000001,vasicek_mrjd_asian_call_12,call,12,1.2992400152207455,1.4599537762607775,0.12369828450267224,1.1074748029457704,0.8524020119235679
axis_fixed_asymmetry,0.67,0.7,40.0,35.0,1.0,0.24,0.63,0.7,5.16,2.6676399113082043,4.246760088691797,0.5,0.0,-0.7895600886917964,3.4572000000000007,25.151273947310003,24.527868813655004,0.6700000000000002,vasicek_mrjd_vanilla_put,put,1,4.0146771806991906,4.33496177538667,0.07977841810725599,2.6429091606789727,0.6583117500418022
axis_fixed_asymmetry,0.67,0.7,40.0,35.0,1.0,0.24,0.63,0.7,5.16,2.6676399113082043,4.246760088691797,0.5,0.0,-0.7895600886917964,3.4572000000000007,25.151273947310003,24.527868813655004,0.6700000000000002,vasicek_mrjd_asian_call_4,call,4,1.084987017704755,1.362549508089467,0.2558210244504897,1.7013222960239096,1.5680577447119934
axis_fixed_asymmetry,0.67,0.7,40.0,35.0,1.0,0.24,0.63,0.7,5.16,2.6676399113082043,4.246760088691797,0.5,0.0,-0.7895600886917964,3.4572000000000007,25.151273947310003,24.527868813655004,0.6700000000000002,vasicek_mrjd_asian_put_12,put,12,1.0161712143237824,1.2731595614722107,0.2528986685766756,1.4840162359473326,1.4603997978184027
axis_fixed_asymmetry,0.67,0.7,40.0,35.0,1.0,0.24,0.63,0.7,5.16,2.6676399113082043,4.246760088691797,0.5,0.0,-0.7895600886917964,3.4572000000000007,25.151273947310003,24.527868813655004,0.6700000000000002,vasicek_mrjd_asian_call_12,call,12,1.2992400152207455,1.5562283623691737,0.19779897797002888,1.4840162359473326,1.142218695977581
axis_fixed_asymmetry,1.0,0.7,40.0,35.0,1.0,0.24,0.63,0.7,5.16,3.9815521064301556,6.338447893569846,0.5,0.0,-1.1784478935698453,5.160000000000001,56.02867887571843,54.63993943785922,1.0000000000000002,vasicek_mrjd_vanilla_put,put,1,4.0146771806991906,4.628939088282629,0.15300405983737392,3.9446405383268246,0.9825548508086599
axis_fixed_asymmetry,1.0,0.7,40.0,35.0,1.0,0.24,0.63,0.7,5.16,3.9815521064301556,6.338447893569846,0.5,0.0,-1.1784478935698453,5.160000000000001,56.02867887571843,54.63993943785922,1.0000000000000002,vasicek_mrjd_asian_call_4,call,4,1.084987017704755,1.5937032353848146,0.4688684835660318,2.5392870089909096,2.3403846935999897
axis_fixed_asymmetry,1.0,0.7,40.0,35.0,1.0,0.24,0.63,0.7,5.16,3.9815521064301556,6.338447893569846,0.5,0.0,-1.1784478935698453,5.160000000000001,56.02867887571843,54.63993943785922,1.0000000000000002,vasicek_mrjd_asian_put_12,put,12,1.0161712143237824,1.4849411185681698,0.4613099619795206,2.2149496058915408,2.179701190773735
axis_fixed_asymmetry,1.0,0.7,40.0,35.0,1.0,0.24,0.63,0.7,5.16,3.9815521064301556,6.338447893569846,0.5,0.0,-1.1784478935698453,5.160000000000001,56.02867887571843,54.63993943785922,1.0000000000000002,vasicek_mrjd_asian_call_12,call,12,1.2992400152207455,1.7680099194651329,0.36080316088843806,2.2149496058915408,1.7048040238471358
table_beta_as_rates,0.2,0.01,40.0,35.0,1.0,0.24,0.63,0.01,5.16,1.267689578713969,0.7963104212860311,0.5,0.0,0.23568957871396895,1.032,2.2411471550287367,2.185597577514369,0.2,vasicek_mrjd_vanilla_put,put,1,4.0146771806991906,4.015300754479466,0.0001553235172366153,0.011270401538076642,0.002807299573739028
table_beta_as_rates,0.2,0.01,40.0,35.0,1.0,0.24,0.63,0.01,5.16,1.267689578713969,0.7963104212860311,0.5,0.0,0.23568957871396895,1.032,2.2411471550287367,2.185597577514369,0.2,vasicek_mrjd_asian_call_4,call,4,1.084987017704755,1.0854969230420757,0.00046996445948214495,0.007255105739974027,0.0066868134102856846
table_beta_as_rates,0.2,0.01,40.0,35.0,1.0,0.24,0.63,0.01,5.16,1.267689578713969,0.7963104212860311,0.5,0.0,0.23568957871396895,1.032,2.2411471550287367,2.185597577514369,0.2,vasicek_mrjd_asian_put_12,put,12,1.0161712143237824,1.016616662217933,0.0004383590952700719,0.006328427445404402,0.006227717687924956
table_beta_as_rates,0.2,0.01,40.0,35.0,1.0,0.24,0.63,0.01,5.16,1.267689578713969,0.7963104212860311,0.5,0.0,0.23568957871396895,1.032,2.2411471550287367,2.185597577514369,0.2,vasicek_mrjd_asian_call_12,call,12,1.2992400152207455,1.299685463114896,0.0003428526591945988,0.006328427445404402,0.004870868639563245
table_beta_as_rates,0.25,0.01,40.0,35.0,1.0,0.24,0.63,0.01,5.16,1.584611973392461,0.9953880266075389,0.5,0.0,0.2946119733924611,1.29,3.5017924297324003,3.4149962148662003,0.25,vasicek_mrjd_vanilla_put,put,1,4.0146771806991906,4.015653040334075,0.00024307300212730997,0.0140880019225958,0.0035091244671737847
table_beta_as_rates,0.25,0.01,40.0,35.0,1.0,0.24,0.63,0.01,5.16,1.584611973392461,0.9953880266075389,0.5,0.0,0.2946119733924611,1.29,3.5017924297324003,3.4149962148662003,0.25,vasicek_mrjd_asian_call_4,call,4,1.084987017704755,1.085763849711146,0.0007159827663508452,0.009068882174967532,0.008358516762857104
table_beta_as_rates,0.25,0.01,40.0,35.0,1.0,0.24,0.63,0.01,5.16,1.584611973392461,0.9953880266075389,0.5,0.0,0.2946119733924611,1.29,3.5017924297324003,3.4149962148662003,0.25,vasicek_mrjd_asian_put_12,put,12,1.0161712143237824,1.0168456579388427,0.0006637106085603082,0.007910534306755502,0.007784647109906195
table_beta_as_rates,0.25,0.01,40.0,35.0,1.0,0.24,0.63,0.01,5.16,1.584611973392461,0.9953880266075389,0.5,0.0,0.2946119733924611,1.29,3.5017924297324003,3.4149962148662003,0.25,vasicek_mrjd_asian_call_12,call,12,1.2992400152207455,1.2999144588358058,0.0005191062522390943,0.007910534306755502,0.0060885857994540556
table_beta_as_rates,0.29,0.01,40.0,35.0,1.0,0.24,0.63,0.01,5.16,1.8381498891352548,1.1546501108647451,0.5,0.0,0.34174988913525484,1.4964,4.712011893447918,4.595218906723959,0.29,vasicek_mrjd_vanilla_put,put,1,4.0146771806991906,4.015987579916169,0.0003264021384530133,0.016342082230211125,0.00407058438192159
table_beta_as_rates,0.29,0.01,40.0,35.0,1.0,0.24,0.63,0.01,5.16,1.8381498891352548,1.1546501108647451,0.5,0.0,0.34174988913525484,1.4964,4.712011893447918,4.595218906723959,0.29,vasicek_mrjd_asian_call_4,call,4,1.084987017704755,1.0860094779818026,0.000942370978051551,0.010519903322962336,0.00969587944491424
table_beta_as_rates,0.29,0.01,40.0,35.0,1.0,0.24,0.63,0.01,5.16,1.8381498891352548,1.1546501108647451,0.5,0.0,0.34174988913525484,1.4964,4.712011893447918,4.595218906723959,0.29,vasicek_mrjd_asian_put_12,put,12,1.0161712143237824,1.0170551630113782,0.0008698816450769181,0.00917621979583638,0.009030190647491184
table_beta_as_rates,0.29,0.01,40.0,35.0,1.0,0.24,0.63,0.01,5.16,1.8381498891352548,1.1546501108647451,0.5,0.0,0.34174988913525484,1.4964,4.712011893447918,4.595218906723959,0.29,vasicek_mrjd_asian_call_12,call,12,1.2992400152207455,1.3001239639083413,0.0006803582688650452,0.00917621979583638,0.007062759527366703
table_beta_as_rates,0.33,0.01,40.0,35.0,1.0,0.24,0.63,0.01,5.16,2.091687804878049,1.3139121951219515,0.5,0.0,0.38888780487804875,1.7028000000000003,6.101523129565736,5.950289404782869,0.33000000000000007,vasicek_mrjd_vanilla_put,put,1,4.0146771806991906,4.0163661761822445,0.00042070517927913397,0.018596162537826456,0.004632044296669396
table_beta_as_rates,0.33,0.01,40.0,35.0,1.0,0.24,0.63,0.01,5.16,2.091687804878049,1.3139121951219515,0.5,0.0,0.38888780487804875,1.7028000000000003,6.101523129565736,5.950289404782869,0.33000000000000007,vasicek_mrjd_asian_call_4,call,4,1.084987017704755,1.0862806214299436,0.0011922757637462648,0.011970924470957144,0.01103324212697138
table_beta_as_rates,0.33,0.01,40.0,35.0,1.0,0.24,0.63,0.01,5.16,2.091687804878049,1.3139121951219515,0.5,0.0,0.38888780487804875,1.7028000000000003,6.101523129565736,5.950289404782869,0.33000000000000007,vasicek_mrjd_asian_put_12,put,12,1.0161712143237824,1.0172854687083948,0.0010965222876873273,0.010441905284917263,0.010275734185076178
table_beta_as_rates,0.33,0.01,40.0,35.0,1.0,0.24,0.63,0.01,5.16,2.091687804878049,1.3139121951219515,0.5,0.0,0.38888780487804875,1.7028000000000003,6.101523129565736,5.950289404782869,0.33000000000000007,vasicek_mrjd_asian_call_12,call,12,1.2992400152207455,1.3003542696053578,0.0008576201252722403,0.010441905284917263,0.008036933255279353
table_beta_as_rates,0.4,0.01,40.0,35.0,1.0,0.24,0.63,0.01,5.16,2.535379157427938,1.5926208425720623,0.5,0.0,0.4713791574279379,2.064,8.964588620114947,8.742390310057475,0.4,vasicek_mrjd_vanilla_put,put,1,4.0146771806991906,4.017126335841951,0.0006100503309543305,0.022540803076153283,0.005614599147478056
table_beta_as_rates,0.4,0.01,40.0,35.0,1.0,0.24,0.63,0.01,5.16,2.535379157427938,1.5926208425720623,0.5,0.0,0.4713791574279379,2.064,8.964588620114947,8.742390310057475,0.4,vasicek_mrjd_asian_call_4,call,4,1.084987017704755,1.0868091485355769,0.0016794033486931359,0.014510211479948054,0.013373626820571369
table_beta_as_rates,0.4,0.01,40.0,35.0,1.0,0.24,0.63,0.01,5.16,2.535379157427938,1.5926208425720623,0.5,0.0,0.4713791574279379,2.064,8.964588620114947,8.742390310057475,0.4,vasicek_mrjd_asian_put_12,put,12,1.0161712143237824,1.0177323664497748,0.001536308157509925,0.012656854890808804,0.012455435375849913
table_beta_as_rates,0.4,0.01,40.0,35.0,1.0,0.24,0.63,0.01,5.16,2.535379157427938,1.5926208425720623,0.5,0.0,0.4713791574279379,2.064,8.964588620114947,8.742390310057475,0.4,vasicek_mrjd_asian_call_12,call,12,1.2992400152207455,1.300801167346738,0.0012015887039371613,0.012656854890808804,0.00974173727912649
table_beta_as_rates,0.5,0.01,40.0,35.0,1.0,0.24,0.63,0.01,5.16,3.169223946784922,1.9907760532150778,0.5,0.0,0.5892239467849222,2.58,14.007169718929601,13.659984859464801,0.5,vasicek_mrjd_vanilla_put,put,1,4.0146771806991906,4.018402001489891,0.0009278008225935731,0.0281760038451916,0.007018248934347569
table_beta_as_rates,0.5,0.01,40.0,35.0,1.0,0.24,0.63,0.01,5.16,3.169223946784922,1.9907760532150778,0.5,0.0,0.5892239467849222,2.58,14.007169718929601,13.659984859464801,0.5,vasicek_mrjd_asian_call_4,call,4,1.084987017704755,1.087664352110542,0.0024676188397635317,0.018137764349935064,0.016717033525714207
table_beta_as_rates,0.5,0.01,40.0,35.0,1.0,0.24,0.63,0.01,5.16,3.169223946784922,1.9907760532150778,0.5,0.0,0.5892239467849222,2.58,14.007169718929601,13.659984859464801,0.5,vasicek_mrjd_asian_put_12,put,12,1.0161712143237824,1.018451865920869,0.0022443576091694777,0.015821068613511003,0.01556929421981239
table_beta_as_rates,0.5,0.01,40.0,35.0,1.0,0.24,0.63,0.01,5.16,3.169223946784922,1.9907760532150778,0.5,0.0,0.5892239467849222,2.58,14.007169718929601,13.659984859464801,0.5,vasicek_mrjd_asian_call_12,call,12,1.2992400152207455,1.301520666817832,0.0017553735802226492,0.015821068613511003,0.012177171598908111
table_beta_as_rates,0.67,0.01,40.0,35.0,1.0,0.24,0.63,0.01,5.16,4.246760088691796,2.6676399113082043,0.5,0.0,0.789560088691796,3.4572000000000003,25.151273947309996,24.527868813654997,0.67,vasicek_mrjd_vanilla_put,put,1,4.0146771806991906,4.020982255085492,0.0015705059466832915,0.03775584515255675,0.009404453572025745
table_beta_as_rates,0.67,0.01,40.0,35.0,1.0,0.24,0.63,0.01,5.16,4.246760088691796,2.6676399113082043,0.5,0.0,0.789560088691796,3.4572000000000003,25.151273947309996,24.527868813654997,0.67,vasicek_mrjd_asian_call_4,call,4,1.084987017704755,1.089325216846201,0.00399838806424012,0.02430460422891299,0.022400824924457045
table_beta_as_rates,0.67,0.01,40.0,35.0,1.0,0.24,0.63,0.01,5.16,4.246760088691796,2.6676399113082043,0.5,0.0,0.789560088691796,3.4572000000000003,25.151273947309996,24.527868813654997,0.67,vasicek_mrjd_asian_put_12,put,12,1.0161712143237824,1.0198423550662008,0.0036127186941241492,0.02120023194210475,0.020862854254548608
table_beta_as_rates,0.67,0.01,40.0,35.0,1.0,0.24,0.63,0.01,5.16,4.246760088691796,2.6676399113082043,0.5,0.0,0.789560088691796,3.4572000000000003,25.151273947309996,24.527868813654997,0.67,vasicek_mrjd_asian_call_12,call,12,1.2992400152207455,1.3029111559631639,0.0028256062770623844,0.02120023194210475,0.01631740994253687
table_beta_as_rates,1.0,0.01,40.0,35.0,1.0,0.24,0.63,0.01,5.16,6.338447893569844,3.9815521064301556,0.5,0.0,1.1784478935698444,5.16,56.028678875718406,54.639939437859205,1.0,vasicek_mrjd_vanilla_put,put,1,4.0146771806991906,4.027003043825951,0.003070200310505219,0.0563520076903832,0.014036497868695139
table_beta_as_rates,1.0,0.01,40.0,35.0,1.0,0.24,0.63,0.01,5.16,6.338447893569844,3.9815521064301556,0.5,0.0,1.1784478935698444,5.16,56.028678875718406,54.639939437859205,1.0,vasicek_mrjd_asian_call_4,call,4,1.084987017704755,1.0930398351164554,0.0074220403380824765,0.03627552869987013,0.033434067051428415
table_beta_as_rates,1.0,0.01,40.0,35.0,1.0,0.24,0.63,0.01,5.16,6.338447893569844,3.9815521064301556,0.5,0.0,1.1784478935698444,5.16,56.028678875718406,54.639939437859205,1.0,vasicek_mrjd_asian_put_12,put,12,1.0161712143237824,1.0229389831953224,0.006660067492704576,0.031642137227022006,0.03113858843962478
table_beta_as_rates,1.0,0.01,40.0,35.0,1.0,0.24,0.63,0.01,5.16,6.338447893569844,3.9815521064301556,0.5,0.0,1.1784478935698444,5.16,56.028678875718406,54.639939437859205,1.0,vasicek_mrjd_asian_call_12,call,12,1.2992400152207455,1.3060077840922855,0.005209021268014201,0.031642137227022006,0.024354343197816222
table_beta_as_rates,0.2,0.08,40.0,35.0,1.0,0.24,0.63,0.08,5.16,1.267689578713969,0.7963104212860311,0.5,0.0,0.23568957871396895,1.032,2.2411471550287367,2.185597577514369,0.2,vasicek_mrjd_vanilla_put,put,1,4.0146771806991906,4.0196606260610155,0.0012413066200647855,0.09016321230461313,0.022458396589912225
table_beta_as_rates,0.2,0.08,40.0,35.0,1.0,0.24,0.63,0.08,5.16,1.267689578713969,0.7963104212860311,0.5,0.0,0.23568957871396895,1.032,2.2411471550287367,2.185597577514369,0.2,vasicek_mrjd_asian_call_4,call,4,1.084987017704755,1.0890616503304,0.0037554667098826954,0.058040845919792215,0.053494507282285476
table_beta_as_rates,0.2,0.08,40.0,35.0,1.0,0.24,0.63,0.08,5.16,1.267689578713969,0.7963104212860311,0.5,0.0,0.23568957871396895,1.032,2.2411471550287367,2.185597577514369,0.2,vasicek_mrjd_asian_put_12,put,12,1.0161712143237824,1.0197313273568993,0.003503457865105905,0.050627419563235215,0.04982174150339965
table_beta_as_rates,0.2,0.08,40.0,35.0,1.0,0.24,0.63,0.08,5.16,1.267689578713969,0.7963104212860311,0.5,0.0,0.23568957871396895,1.032,2.2411471550287367,2.185597577514369,0.2,vasicek_mrjd_asian_call_12,call,12,1.2992400152207455,1.3028001282538624,0.0027401503890041425,0.050627419563235215,0.03896694911650596
table_beta_as_rates,0.25,0.08,40.0,35.0,1.0,0.24,0.63,0.08,5.16,1.584611973392461,0.9953880266075389,0.5,0.0,0.2946119733924611,1.29,3.5017924297324003,3.4149962148662003,0.25,vasicek_mrjd_vanilla_put,put,1,4.0146771806991906,4.0224716474028535,0.0019414927658779858,0.1127040153807664,0.028072995737390277
table_beta_as_rates,0.25,0.08,40.0,35.0,1.0,0.24,0.63,0.08,5.16,1.584611973392461,0.9953880266075389,0.5,0.0,0.2946119733924611,1.29,3.5017924297324003,3.4149962148662003,0.25,vasicek_mrjd_asian_call_4,call,4,1.084987017704755,1.091191884673003,0.0057188398266500165,0.07255105739974026,0.06686813410285683
table_beta_as_rates,0.25,0.08,40.0,35.0,1.0,0.24,0.63,0.08,5.16,1.584611973392461,0.9953880266075389,0.5,0.0,0.2946119733924611,1.29,3.5017924297324003,3.4149962148662003,0.25,vasicek_mrjd_asian_put_12,put,12,1.0161712143237824,1.0215596008673995,0.005302636472735354,0.06328427445404401,0.06227717687924956
table_beta_as_rates,0.25,0.08,40.0,35.0,1.0,0.24,0.63,0.08,5.16,1.584611973392461,0.9953880266075389,0.5,0.0,0.2946119733924611,1.29,3.5017924297324003,3.4149962148662003,0.25,vasicek_mrjd_asian_call_12,call,12,1.2992400152207455,1.3046284017643626,0.004147337274477,0.06328427445404401,0.048708686395632445
table_beta_as_rates,0.29,0.08,40.0,35.0,1.0,0.24,0.63,0.08,5.16,1.8381498891352548,1.1546501108647451,0.5,0.0,0.34174988913525484,1.4964,4.712011893447918,4.595218906723959,0.29,vasicek_mrjd_vanilla_put,put,1,4.0146771806991906,4.025138582866129,0.0026057891322450754,0.130736657841689,0.03256467505537272
table_beta_as_rates,0.29,0.08,40.0,35.0,1.0,0.24,0.63,0.08,5.16,1.8381498891352548,1.1546501108647451,0.5,0.0,0.34174988913525484,1.4964,4.712011893447918,4.595218906723959,0.29,vasicek_mrjd_asian_call_4,call,4,1.084987017704755,1.0931509101114123,0.007524414830260141,0.08415922658369869,0.07756703555931392
table_beta_as_rates,0.29,0.08,40.0,35.0,1.0,0.24,0.63,0.08,5.16,1.8381498891352548,1.1546501108647451,0.5,0.0,0.34174988913525484,1.4964,4.712011893447918,4.595218906723959,0.29,vasicek_mrjd_asian_put_12,put,12,1.0161712143237824,1.0232314624535528,0.006947892274697664,0.07340975836669104,0.07224152517992947
table_beta_as_rates,0.29,0.08,40.0,35.0,1.0,0.24,0.63,0.08,5.16,1.8381498891352548,1.1546501108647451,0.5,0.0,0.34174988913525484,1.4964,4.712011893447918,4.595218906723959,0.29,vasicek_mrjd_asian_call_12,call,12,1.2992400152207455,1.3063002633505159,0.00543413691624237,0.07340975836669104,0.056502076218933626
table_beta_as_rates,0.33,0.08,40.0,35.0,1.0,0.24,0.63,0.08,5.16,2.091687804878049,1.3139121951219515,0.5,0.0,0.38888780487804875,1.7028000000000003,6.101523129565736,5.950289404782869,0.33000000000000007,vasicek_mrjd_vanilla_put,put,1,4.0146771806991906,4.028154186735698,0.003356933927663922,0.14876930030261165,0.037056354373355166
table_beta_as_rates,0.33,0.08,40.0,35.0,1.0,0.24,0.63,0.08,5.16,2.091687804878049,1.3139121951219515,0.5,0.0,0.38888780487804875,1.7028000000000003,6.101523129565736,5.950289404782869,0.33000000000000007,vasicek_mrjd_asian_call_4,call,4,1.084987017704755,1.0953122848493655,0.009516489115651583,0.09576739576765715,0.08826593701577104
table_beta_as_rates,0.33,0.08,40.0,35.0,1.0,0.24,0.63,0.08,5.16,2.091687804878049,1.3139121951219515,0.5,0.0,0.38888780487804875,1.7028000000000003,6.101523129565736,5.950289404782869,0.33000000000000007,vasicek_mrjd_asian_put_12,put,12,1.0161712143237824,1.0250685858794584,0.008755779961349082,0.0835352422793381,0.08220587348060943
table_beta_as_rates,0.33,0.08,40.0,35.0,1.0,0.24,0.63,0.08,5.16,2.091687804878049,1.3139121951219515,0.5,0.0,0.38888780487804875,1.7028000000000003,6.101523129565736,5.950289404782869,0.33000000000000007,vasicek_mrjd_asian_call_12,call,12,1.2992400152207455,1.3081373867764214,0.006848135411042002,0.0835352422793381,0.06429546604223482
table_beta_as_rates,0.4,0.08,40.0,35.0,1.0,0.24,0.63,0.08,5.16,2.535379157427938,1.5926208425720623,0.5,0.0,0.4713791574279379,2.064,8.964588620114947,8.742390310057475,0.4,vasicek_mrjd_vanilla_put,put,1,4.0146771806991906,4.034202116238731,0.004863388676282103,0.18032642460922627,0.04491679317982445
table_beta_as_rates,0.4,0.08,40.0,35.0,1.0,0.24,0.63,0.08,5.16,2.535379157427938,1.5926208425720623,0.5,0.0,0.4713791574279379,2.064,8.964588620114947,8.742390310057475,0.4,vasicek_mrjd_asian_call_4,call,4,1.084987017704755,1.0995225119683583,0.013396929204141612,0.11608169183958443,0.10698901456457095
table_beta_as_rates,0.4,0.08,40.0,35.0,1.0,0.24,0.63,0.08,5.16,2.535379157427938,1.5926208425720623,0.5,0.0,0.4713791574279379,2.064,8.964588620114947,8.742390310057475,0.4,vasicek_mrjd_asian_put_12,put,12,1.0161712143237824,1.0286316790215198,0.012262170510339846,0.10125483912647043,0.0996434830067993
table_beta_as_rates,0.4,0.08,40.0,35.0,1.0,0.24,0.63,0.08,5.16,2.535379157427938,1.5926208425720623,0.5,0.0,0.4713791574279379,2.064,8.964588620114947,8.742390310057475,0.4,vasicek_mrjd_asian_call_12,call,12,1.2992400152207455,1.3117004799184828,0.009590579532466325,0.10125483912647043,0.07793389823301192
table_beta_as_rates,0.5,0.08,40.0,35.0,1.0,0.24,0.63,0.08,5.16,3.169223946784922,1.9907760532150778,0.5,0.0,0.5892239467849222,2.58,14.007169718929601,13.659984859464801,0.5,vasicek_mrjd_vanilla_put,put,1,4.0146771806991906,4.044335126868621,0.007387380064333092,0.2254080307615328,0.056145991474780554
table_beta_as_rates,0.5,0.08,40.0,35.0,1.0,0.24,0.63,0.08,5.16,3.169223946784922,1.9907760532150778,0.5,0.0,0.5892239467849222,2.58,14.007169718929601,13.659984859464801,0.5,vasicek_mrjd_asian_call_4,call,4,1.084987017704755,1.1063289145818163,0.019670186397445784,0.1451021147994805,0.13373626820571366
table_beta_as_rates,0.5,0.08,40.0,35.0,1.0,0.24,0.63,0.08,5.16,3.169223946784922,1.9907760532150778,0.5,0.0,0.5892239467849222,2.58,14.007169718929601,13.659984859464801,0.5,vasicek_mrjd_asian_put_12,put,12,1.0161712143237824,1.0343645034488556,0.017903763527861747,0.12656854890808802,0.12455435375849912
table_beta_as_rates,0.5,0.08,40.0,35.0,1.0,0.24,0.63,0.08,5.16,3.169223946784922,1.9907760532150778,0.5,0.0,0.5892239467849222,2.58,14.007169718929601,13.659984859464801,0.5,vasicek_mrjd_asian_call_12,call,12,1.2992400152207455,1.3174333043458186,0.014003024007832775,0.12656854890808802,0.09741737279126489
table_beta_as_rates,0.67,0.08,40.0,35.0,1.0,0.24,0.63,0.08,5.16,4.246760088691796,2.6676399113082043,0.5,0.0,0.789560088691796,3.4572000000000003,25.151273947309996,24.527868813654997,0.67,vasicek_mrjd_vanilla_put,put,1,4.0146771806991906,4.064787511924969,0.012481783458627006,0.302046761220454,0.07523562857620596
table_beta_as_rates,0.67,0.08,40.0,35.0,1.0,0.24,0.63,0.08,5.16,4.246760088691796,2.6676399113082043,0.5,0.0,0.789560088691796,3.4572000000000003,25.151273947309996,24.527868813654997,0.67,vasicek_mrjd_asian_call_4,call,4,1.084987017704755,1.1195327313581165,0.03183974839297302,0.19443683383130392,0.17920659939565636
table_beta_as_rates,0.67,0.08,40.0,35.0,1.0,0.24,0.63,0.08,5.16,4.246760088691796,2.6676399113082043,0.5,0.0,0.789560088691796,3.4572000000000003,25.151273947309996,24.527868813654997,0.67,vasicek_mrjd_asian_put_12,put,12,1.0161712143237824,1.0454350039744031,0.028798089572035834,0.169601855536838,0.16690283403638886
table_beta_as_rates,0.67,0.08,40.0,35.0,1.0,0.24,0.63,0.08,5.16,4.246760088691796,2.6676399113082043,0.5,0.0,0.789560088691796,3.4572000000000003,25.151273947309996,24.527868813654997,0.67,vasicek_mrjd_asian_call_12,call,12,1.2992400152207455,1.3285038048713662,0.022523774905169224,0.169601855536838,0.13053927954029496
table_beta_as_rates,1.0,0.08,40.0,35.0,1.0,0.24,0.63,0.08,5.16,6.338447893569844,3.9815521064301556,0.5,0.0,1.1784478935698444,5.16,56.028678875718406,54.639939437859205,1.0,vasicek_mrjd_vanilla_put,put,1,4.0146771806991906,4.112384541182779,0.024337538508282238,0.4508160615230656,0.11229198294956111
table_beta_as_rates,1.0,0.08,40.0,35.0,1.0,0.24,0.63,0.08,5.16,6.338447893569844,3.9815521064301556,0.5,0.0,1.1784478935698444,5.16,56.028678875718406,54.639939437859205,1.0,vasicek_mrjd_asian_call_4,call,4,1.084987017704755,1.1490253642502735,0.059022223769081596,0.290204229598961,0.2674725364114273
table_beta_as_rates,1.0,0.08,40.0,35.0,1.0,0.24,0.63,0.08,5.16,6.338447893569844,3.9815521064301556,0.5,0.0,1.1784478935698444,5.16,56.028678875718406,54.639939437859205,1.0,vasicek_mrjd_asian_put_12,put,12,1.0161712143237824,1.0700677770332485,0.05303885993792088,0.25313709781617605,0.24910870751699823
table_beta_as_rates,1.0,0.08,40.0,35.0,1.0,0.24,0.63,0.08,5.16,6.338447893569844,3.9815521064301556,0.5,0.0,1.1784478935698444,5.16,56.028678875718406,54.639939437859205,1.0,vasicek_mrjd_asian_call_12,call,12,1.2992400152207455,1.3531365779302116,0.04148314559131621,0.25313709781617605,0.19483474558252978
table_beta_as_rates,0.2,0.7,40.0,35.0,1.0,0.24,0.63,0.7,5.16,1.267689578713969,0.7963104212860311,0.5,0.0,0.23568957871396895,1.032,2.2411471550287367,2.185597577514369,0.2,vasicek_mrjd_vanilla_put,put,1,4.0146771806991906,4.057892089860735,0.01076423015262659,0.7889281076653648,0.19651097016173197
table_beta_as_rates,0.2,0.7,40.0,35.0,1.0,0.24,0.63,0.7,5.16,1.267689578713969,0.7963104212860311,0.5,0.0,0.23568957871396895,1.032,2.2411471550287367,2.185597577514369,0.2,vasicek_mrjd_asian_call_4,call,4,1.084987017704755,1.120289008156663,0.03253678604061823,0.5078574017981818,0.4680769387199979
table_beta_as_rates,0.2,0.7,40.0,35.0,1.0,0.24,0.63,0.7,5.16,1.267689578713969,0.7963104212860311,0.5,0.0,0.23568957871396895,1.032,2.2411471550287367,2.185597577514369,0.2,vasicek_mrjd_asian_put_12,put,12,1.0161712143237824,1.0470567829347417,0.03039405975646757,0.4429899211783081,0.4359402381547469
table_beta_as_rates,0.2,0.7,40.0,35.0,1.0,0.24,0.63,0.7,5.16,1.267689578713969,0.7963104212860311,0.5,0.0,0.23568957871396895,1.032,2.2411471550287367,2.185597577514369,0.2,vasicek_mrjd_asian_call_12,call,12,1.2992400152207455,1.3301255838317048,0.023772026915066722,0.4429899211783081,0.3409608047694271
table_beta_as_rates,0.25,0.7,40.0,35.0,1.0,0.24,0.63,0.7,5.16,1.584611973392461,0.9953880266075389,0.5,0.0,0.2946119733924611,1.29,3.5017924297324003,3.4149962148662003,0.25,vasicek_mrjd_vanilla_put,put,1,4.0146771806991906,4.081946477594225,0.01675584209321628,0.9861601345817058,0.2456387127021649
table_beta_as_rates,0.25,0.7,40.0,35.0,1.0,0.24,0.63,0.7,5.16,1.584611973392461,0.9953880266075389,0.5,0.0,0.2946119733924611,1.29,3.5017924297324003,3.4149962148662003,0.25,vasicek_mrjd_asian_call_4,call,4,1.084987017704755,1.138538043666763,0.04935637485810013,0.6348217522477272,0.5850961733999973
table_beta_as_rates,0.25,0.7,40.0,35.0,1.0,0.24,0.63,0.7,5.16,1.584611973392461,0.9953880266075389,0.5,0.0,0.2946119733924611,1.29,3.5017924297324003,3.4149962148662003,0.25,vasicek_mrjd_asian_put_12,put,12,1.0161712143237824,1.0627733881189738,0.04586055296420013,0.553737401472885,0.5449252976934336
table_beta_as_rates,0.25,0.7,40.0,35.0,1.0,0.24,0.63,0.7,5.16,1.584611973392461,0.9953880266075389,0.5,0.0,0.2946119733924611,1.29,3.5017924297324003,3.4149962148662003,0.25,vasicek_mrjd_asian_call_12,call,12,1.2992400152207455,1.3458421890159369,0.03586879502573934,0.553737401472885,0.42620100596178373
table_beta_as_rates,0.29,0.7,40.0,35.0,1.0,0.24,0.63,0.7,5.16,1.8381498891352548,1.1546501108647451,0.5,0.0,0.34174988913525484,1.4964,4.712011893447918,4.595218906723959,0.29,vasicek_mrjd_vanilla_put,put,1,4.0146771806991906,4.10458966314711,0.02239594328534799,1.1439457561147788,0.2849409067345113
table_beta_as_rates,0.29,0.7,40.0,35.0,1.0,0.24,0.63,0.7,5.16,1.8381498891352548,1.1546501108647451,0.5,0.0,0.34174988913525484,1.4964,4.712011893447918,4.595218906723959,0.29,vasicek_mrjd_asian_call_4,call,4,1.084987017704755,1.155229322563146,0.06474022611531868,0.7363932326073636,0.6787115611439969
table_beta_as_rates,0.29,0.7,40.0,35.0,1.0,0.24,0.63,0.7,5.16,1.8381498891352548,1.1546501108647451,0.5,0.0,0.34174988913525484,1.4964,4.712011893447918,4.595218906723959,0.29,vasicek_mrjd_asian_put_12,put,12,1.0161712143237824,1.0770850848934472,0.05994449528881835,0.6423353857085466,0.6321133453243829
table_beta_as_rates,0.29,0.7,40.0,35.0,1.0,0.24,0.63,0.7,5.16,1.8381498891352548,1.1546501108647451,0.5,0.0,0.34174988913525484,1.4964,4.712011893447918,4.595218906723959,0.29,vasicek_mrjd_asian_call_12,call,12,1.2992400152207455,1.3601538857904103,0.04688423220963935,0.6423353857085466,0.4943931669156692
table_beta_as_rates,0.33,0.7,40.0,35.0,1.0,0.24,0.63,0.7,5.16,2.091687804878049,1.3139121951219515,0.5,0.0,0.38888780487804875,1.7028000000000003,6.101523129565736,5.950289404782869,0.33000000000000007,vasicek_mrjd_vanilla_put,put,1,4.0146771806991906,4.130012890864332,0.028728514142961566,1.3017313776478519,0.3242431007668577
table_beta_as_rates,0.33,0.7,40.0,35.0,1.0,0.24,0.63,0.7,5.16,2.091687804878049,1.3139121951219515,0.5,0.0,0.38888780487804875,1.7028000000000003,6.101523129565736,5.950289404782869,0.33000000000000007,vasicek_mrjd_asian_call_4,call,4,1.084987017704755,1.1735604391253898,0.0816354665772944,0.837964712967,0.7723269488879966
table_beta_as_rates,0.33,0.7,40.0,35.0,1.0,0.24,0.63,0.7,5.16,2.091687804878049,1.3139121951219515,0.5,0.0,0.38888780487804875,1.7028000000000003,6.101523129565736,5.950289404782869,0.33000000000000007,vasicek_mrjd_asian_put_12,put,12,1.0161712143237824,1.0927566107353444,0.07536662654090842,0.7309333699442084,0.7193013929553325
table_beta_as_rates,0.33,0.7,40.0,35.0,1.0,0.24,0.63,0.7,5.16,2.091687804878049,1.3139121951219515,0.5,0.0,0.38888780487804875,1.7028000000000003,6.101523129565736,5.950289404782869,0.33000000000000007,vasicek_mrjd_asian_call_12,call,12,1.2992400152207455,1.3758254116323074,0.05894630361931224,0.7309333699442084,0.5625853278695547
table_beta_as_rates,0.4,0.7,40.0,35.0,1.0,0.24,0.63,0.7,5.16,2.535379157427938,1.5926208425720623,0.5,0.0,0.4713791574279379,2.064,8.964588620114947,8.742390310057475,0.4,vasicek_mrjd_vanilla_put,put,1,4.0146771806991906,4.180519302531039,0.04130895570611368,1.5778562153307296,0.39302194032346394
table_beta_as_rates,0.4,0.7,40.0,35.0,1.0,0.24,0.63,0.7,5.16,2.535379157427938,1.5926208425720623,0.5,0.0,0.4713791574279379,2.064,8.964588620114947,8.742390310057475,0.4,vasicek_mrjd_asian_call_4,call,4,1.084987017704755,1.2090611793894697,0.11435543436011658,1.0157148035963637,0.9361538774399958
table_beta_as_rates,0.4,0.7,40.0,35.0,1.0,0.24,0.63,0.7,5.16,2.535379157427938,1.5926208425720623,0.5,0.0,0.4713791574279379,2.064,8.964588620114947,8.742390310057475,0.4,vasicek_mrjd_asian_put_12,put,12,1.0161712143237824,1.1230183812524357,0.1051468152438813,0.8859798423566162,0.8718804763094938
table_beta_as_rates,0.4,0.7,40.0,35.0,1.0,0.24,0.63,0.7,5.16,2.535379157427938,1.5926208425720623,0.5,0.0,0.4713791574279379,2.064,8.964588620114947,8.742390310057475,0.4,vasicek_mrjd_asian_call_12,call,12,1.2992400152207455,1.4060871821493988,0.08223820516373147,0.8859798423566162,0.6819216095388542
table_beta_as_rates,0.5,0.7,40.0,35.0,1.0,0.24,0.63,0.7,5.16,3.169223946784922,1.9907760532150778,0.5,0.0,0.5892239467849222,2.58,14.007169718929601,13.659984859464801,0.5,vasicek_mrjd_vanilla_put,put,1,4.0146771806991906,4.264022344293208,0.062108396857600334,1.9723202691634116,0.4912774254043298
table_beta_as_rates,0.5,0.7,40.0,35.0,1.0,0.24,0.63,0.7,5.16,3.169223946784922,1.9907760532150778,0.5,0.0,0.5892239467849222,2.58,14.007169718929601,13.659984859464801,0.5,vasicek_mrjd_asian_call_4,call,4,1.084987017704755,1.2660075224900198,0.16684117121346415,1.2696435044954544,1.1701923467999946
table_beta_as_rates,0.5,0.7,40.0,35.0,1.0,0.24,0.63,0.7,5.16,3.169223946784922,1.9907760532150778,0.5,0.0,0.5892239467849222,2.58,14.007169718929601,13.659984859464801,0.5,vasicek_mrjd_asian_put_12,put,12,1.0161712143237824,1.1714254766659327,0.15278356654244055,1.10747480294577,1.0898505953868671
table_beta_as_rates,0.5,0.7,40.0,35.0,1.0,0.24,0.63,0.7,5.16,3.169223946784922,1.9907760532150778,0.5,0.0,0.5892239467849222,2.58,14.007169718929601,13.659984859464801,0.5,vasicek_mrjd_asian_call_12,call,12,1.2992400152207455,1.4544942775628957,0.11949621357357283,1.10747480294577,0.8524020119235675
table_beta_as_rates,0.67,0.7,40.0,35.0,1.0,0.24,0.63,0.7,5.16,4.246760088691796,2.6676399113082043,0.5,0.0,0.789560088691796,3.4572000000000003,25.151273947309996,24.527868813654997,0.67,vasicek_mrjd_vanilla_put,put,1,4.0146771806991906,4.429654456929557,0.10336504220697869,2.642909160678972,0.658311750041802
table_beta_as_rates,0.67,0.7,40.0,35.0,1.0,0.24,0.63,0.7,5.16,4.246760088691796,2.6676399113082043,0.5,0.0,0.789560088691796,3.4572000000000003,25.151273947309996,24.527868813654997,0.67,vasicek_mrjd_asian_call_4,call,4,1.084987017704755,1.3754034216762967,0.26766809116841384,1.701322296023909,1.5680577447119928
table_beta_as_rates,0.67,0.7,40.0,35.0,1.0,0.24,0.63,0.7,5.16,4.246760088691796,2.6676399113082043,0.5,0.0,0.789560088691796,3.4572000000000003,25.151273947309996,24.527868813654997,0.67,vasicek_mrjd_asian_put_12,put,12,1.0161712143237824,1.2642308169917493,0.2441120149551173,1.4840162359473321,1.4603997978184022
table_beta_as_rates,0.67,0.7,40.0,35.0,1.0,0.24,0.63,0.7,5.16,4.246760088691796,2.6676399113082043,0.5,0.0,0.789560088691796,3.4572000000000003,25.151273947309996,24.527868813654997,0.67,vasicek_mrjd_asian_call_12,call,12,1.2992400152207455,1.5472996178887124,0.19092669542341698,1.4840162359473321,1.1422186959775809
table_beta_as_rates,1.0,0.7,40.0,35.0,1.0,0.24,0.63,0.7,5.16,6.338447893569844,3.9815521064301556,0.5,0.0,1.1784478935698444,5.16,56.028678875718406,54.639939437859205,1.0,vasicek_mrjd_vanilla_put,put,1,4.0146771806991906,4.806702485313936,0.19728243865346295,3.9446405383268233,0.9825548508086596
table_beta_as_rates,1.0,0.7,40.0,35.0,1.0,0.24,0.63,0.7,5.16,6.338447893569844,3.9815521064301556,0.5,0.0,1.1784478935698444,5.16,56.028678875718406,54.639939437859205,1.0,vasicek_mrjd_asian_call_4,call,4,1.084987017704755,1.6168427205234892,0.4901954531620599,2.5392870089909088,2.3403846935999892
table_beta_as_rates,1.0,0.7,40.0,35.0,1.0,0.24,0.63,0.7,5.16,6.338447893569844,3.9815521064301556,0.5,0.0,1.1784478935698444,5.16,56.028678875718406,54.639939437859205,1.0,vasicek_mrjd_asian_put_12,put,12,1.0161712143237824,1.4689479987429501,0.4455713545482302,2.21494960589154,2.1797011907737343
table_beta_as_rates,1.0,0.7,40.0,35.0,1.0,0.24,0.63,0.7,5.16,6.338447893569844,3.9815521064301556,0.5,0.0,1.1784478935698444,5.16,56.028678875718406,54.639939437859205,1.0,vasicek_mrjd_asian_call_12,call,12,1.2992400152207455,1.7520167996399132,0.3484935647877496,2.21494960589154,1.704804023847135
absolute_beta_gap,0.2,0.01,40.0,35.0,1.0,0.24,0.63,0.01,5.16,0.08446601941747571,0.1344660194174757,0.5,0.0,-0.025,0.10946601941747572,0.02521561881421434,0.02459061881421434,0.021214344848348006,vasicek_mrjd_vanilla_put,put,1,4.0146771806991906,4.01468371876898,1.628541846650976e-06,0.0011954709240405482,0.00029777510624960055
absolute_beta_gap,0.2,0.01,40.0,35.0,1.0,0.24,0.63,0.01,5.16,0.08446601941747571,0.1344660194174757,0.5,0.0,-0.025,0.10946601941747572,0.02521561881421434,0.02459061881421434,0.021214344848348006,vasicek_mrjd_asian_call_4,call,4,1.084987017704755,1.0849930049738248,5.5182863685580285e-06,0.0007695615753951901,0.0007092818281117923
absolute_beta_gap,0.2,0.01,40.0,35.0,1.0,0.24,0.63,0.01,5.16,0.08446601941747571,0.1344660194174757,0.5,0.0,-0.025,0.10946601941747572,0.02521561881421434,0.02459061881421434,0.021214344848348006,vasicek_mrjd_asian_put_12,put,12,1.0161712143237824,1.0161766482804377,5.347481387696776e-06,0.000671267210872795,0.0006605847532489828
absolute_beta_gap,0.2,0.01,40.0,35.0,1.0,0.24,0.63,0.01,5.16,0.08446601941747571,0.1344660194174757,0.5,0.0,-0.025,0.10946601941747572,0.02521561881421434,0.02459061881421434,0.021214344848348006,vasicek_mrjd_asian_call_12,call,12,1.2992400152207455,1.2992454491774008,4.182411711192877e-06,0.000671267210872795,0.0005166614351534919
absolute_beta_gap,0.25,0.01,40.0,35.0,1.0,0.24,0.63,0.01,5.16,0.06757281553398058,0.10757281553398057,0.5,0.0,-0.019999999999999997,0.08757281553398058,0.016137996041097176,0.015737996041097175,0.016971475878678408,vasicek_mrjd_vanilla_put,put,1,4.0146771806991906,4.0146813742715795,1.044560297166752e-06,0.0009563767392324385,0.00023822008499968042
absolute_beta_gap,0.25,0.01,40.0,35.0,1.0,0.24,0.63,0.01,5.16,0.06757281553398058,0.10757281553398057,0.5,0.0,-0.019999999999999997,0.08757281553398058,0.016137996041097176,0.015737996041097175,0.016971475878678408,vasicek_mrjd_asian_call_4,call,4,1.084987017704755,1.0849908523412377,3.534269461493897e-06,0.0006156492603161521,0.0005674254624894339
absolute_beta_gap,0.25,0.01,40.0,35.0,1.0,0.24,0.63,0.01,5.16,0.06757281553398058,0.10757281553398057,0.5,0.0,-0.019999999999999997,0.08757281553398058,0.016137996041097176,0.015737996041097175,0.016971475878678408,vasicek_mrjd_asian_put_12,put,12,1.0161712143237824,1.0161746920245192,3.4223570670958607e-06,0.000537013768698236,0.0005284678025991861
absolute_beta_gap,0.25,0.01,40.0,35.0,1.0,0.24,0.63,0.01,5.16,0.06757281553398058,0.10757281553398057,0.5,0.0,-0.019999999999999997,0.08757281553398058,0.016137996041097176,0.015737996041097175,0.016971475878678408,vasicek_mrjd_asian_call_12,call,12,1.2992400152207455,1.2992434929214822,2.676719232765861e-06,0.000537013768698236,0.0004133291481227935
absolute_beta_gap,0.29,0.01,40.0,35.0,1.0,0.24,0.63,0.01,5.16,0.05825242718446603,0.09273518580515569,0.5,0.0,-0.01724137931034483,0.07549380649481086,0.011993159959198266,0.01169589479867508,0.014630582654033112,vasicek_mrjd_vanilla_put,put,1,4.0146771806991906,4.014680300959696,7.772133012551835e-07,0.0008244627062348609,0.00020536214224110385
absolute_beta_gap,0.29,0.01,40.0,35.0,1.0,0.24,0.63,0.01,5.16,0.05825242718446603,0.09273518580515569,0.5,0.0,-0.01724137931034483,0.07549380649481086,0.011993159959198266,0.01169589479867508,0.014630582654033112,vasicek_mrjd_asian_call_4,call,4,1.084987017704755,1.0849898685269075,2.627517293799266e-06,0.0005307321209622002,0.0004891598814564086
absolute_beta_gap,0.29,0.01,40.0,35.0,1.0,0.24,0.63,0.01,5.16,0.05825242718446603,0.09273518580515569,0.5,0.0,-0.01724137931034483,0.07549380649481086,0.011993159959198266,0.01169589479867508,0.014630582654033112,vasicek_mrjd_asian_put_12,put,12,1.0161712143237824,1.016173798726698,2.543275069440709e-06,0.00046294290405020355,0.0004555756918958503
absolute_beta_gap,0.29,0.01,40.0,35.0,1.0,0.24,0.63,0.01,5.16,0.05825242718446603,0.09273518580515569,0.5,0.0,-0.01724137931034483,0.07549380649481086,0.011993159959198266,0.01169589479867508,0.014630582654033112,vasicek_mrjd_asian_call_12,call,12,1.2992400152207455,1.2992425996236612,1.9891651160650776e-06,0.00046294290405020355,0.0003563182311403393
absolute_beta_gap,0.33,0.01,40.0,35.0,1.0,0.24,0.63,0.01,5.16,0.05119152691968226,0.08149455722271257,0.5,0.0,-0.015151515151515152,0.06634304207119741,0.009261935285294527,0.009032366873907934,0.012857178695968492,vasicek_mrjd_vanilla_put,put,1,4.0146771806991906,4.014679592564233,6.007618880019307e-07,0.0007245278327518475,0.00018046976136339428
absolute_beta_gap,0.33,0.01,40.0,35.0,1.0,0.24,0.63,0.01,5.16,0.05119152691968226,0.08149455722271257,0.5,0.0,-0.015151515151515152,0.06634304207119741,0.009261935285294527,0.009032366873907934,0.012857178695968492,vasicek_mrjd_asian_call_4,call,4,1.084987017704755,1.0849892198963884,2.029693994083174e-06,0.0004664009547849638,0.00042986777461320757
absolute_beta_gap,0.33,0.01,40.0,35.0,1.0,0.24,0.63,0.01,5.16,0.05119152691968226,0.08149455722271257,0.5,0.0,-0.015151515151515152,0.06634304207119741,0.009261935285294527,0.009032366873907934,0.012857178695968492,vasicek_mrjd_asian_put_12,put,12,1.0161712143237824,1.0161732100899277,1.9640057867249448e-06,0.0004068286126501789,0.00040035439590847447
absolute_beta_gap,0.33,0.01,40.0,35.0,1.0,0.24,0.63,0.01,5.16,0.05119152691968226,0.08149455722271257,0.5,0.0,-0.015151515151515152,0.06634304207119741,0.009261935285294527,0.009032366873907934,0.012857178695968492,vasicek_mrjd_asian_call_12,call,12,1.2992400152207455,1.2992420109868907,1.536102738412144e-06,0.0004068286126501789,0.00031312814251726787
absolute_beta_gap,0.4,0.01,40.0,35.0,1.0,0.24,0.63,0.01,5.16,0.042233009708737855,0.06723300970873786,0.5,0.0,-0.0125,0.05473300970873786,0.006303904703553585,0.006147654703553585,0.010607172424174003,vasicek_mrjd_vanilla_put,put,1,4.0146771806991906,4.014678824156324,4.0936221247134767e-07,0.0005977354620202741,0.00014888755312480027
absolute_beta_gap,0.4,0.01,40.0,35.0,1.0,0.24,0.63,0.01,5.16,0.042233009708737855,0.06723300970873786,0.5,0.0,-0.0125,0.05473300970873786,0.006303904703553585,0.006147654703553585,0.010607172424174003,vasicek_mrjd_asian_call_4,call,4,1.084987017704755,1.0849885170583633,1.3819092615066825e-06,0.00038478078769759507,0.00035464091405589616
absolute_beta_gap,0.4,0.01,40.0,35.0,1.0,0.24,0.63,0.01,5.16,0.042233009708737855,0.06723300970873786,0.5,0.0,-0.0125,0.05473300970873786,0.006303904703553585,0.006147654703553585,0.010607172424174003,vasicek_mrjd_asian_put_12,put,12,1.0161712143237824,1.0161725725925086,1.336653417271974e-06,0.0003356336054363975,0.0003302923766244914
absolute_beta_gap,0.4,0.01,40.0,35.0,1.0,0.24,0.63,0.01,5.16,0.042233009708737855,0.06723300970873786,0.5,0.0,-0.0125,0.05473300970873786,0.006303904703553585,0.006147654703553585,0.010607172424174003,vasicek_mrjd_asian_call_12,call,12,1.2992400152207455,1.2992413734894717,1.0454332611734717e-06,0.0003356336054363975,0.00025833071757674594
absolute_beta_gap,0.5,0.01,40.0,35.0,1.0,0.24,0.63,0.01,5.16,0.03378640776699029,0.053786407766990285,0.5,0.0,-0.009999999999999998,0.04378640776699029,0.004034499010274294,0.003934499010274294,0.008485737939339204,vasicek_mrjd_vanilla_put,put,1,4.0146771806991906,4.014678233642195,2.6227339270236814e-07,0.00047818836961621925,0.00011911004249984021
absolute_beta_gap,0.5,0.01,40.0,35.0,1.0,0.24,0.63,0.01,5.16,0.03378640776699029,0.053786407766990285,0.5,0.0,-0.009999999999999998,0.04378640776699029,0.004034499010274294,0.003934499010274294,0.008485737939339204,vasicek_mrjd_asian_call_4,call,4,1.084987017704755,1.0849879775685798,8.846777050827028e-07,0.00030782463015807606,0.00028371273124471694
absolute_beta_gap,0.5,0.01,40.0,35.0,1.0,0.24,0.63,0.01,5.16,0.03378640776699029,0.053786407766990285,0.5,0.0,-0.009999999999999998,0.04378640776699029,0.004034499010274294,0.003934499010274294,0.008485737939339204,vasicek_mrjd_asian_put_12,put,12,1.0161712143237824,1.0161720835389627,8.553826048451525e-07,0.000268506884349118,0.00026423390129959307
absolute_beta_gap,0.5,0.01,40.0,35.0,1.0,0.24,0.63,0.01,5.16,0.03378640776699029,0.053786407766990285,0.5,0.0,-0.009999999999999998,0.04378640776699029,0.004034499010274294,0.003934499010274294,0.008485737939339204,vasicek_mrjd_asian_call_12,call,12,1.2992400152207455,1.2992408844359258,6.690181722345244e-07,0.000268506884349118,0.00020666457406139674
absolute_beta_gap,0.67,0.01,40.0,35.0,1.0,0.24,0.63,0.01,5.16,0.025213737139544994,0.04013911027387335,0.5,0.0,-0.00746268656716418,0.03267642370670917,0.002246880714120236,0.0021911890233205036,0.006332640253238212,vasicek_mrjd_vanilla_put,put,1,4.0146771806991906,4.014677767737183,1.46222962897512e-07,0.00035685699225091,8.888809141779122e-05
absolute_beta_gap,0.67,0.01,40.0,35.0,1.0,0.24,0.63,0.01,5.16,0.025213737139544994,0.04013911027387335,0.5,0.0,-0.00746268656716418,0.03267642370670917,0.002246880714120236,0.0021911890233205036,0.006332640253238212,vasicek_mrjd_asian_call_4,call,4,1.084987017704755,1.084987552416956,4.928282020503412e-07,0.00022971987325229562,0.00021172591883934105
absolute_beta_gap,0.67,0.01,40.0,35.0,1.0,0.24,0.63,0.01,5.16,0.025213737139544994,0.04013911027387335,0.5,0.0,-0.00746268656716418,0.03267642370670917,0.002246880714120236,0.0021911890233205036,0.006332640253238212,vasicek_mrjd_asian_put_12,put,12,1.0161712143237824,1.0161716983517783,4.763252383883835e-07,0.0002003782719023269,0.00019718947858178595
absolute_beta_gap,0.67,0.01,40.0,35.0,1.0,0.24,0.63,0.01,5.16,0.025213737139544994,0.04013911027387335,0.5,0.0,-0.00746268656716418,0.03267642370670917,0.002246880714120236,0.0021911890233205036,0.006332640253238212,vasicek_mrjd_asian_call_12,call,12,1.2992400152207455,1.2992404992487414,3.725470199776373e-07,0.0002003782719023269,0.00015422729407566925
absolute_beta_gap,1.0,0.01,40.0,35.0,1.0,0.24,0.63,0.01,5.16,0.016893203883495144,0.026893203883495143,0.5,0.0,-0.004999999999999999,0.021893203883495145,0.0010086247525685735,0.0009836247525685734,0.004242868969669602,vasicek_mrjd_vanilla_put,put,1,4.0146771806991906,4.014677444496652,6.570826229235778e-08,0.00023909418480810962,5.9555021249920106e-05
absolute_beta_gap,1.0,0.01,40.0,35.0,1.0,0.24,0.63,0.01,5.16,0.016893203883495144,0.026893203883495143,0.5,0.0,-0.004999999999999999,0.021893203883495145,0.0010086247525685735,0.0009836247525685734,0.004242868969669602,vasicek_mrjd_asian_call_4,call,4,1.084987017704755,1.0849872577975241,2.2128630601437072e-07,0.00015391231507903803,0.00014185636562235847
absolute_beta_gap,1.0,0.01,40.0,35.0,1.0,0.24,0.63,0.01,5.16,0.016893203883495144,0.026893203883495143,0.5,0.0,-0.004999999999999999,0.021893203883495145,0.0010086247525685735,0.0009836247525685734,0.004242868969669602,vasicek_mrjd_asian_put_12,put,12,1.0161712143237824,1.0161714315770416,2.1379591952426664e-07,0.000134253442174559,0.00013211695064979653
absolute_beta_gap,1.0,0.01,40.0,35.0,1.0,0.24,0.63,0.01,5.16,0.016893203883495144,0.026893203883495143,0.5,0.0,-0.004999999999999999,0.021893203883495145,0.0010086247525685735,0.0009836247525685734,0.004242868969669602,vasicek_mrjd_asian_call_12,call,12,1.2992400152207455,1.2992402324740047,1.6721564654359233e-07,0.000134253442174559,0.00010333228703069837
absolute_beta_gap,0.2,0.08,40.0,35.0,1.0,0.24,0.63,0.08,5.16,0.6757281553398057,1.0757281553398057,0.5,0.0,-0.2,0.8757281553398057,1.6137996041097178,1.5737996041097178,0.16971475878678405,vasicek_mrjd_vanilla_put,put,1,4.0146771806991906,4.017753027437021,0.0007661504522997108,0.07651013913859508,0.019057606799974435
absolute_beta_gap,0.2,0.08,40.0,35.0,1.0,0.24,0.63,0.08,5.16,0.6757281553398057,1.0757281553398057,0.5,0.0,-0.2,0.8757281553398057,1.6137996041097178,1.5737996041097178,0.16971475878678405,vasicek_mrjd_asian_call_4,call,4,1.084987017704755,1.0878768734579007,0.002663493392998554,0.04925194082529217,0.04539403699915471
absolute_beta_gap,0.2,0.08,40.0,35.0,1.0,0.24,0.63,0.08,5.16,0.6757281553398057,1.0757281553398057,0.5,0.0,-0.2,0.8757281553398057,1.6137996041097178,1.5737996041097178,0.16971475878678405,vasicek_mrjd_asian_put_12,put,12,1.0161712143237824,1.0188423237076232,0.002628601702340337,0.04296110149585888,0.0422774242079349
absolute_beta_gap,0.2,0.08,40.0,35.0,1.0,0.24,0.63,0.08,5.16,0.6757281553398057,1.0757281553398057,0.5,0.0,-0.2,0.8757281553398057,1.6137996041097178,1.5737996041097178,0.16971475878678405,vasicek_mrjd_asian_call_12,call,12,1.2992400152207455,1.3019111246045862,0.002055901413555917,0.04296110149585888,0.03306633184982348
absolute_beta_gap,0.25,0.08,40.0,35.0,1.0,0.24,0.63,0.08,5.16,0.5405825242718446,0.8605825242718446,0.5,0.0,-0.15999999999999998,0.7005825242718446,1.0328317466302193,1.0072317466302192,0.13577180702942726,vasicek_mrjd_vanilla_put,put,1,4.0146771806991906,4.016685409820608,0.0005002218188482337,0.061208111310876064,0.015246085439979547
absolute_beta_gap,0.25,0.08,40.0,35.0,1.0,0.24,0.63,0.08,5.16,0.5405825242718446,0.8605825242718446,0.5,0.0,-0.15999999999999998,0.7005825242718446,1.0328317466302193,1.0072317466302192,0.13577180702942726,vasicek_mrjd_asian_call_4,call,4,1.084987017704755,1.086870000769904,0.0017354890283686295,0.039401552660233735,0.03631522959932377
absolute_beta_gap,0.25,0.08,40.0,35.0,1.0,0.24,0.63,0.08,5.16,0.5405825242718446,0.8605825242718446,0.5,0.0,-0.15999999999999998,0.7005825242718446,1.0328317466302193,1.0072317466302192,0.13577180702942726,vasicek_mrjd_asian_put_12,put,12,1.0161712143237824,1.0179066724698955,0.0017078402946770744,0.0343688811966871,0.03382193936634791
absolute_beta_gap,0.25,0.08,40.0,35.0,1.0,0.24,0.63,0.08,5.16,0.5405825242718446,0.8605825242718446,0.5,0.0,-0.15999999999999998,0.7005825242718446,1.0328317466302193,1.0072317466302192,0.13577180702942726,vasicek_mrjd_asian_call_12,call,12,1.2992400152207455,1.3009754733668586,0.0013357486882962335,0.0343688811966871,0.026453065479858782
absolute_beta_gap,0.29,0.08,40.0,35.0,1.0,0.24,0.63,0.08,5.16,0.4660194174757282,0.7418814864412455,0.5,0.0,-0.13793103448275865,0.6039504519584868,0.767562237388689,0.7485372671152051,0.1170446612322649,vasicek_mrjd_vanilla_put,put,1,4.0146771806991906,4.016186086352708,0.00037584731862675227,0.0527656131990311,0.013143177103430647
absolute_beta_gap,0.29,0.08,40.0,35.0,1.0,0.24,0.63,0.08,5.16,0.4660194174757282,0.7418814864412455,0.5,0.0,-0.13793103448275865,0.6039504519584868,0.767562237388689,0.7485372671152051,0.1170446612322649,vasicek_mrjd_asian_call_4,call,4,1.084987017704755,1.0863990668883812,0.0013014433911047003,0.033966855741580815,0.03130623241321015
absolute_beta_gap,0.29,0.08,40.0,35.0,1.0,0.24,0.63,0.08,5.16,0.4660194174757282,0.7418814864412455,0.5,0.0,-0.13793103448275865,0.6039504519584868,0.767562237388689,0.7485372671152051,0.1170446612322649,vasicek_mrjd_asian_put_12,put,12,1.0161712143237824,1.017470174030473,0.0012782882336959175,0.029628345859213027,0.02915684428133442
absolute_beta_gap,0.29,0.08,40.0,35.0,1.0,0.24,0.63,0.08,5.16,0.4660194174757282,0.7418814864412455,0.5,0.0,-0.13793103448275865,0.6039504519584868,0.767562237388689,0.7485372671152051,0.1170446612322649,vasicek_mrjd_asian_call_12,call,12,1.2992400152207455,1.300538974927436,0.0009997842519266044,0.029628345859213027,0.022804366792981715
absolute_beta_gap,0.33,0.08,40.0,35.0,1.0,0.24,0.63,0.08,5.16,0.4095322153574581,0.6519564577817005,0.5,0.0,-0.12121212121212122,0.5307443365695793,0.5927638582588497,0.5780714799301078,0.10285742956774793,vasicek_mrjd_vanilla_put,put,1,4.0146771806991906,4.015852126660816,0.0002926626248491131,0.04636978129611824,0.011550064727257234
absolute_beta_gap,0.33,0.08,40.0,35.0,1.0,0.24,0.63,0.08,5.16,0.4095322153574581,0.6519564577817005,0.5,0.0,-0.12121212121212122,0.5307443365695793,0.5927638582588497,0.5780714799301078,0.10285742956774793,vasicek_mrjd_asian_call_4,call,4,1.084987017704755,1.0860844370393905,0.0010114584937220084,0.029849661106237685,0.027511537575245285
absolute_beta_gap,0.33,0.08,40.0,35.0,1.0,0.24,0.63,0.08,5.16,0.4095322153574581,0.6519564577817005,0.5,0.0,-0.12121212121212122,0.5307443365695793,0.5927638582588497,0.5780714799301078,0.10285742956774793,vasicek_mrjd_asian_put_12,put,12,1.0161712143237824,1.0171791372223467,0.0009918829468466553,0.02603703120961145,0.025622681338142366
absolute_beta_gap,0.33,0.08,40.0,35.0,1.0,0.24,0.63,0.08,5.16,0.4095322153574581,0.6519564577817005,0.5,0.0,-0.12121212121212122,0.5307443365695793,0.5927638582588497,0.5780714799301078,0.10285742956774793,vasicek_mrjd_asian_call_12,call,12,1.2992400152207455,1.3002479381193097,0.000775778829743762,0.02603703120961145,0.020040201121105144
absolute_beta_gap,0.4,0.08,40.0,35.0,1.0,0.24,0.63,0.08,5.16,0.33786407766990284,0.5378640776699029,0.5,0.0,-0.1,0.4378640776699029,0.40344990102742945,0.39344990102742944,0.08485737939339202,vasicek_mrjd_vanilla_put,put,1,4.0146771806991906,4.015485224013624,0.00020127230112492969,0.03825506956929754,0.009528803399987218
absolute_beta_gap,0.4,0.08,40.0,35.0,1.0,0.24,0.63,0.08,5.16,0.33786407766990284,0.5378640776699029,0.5,0.0,-0.1,0.4378640776699029,0.40344990102742945,0.39344990102742944,0.08485737939339202,vasicek_mrjd_asian_call_4,call,4,1.084987017704755,1.0857394599682433,0.0006935034716637647,0.024625970412646084,0.022697018499577355
absolute_beta_gap,0.4,0.08,40.0,35.0,1.0,0.24,0.63,0.08,5.16,0.33786407766990284,0.5378640776699029,0.5,0.0,-0.1,0.4378640776699029,0.40344990102742945,0.39344990102742944,0.08485737939339202,vasicek_mrjd_asian_put_12,put,12,1.0161712143237824,1.016860758929281,0.0006785712838337971,0.02148055074792944,0.02113871210396745
absolute_beta_gap,0.4,0.08,40.0,35.0,1.0,0.24,0.63,0.08,5.16,0.33786407766990284,0.5378640776699029,0.5,0.0,-0.1,0.4378640776699029,0.40344990102742945,0.39344990102742944,0.08485737939339202,vasicek_mrjd_asian_call_12,call,12,1.2992400152207455,1.2999295598262441,0.0005307291935443364,0.02148055074792944,0.01653316592491174
absolute_beta_gap,0.5,0.08,40.0,35.0,1.0,0.24,0.63,0.08,5.16,0.2702912621359223,0.4302912621359223,0.5,0.0,-0.07999999999999999,0.3502912621359223,0.2582079366575548,0.2518079366575548,0.06788590351471363,vasicek_mrjd_vanilla_put,put,1,4.0146771806991906,4.01519934087692,0.00013006280560743402,0.030604055655438032,0.0076230427199897735
absolute_beta_gap,0.5,0.08,40.0,35.0,1.0,0.24,0.63,0.08,5.16,0.2702912621359223,0.4302912621359223,0.5,0.0,-0.07999999999999999,0.3502912621359223,0.2582079366575548,0.2518079366575548,0.06788590351471363,vasicek_mrjd_asian_call_4,call,4,1.084987017704755,1.0854715434287943,0.0004465728309490154,0.019700776330116868,0.018157614799661884
absolute_beta_gap,0.5,0.08,40.0,35.0,1.0,0.24,0.63,0.08,5.16,0.2702912621359223,0.4302912621359223,0.5,0.0,-0.07999999999999999,0.3502912621359223,0.2582079366575548,0.2518079366575548,0.06788590351471363,vasicek_mrjd_asian_put_12,put,12,1.0161712143237824,1.0166142138332024,0.00043594967381037944,0.01718444059834355,0.016910969683173956
absolute_beta_gap,0.5,0.08,40.0,35.0,1.0,0.24,0.63,0.08,5.16,0.2702912621359223,0.4302912621359223,0.5,0.0,-0.07999999999999999,0.3502912621359223,0.2582079366575548,0.2518079366575548,0.06788590351471363,vasicek_mrjd_asian_call_12,call,12,1.2992400152207455,1.2996830147301655,0.0003409681846542288,0.01718444059834355,0.013226532739929391
absolute_beta_gap,0.67,0.08,40.0,35.0,1.0,0.24,0.63,0.08,5.16,0.20170989711635995,0.3211128821909868,0.5,0.0,-0.05970149253731344,0.2614113896536734,0.14380036570369512,0.14023609749251223,0.0506611220259057,vasicek_mrjd_vanilla_put,put,1,4.0146771806991906,4.014970785249346,7.313279173910538e-05,0.02283884750405824,0.005688837850738638
absolute_beta_gap,0.67,0.08,40.0,35.0,1.0,0.24,0.63,0.08,5.16,0.20170989711635995,0.3211128821909868,0.5,0.0,-0.05970149253731344,0.2614113896536734,0.14380036570369512,0.14023609749251223,0.0506611220259057,vasicek_mrjd_asian_call_4,call,4,1.084987017704755,1.0852583041762123,0.0002500366059966783,0.01470207188814692,0.013550458805717827
absolute_beta_gap,0.67,0.08,40.0,35.0,1.0,0.24,0.63,0.08,5.16,0.20170989711635995,0.3211128821909868,0.5,0.0,-0.05970149253731344,0.2614113896536734,0.14380036570369512,0.14023609749251223,0.0506611220259057,vasicek_mrjd_asian_put_12,put,12,1.0161712143237824,1.0164186179837003,0.00024346651079115472,0.012824209401748922,0.0126201266292343
absolute_beta_gap,0.67,0.08,40.0,35.0,1.0,0.24,0.63,0.08,5.16,0.20170989711635995,0.3211128821909868,0.5,0.0,-0.05970149253731344,0.2614113896536734,0.14380036570369512,0.14023609749251223,0.0506611220259057,vasicek_mrjd_asian_call_12,call,12,1.2992400152207455,1.2994874188806633,0.00019042182893034372,0.012824209401748922,0.009870546820842832
absolute_beta_gap,1.0,0.08,40.0,35.0,1.0,0.24,0.63,0.08,5.16,0.13514563106796115,0.21514563106796114,0.5,0.0,-0.039999999999999994,0.17514563106796116,0.0645519841643887,0.0629519841643887,0.033942951757356815,vasicek_mrjd_vanilla_put,put,1,4.0146771806991906,4.01481018206073,3.312878110814905e-05,0.015302027827719016,0.0038115213599948868
absolute_beta_gap,1.0,0.08,40.0,35.0,1.0,0.24,0.63,0.08,5.16,0.13514563106796115,0.21514563106796114,0.5,0.0,-0.039999999999999994,0.17514563106796116,0.0645519841643887,0.0629519841643887,0.033942951757356815,vasicek_mrjd_asian_call_4,call,4,1.084987017704755,1.0851093180356033,0.00011272054766801691,0.009850388165058434,0.009078807399830942
absolute_beta_gap,1.0,0.08,40.0,35.0,1.0,0.24,0.63,0.08,5.16,0.13514563106796115,0.21514563106796114,0.5,0.0,-0.039999999999999994,0.17514563106796116,0.0645519841643887,0.0629519841643887,0.033942951757356815,vasicek_mrjd_asian_put_12,put,12,1.0161712143237824,1.0162824507132266,0.00010946618825277059,0.008592220299171775,0.008455484841586978
absolute_beta_gap,1.0,0.08,40.0,35.0,1.0,0.24,0.63,0.08,5.16,0.13514563106796115,0.21514563106796114,0.5,0.0,-0.039999999999999994,0.17514563106796116,0.0645519841643887,0.0629519841643887,0.033942951757356815,vasicek_mrjd_asian_call_12,call,12,1.2992400152207455,1.2993512516101897,8.561650514228828e-05,0.008592220299171775,0.006613266369964696
absolute_beta_gap,0.2,0.7,40.0,35.0,1.0,0.24,0.63,0.7,5.16,5.9126213592233,9.4126213592233,0.5,0.0,-1.75,7.6626213592233,123.55653218965026,120.49403218965026,1.4850041393843603,vasicek_mrjd_vanilla_put,put,1,4.0146771806991906,5.134203724048042,0.2788584219750083,5.857807527798686,1.4590980206230426
absolute_beta_gap,0.2,0.7,40.0,35.0,1.0,0.24,0.63,0.7,5.16,5.9126213592233,9.4126213592233,0.5,0.0,-1.75,7.6626213592233,123.55653218965026,120.49403218965026,1.4850041393843603,vasicek_mrjd_asian_call_4,call,4,1.084987017704755,1.9722680543628885,0.8177803256440247,3.7708517194364317,3.4754809577477825
absolute_beta_gap,0.2,0.7,40.0,35.0,1.0,0.24,0.63,0.7,5.16,5.9126213592233,9.4126213592233,0.5,0.0,-1.75,7.6626213592233,123.55653218965026,120.49403218965026,1.4850041393843603,vasicek_mrjd_asian_put_12,put,12,1.0161712143237824,1.8291495571041028,0.8000407129435584,3.2892093332766956,3.2368652909200155
absolute_beta_gap,0.2,0.7,40.0,35.0,1.0,0.24,0.63,0.7,5.16,5.9126213592233,9.4126213592233,0.5,0.0,-1.75,7.6626213592233,123.55653218965026,120.49403218965026,1.4850041393843603,vasicek_mrjd_asian_call_12,call,12,1.2992400152207455,2.1122183580010656,0.6257337622426847,3.2892093332766956,2.5316410322521103
absolute_beta_gap,0.25,0.7,40.0,35.0,1.0,0.24,0.63,0.7,5.16,4.73009708737864,7.53009708737864,0.5,0.0,-1.4,6.1300970873786405,79.07618060137617,77.11618060137617,1.1880033115074884,vasicek_mrjd_vanilla_put,put,1,4.0146771806991906,4.816801575588859,0.1997979809549648,4.686246022238949,1.1672784164984342
absolute_beta_gap,0.25,0.7,40.0,35.0,1.0,0.24,0.63,0.7,5.16,4.73009708737864,7.53009708737864,0.5,0.0,-1.4,6.1300970873786405,79.07618060137617,77.11618060137617,1.1880033115074884,vasicek_mrjd_asian_call_4,call,4,1.084987017704755,1.7363523350256285,0.6003438812556576,3.0166813755491457,2.7803847661982264
absolute_beta_gap,0.25,0.7,40.0,35.0,1.0,0.24,0.63,0.7,5.16,4.73009708737864,7.53009708737864,0.5,0.0,-1.4,6.1300970873786405,79.07618060137617,77.11618060137617,1.1880033115074884,vasicek_mrjd_asian_put_12,put,12,1.0161712143237824,1.6149383912354036,0.5892384752406853,2.6313674666213567,2.5894922327360126
absolute_beta_gap,0.25,0.7,40.0,35.0,1.0,0.24,0.63,0.7,5.16,4.73009708737864,7.53009708737864,0.5,0.0,-1.4,6.1300970873786405,79.07618060137617,77.11618060137617,1.1880033115074884,vasicek_mrjd_asian_call_12,call,12,1.2992400152207455,1.8980071921323667,0.4608595562767427,2.6313674666213567,2.0253128258016884
absolute_beta_gap,0.29,0.7,40.0,35.0,1.0,0.24,0.63,0.7,5.16,4.07766990291262,6.491463006360896,0.5,0.0,-1.206896551724138,5.284566454636758,58.76648380007146,57.309884513507846,1.0241407857823175,vasicek_mrjd_vanilla_put,put,1,4.0146771806991906,4.652372094292332,0.15884089427137485,4.0398672605508175,1.0062744969814086
absolute_beta_gap,0.29,0.7,40.0,35.0,1.0,0.24,0.63,0.7,5.16,4.07766990291262,6.491463006360896,0.5,0.0,-1.206896551724138,5.284566454636758,58.76648380007146,57.309884513507846,1.0241407857823175,vasicek_mrjd_asian_call_4,call,4,1.084987017704755,1.6116606594095066,0.4854193028216208,2.6005873927147807,2.396883419136402
absolute_beta_gap,0.29,0.7,40.0,35.0,1.0,0.24,0.63,0.7,5.16,4.07766990291262,6.491463006360896,0.5,0.0,-1.206896551724138,5.284566454636758,58.76648380007146,57.309884513507846,1.0241407857823175,vasicek_mrjd_asian_put_12,put,12,1.0161712143237824,1.5013300864386325,0.47743811798261,2.268420229845997,2.2323208902896656
absolute_beta_gap,0.29,0.7,40.0,35.0,1.0,0.24,0.63,0.7,5.16,4.07766990291262,6.491463006360896,0.5,0.0,-1.206896551724138,5.284566454636758,58.76648380007146,57.309884513507846,1.0241407857823175,vasicek_mrjd_asian_call_12,call,12,1.2992400152207455,1.7843988873355956,0.3734174336005344,2.268420229845997,1.7459593325876621
absolute_beta_gap,0.33,0.7,40.0,35.0,1.0,0.24,0.63,0.7,5.16,3.5834068843777582,5.704619005589879,0.5,0.0,-1.0606060606060603,4.644012944983818,45.38348289794317,44.25859768214886,0.9000025087177942,vasicek_mrjd_vanilla_put,put,1,4.0146771806991906,4.534351136526795,0.12944352246451332,3.550186380484052,0.8843018306806318
absolute_beta_gap,0.33,0.7,40.0,35.0,1.0,0.24,0.63,0.7,5.16,3.5834068843777582,5.704619005589879,0.5,0.0,-1.0606060606060603,4.644012944983818,45.38348289794317,44.25859768214886,0.9000025087177942,vasicek_mrjd_asian_call_4,call,4,1.084987017704755,1.520633885108442,0.40152265446021645,2.285364678446322,2.1063520956047164
absolute_beta_gap,0.33,0.7,40.0,35.0,1.0,0.24,0.63,0.7,5.16,3.5834068843777582,5.704619005589879,0.5,0.0,-1.0606060606060603,4.644012944983818,45.38348289794317,44.25859768214886,0.9000025087177942,vasicek_mrjd_asian_put_12,put,12,1.0161712143237824,1.4181706129593226,0.39560203336703764,1.993460201985876,1.9617365399515245
absolute_beta_gap,0.33,0.7,40.0,35.0,1.0,0.24,0.63,0.7,5.16,3.5834068843777582,5.704619005589879,0.5,0.0,-1.0606060606060603,4.644012944983818,45.38348289794317,44.25859768214886,0.9000025087177942,vasicek_mrjd_asian_call_12,call,12,1.2992400152207455,1.7012394138562856,0.3094111895616446,1.993460201985876,1.5343278983346123
absolute_beta_gap,0.4,0.7,40.0,35.0,1.0,0.24,0.63,0.7,5.16,2.95631067961165,4.70631067961165,0.5,0.0,-0.875,3.83131067961165,30.889133047412564,30.123508047412564,0.7425020696921801,vasicek_mrjd_vanilla_put,put,1,4.0146771806991906,4.394702432558429,0.09465898122176128,2.928903763899343,0.7295490103115213
absolute_beta_gap,0.4,0.7,40.0,35.0,1.0,0.24,0.63,0.7,5.16,2.95631067961165,4.70631067961165,0.5,0.0,-0.875,3.83131067961165,30.889133047412564,30.123508047412564,0.7425020696921801,vasicek_mrjd_asian_call_4,call,4,1.084987017704755,1.41062539237353,0.3001311254006057,1.8854258597182159,1.7377404788738913
absolute_beta_gap,0.4,0.7,40.0,35.0,1.0,0.24,0.63,0.7,5.16,2.95631067961165,4.70631067961165,0.5,0.0,-0.875,3.83131067961165,30.889133047412564,30.123508047412564,0.7425020696921801,vasicek_mrjd_asian_put_12,put,12,1.0161712143237824,1.3173519417759494,0.29638777718436904,1.6446046666383478,1.6184326454600078
absolute_beta_gap,0.4,0.7,40.0,35.0,1.0,0.24,0.63,0.7,5.16,2.95631067961165,4.70631067961165,0.5,0.0,-0.875,3.83131067961165,30.889133047412564,30.123508047412564,0.7425020696921801,vasicek_mrjd_asian_call_12,call,12,1.2992400152207455,1.6004207426729125,0.23181300138835031,1.6446046666383478,1.2658205161260552
absolute_beta_gap,0.5,0.7,40.0,35.0,1.0,0.24,0.63,0.7,5.16,2.36504854368932,3.76504854368932,0.5,0.0,-0.7,3.0650485436893202,19.76904515034404,19.279045150344043,0.5940016557537442,vasicek_mrjd_vanilla_put,put,1,4.0146771806991906,4.275953610282121,0.06508030853365578,2.3431230111194745,0.5836392082492171
absolute_beta_gap,0.5,0.7,40.0,35.0,1.0,0.24,0.63,0.7,5.16,2.36504854368932,3.76504854368932,0.5,0.0,-0.7,3.0650485436893202,19.76904515034404,19.279045150344043,0.5940016557537442,vasicek_mrjd_asian_call_4,call,4,1.084987017704755,1.3142842680628275,0.211336399990427,1.5083406877745729,1.3901923830991132
absolute_beta_gap,0.5,0.7,40.0,35.0,1.0,0.24,0.63,0.7,5.16,2.36504854368932,3.76504854368932,0.5,0.0,-0.7,3.0650485436893202,19.76904515034404,19.279045150344043,0.5940016557537442,vasicek_mrjd_asian_put_12,put,12,1.0161712143237824,1.2286970452273136,0.20914372293546793,1.3156837333106783,1.2947461163680063
absolute_beta_gap,0.5,0.7,40.0,35.0,1.0,0.24,0.63,0.7,5.16,2.36504854368932,3.76504854368932,0.5,0.0,-0.7,3.0650485436893202,19.76904515034404,19.279045150344043,0.5940016557537442,vasicek_mrjd_asian_call_12,call,12,1.2992400152207455,1.5117658461242767,0.16357703612401614,1.3156837333106783,1.0126564129008442
absolute_beta_gap,0.67,0.7,40.0,35.0,1.0,0.24,0.63,0.7,5.16,1.7649615997681494,2.8097377191711344,0.5,0.0,-0.5223880597014925,2.287349659469642,11.009715499189154,10.736826214270463,0.4432848177266748,vasicek_mrjd_vanilla_put,put,1,4.0146771806991906,4.171850683079519,0.039149723702804805,1.7485992620294584,0.4355516479471769
absolute_beta_gap,0.67,0.7,40.0,35.0,1.0,0.24,0.63,0.7,5.16,1.7649615997681494,2.8097377191711344,0.5,0.0,-0.5223880597014925,2.287349659469642,11.009715499189154,10.736826214270463,0.4432848177266748,vasicek_mrjd_asian_call_4,call,4,1.084987017704755,1.226645673058843,0.13056253488982864,1.1256273789362483,1.037457002312771
absolute_beta_gap,0.67,0.7,40.0,35.0,1.0,0.24,0.63,0.7,5.16,1.7649615997681494,2.8097377191711344,0.5,0.0,-0.5223880597014925,2.287349659469642,11.009715499189154,10.736826214270463,0.4432848177266748,vasicek_mrjd_asian_put_12,put,12,1.0161712143237824,1.14767713793481,0.12941315573334666,0.9818535323214016,0.9662284450507509
absolute_beta_gap,0.67,0.7,40.0,35.0,1.0,0.24,0.63,0.7,5.16,1.7649615997681494,2.8097377191711344,0.5,0.0,-0.5223880597014925,2.287349659469642,11.009715499189154,10.736826214270463,0.4432848177266748,vasicek_mrjd_asian_call_12,call,12,1.2992400152207455,1.4307459388317731,0.1012175749441371,0.9818535323214016,0.7557137409707791
absolute_beta_gap,1.0,0.7,40.0,35.0,1.0,0.24,0.63,0.7,5.16,1.18252427184466,1.88252427184466,0.5,0.0,-0.35,1.5325242718446601,4.94226128758601,4.819761287586011,0.2970008278768721,vasicek_mrjd_vanilla_put,put,1,4.0146771806991906,4.091102501115623,0.01903647964121547,1.1715615055597373,0.29181960412460856
absolute_beta_gap,1.0,0.7,40.0,35.0,1.0,0.24,0.63,0.7,5.16,1.18252427184466,1.88252427184466,0.5,0.0,-0.35,1.5325242718446601,4.94226128758601,4.819761287586011,0.2970008278768721,vasicek_mrjd_asian_call_4,call,4,1.084987017704755,1.1555768390051018,0.06506052159930605,0.7541703438872864,0.6950961915495566
absolute_beta_gap,1.0,0.7,40.0,35.0,1.0,0.24,0.63,0.7,5.16,1.18252427184466,1.88252427184466,0.5,0.0,-0.35,1.5325242718446601,4.94226128758601,4.819761287586011,0.2970008278768721,vasicek_mrjd_asian_put_12,put,12,1.0161712143237824,1.0816764002746666,0.06446274508422777,0.6578418666553392,0.6473730581840031
absolute_beta_gap,1.0,0.7,40.0,35.0,1.0,0.24,0.63,0.7,5.16,1.18252427184466,1.88252427184466,0.5,0.0,-0.35,1.5325242718446601,4.94226128758601,4.819761287586011,0.2970008278768721,vasicek_mrjd_asian_call_12,call,12,1.2992400152207455,1.3647452011716297,0.05041807917204167,0.6578418666553392,0.5063282064504221
fixed_marks_vary_sigma,0.2,0.01,40.0,35.0,1.0,0.24,0.63,0.01,22.549999999999997,3.48,5.54,0.5,0.0,-1.03,4.51,42.802,41.7411,0.2,vasicek_mrjd_vanilla_put,put,1,9.83191647668962,9.835036817143704,0.0003173684867524641,0.04925340207047059,0.005009542360052074
fixed_marks_vary_sigma,0.2,0.01,40.0,35.0,1.0,0.24,0.63,0.01,22.549999999999997,3.48,5.54,0.5,0.0,-1.03,4.51,42.802,41.7411,0.2,vasicek_mrjd_asian_call_4,call,4,5.38568762803267,5.387886974571474,0.00040836875264660177,0.031705936906281845,0.005887073127162345
fixed_marks_vary_sigma,0.2,0.01,40.0,35.0,1.0,0.24,0.63,0.01,22.549999999999997,3.48,5.54,0.5,0.0,-1.03,4.51,42.802,41.7411,0.2,vasicek_mrjd_asian_put_12,put,12,4.894918937304162,4.896904987370061,0.00040573706967112123,0.027656209087959162,0.005649983062475515
fixed_marks_vary_sigma,0.2,0.01,40.0,35.0,1.0,0.24,0.63,0.01,22.549999999999997,3.48,5.54,0.5,0.0,-1.03,4.51,42.802,41.7411,0.2,vasicek_mrjd_asian_call_12,call,12,5.177987738201125,5.1799737882670245,0.0003835563478158099,0.027656209087959162,0.005341111351794579
fixed_marks_vary_sigma,0.25,0.01,40.0,35.0,1.0,0.24,0.63,0.01,18.04,3.48,5.54,0.5,0.0,-1.03,4.51,42.802,41.7411,0.25,vasicek_mrjd_vanilla_put,put,1,8.256913606196061,8.26066965204216,0.0004548970747714841,0.04925340207047059,0.005965110502489743
fixed_marks_vary_sigma,0.25,0.01,40.0,35.0,1.0,0.24,0.63,0.01,18.04,3.48,5.54,0.5,0.0,-1.03,4.51,42.802,41.7411,0.25,vasicek_mrjd_asian_call_4,call,4,4.268851292841356,4.271519592655335,0.0006250627231858534,0.031705936906281845,0.007427276035464404
fixed_marks_vary_sigma,0.25,0.01,40.0,35.0,1.0,0.24,0.63,0.01,18.04,3.48,5.54,0.5,0.0,-1.03,4.51,42.802,41.7411,0.25,vasicek_mrjd_asian_put_12,put,12,3.888198072327781,3.890610654650784,0.0006204885343092684,0.027656209087959162,0.007112860140739172
fixed_marks_vary_sigma,0.25,0.01,40.0,35.0,1.0,0.24,0.63,0.01,18.04,3.48,5.54,0.5,0.0,-1.03,4.51,42.802,41.7411,0.25,vasicek_mrjd_asian_call_12,call,12,4.171266873224744,4.173679455547747,0.0005783811960076427,0.027656209087959162,0.006630170144586927
fixed_marks_vary_sigma,0.29,0.01,40.0,35.0,1.0,0.24,0.63,0.01,15.551724137931036,3.48,5.54,0.5,0.0,-1.03,4.51,42.802,41.7411,0.29,vasicek_mrjd_vanilla_put,put,1,7.3949161504627146,7.399130611161746,0.0005699132503033694,0.04925340207047059,0.006660440912151344
fixed_marks_vary_sigma,0.29,0.01,40.0,35.0,1.0,0.24,0.63,0.01,15.551724137931036,3.48,5.54,0.5,0.0,-1.03,4.51,42.802,41.7411,0.29,vasicek_mrjd_asian_call_4,call,4,3.652812533200487,3.6558298957967903,0.0008260381743871619,0.031705936906281845,0.0086798697217845
fixed_marks_vary_sigma,0.29,0.01,40.0,35.0,1.0,0.24,0.63,0.01,15.551724137931036,3.48,5.54,0.5,0.0,-1.03,4.51,42.802,41.7411,0.29,vasicek_mrjd_asian_put_12,put,12,3.3328444426302344,3.335575922895616,0.00081956428282199,0.027656209087959162,0.008298079782605536
fixed_marks_vary_sigma,0.29,0.01,40.0,35.0,1.0,0.24,0.63,0.01,15.551724137931036,3.48,5.54,0.5,0.0,-1.03,4.51,42.802,41.7411,0.29,vasicek_mrjd_asian_call_12,call,12,3.6159132435271975,3.618644723792579,0.0007554053655106611,0.027656209087959162,0.0076484714165822995
fixed_marks_vary_sigma,0.33,0.01,40.0,35.0,1.0,0.24,0.63,0.01,13.666666666666666,3.48,5.54,0.5,0.0,-1.03,4.51,42.802,41.7411,0.33,vasicek_mrjd_vanilla_put,put,1,6.747287093383573,6.751916233947791,0.0006860743436807131,0.04925340207047059,0.007299734158157987
fixed_marks_vary_sigma,0.33,0.01,40.0,35.0,1.0,0.24,0.63,0.01,13.666666666666666,3.48,5.54,0.5,0.0,-1.03,4.51,42.802,41.7411,0.33,vasicek_mrjd_asian_call_4,call,4,3.1862311506679486,3.1895753622171057,0.0010495822151685471,0.031705936906281845,0.00995092176524454
fixed_marks_vary_sigma,0.33,0.01,40.0,35.0,1.0,0.24,0.63,0.01,13.666666666666666,3.48,5.54,0.5,0.0,-1.03,4.51,42.802,41.7411,0.33,vasicek_mrjd_asian_put_12,put,12,2.9121833627927387,2.915214801651928,0.0010409505451890008,0.027656209087959162,0.00949672655963438
fixed_marks_vary_sigma,0.33,0.01,40.0,35.0,1.0,0.24,0.63,0.01,13.666666666666666,3.48,5.54,0.5,0.0,-1.03,4.51,42.802,41.7411,0.33,vasicek_mrjd_asian_call_12,call,12,3.1952521636897018,3.198283602548891,0.0009487322764813967,0.027656209087959162,0.0086554073579042
fixed_marks_vary_sigma,0.4,0.01,40.0,35.0,1.0,0.24,0.63,0.01,11.274999999999999,3.48,5.54,0.5,0.0,-1.03,4.51,42.802,41.7411,0.4,vasicek_mrjd_vanilla_put,put,1,5.9362052137732455,5.941460413780453,0.0008852793692195951,0.04925340207047059,0.008297119169026085
fixed_marks_vary_sigma,0.4,0.01,40.0,35.0,1.0,0.24,0.63,0.01,11.274999999999999,3.48,5.54,0.5,0.0,-1.03,4.51,42.802,41.7411,0.4,vasicek_mrjd_asian_call_4,call,4,2.5944835382682303,2.598350053586834,0.0014902832342442,0.031705936906281845,0.01222051959036324
fixed_marks_vary_sigma,0.4,0.01,40.0,35.0,1.0,0.24,0.63,0.01,11.274999999999999,3.48,5.54,0.5,0.0,-1.03,4.51,42.802,41.7411,0.4,vasicek_mrjd_asian_put_12,put,12,2.3785914163233395,2.382105538139481,0.0014773961564081989,0.027656209087959162,0.011627137346147579
fixed_marks_vary_sigma,0.4,0.01,40.0,35.0,1.0,0.24,0.63,0.01,11.274999999999999,3.48,5.54,0.5,0.0,-1.03,4.51,42.802,41.7411,0.4,vasicek_mrjd_asian_call_12,call,12,2.6616602172203025,2.665174339036444,0.001320274388671443,0.027656209087959162,0.010390585886594438
fixed_marks_vary_sigma,0.5,0.01,40.0,35.0,1.0,0.24,0.63,0.01,9.02,3.48,5.54,0.5,0.0,-1.03,4.51,42.802,41.7411,0.5,vasicek_mrjd_vanilla_put,put,1,5.189836182253261,5.195788882217872,0.0011469918809704836,0.04925340207047059,0.009490357757127959
fixed_marks_vary_sigma,0.5,0.01,40.0,35.0,1.0,0.24,0.63,0.01,9.02,3.48,5.54,0.5,0.0,-1.03,4.51,42.802,41.7411,0.5,vasicek_mrjd_asian_call_4,call,4,2.036951696486294,2.0414673274208046,0.0022168571509574063,0.031705936906281845,0.015565384766351617
fixed_marks_vary_sigma,0.5,0.01,40.0,35.0,1.0,0.24,0.63,0.01,9.02,3.48,5.54,0.5,0.0,-1.03,4.51,42.802,41.7411,0.5,vasicek_mrjd_asian_put_12,put,12,1.8757054910340032,1.8798268476417892,0.0021972301235382457,0.027656209087959162,0.014744430413067338
fixed_marks_vary_sigma,0.5,0.01,40.0,35.0,1.0,0.24,0.63,0.01,9.02,3.48,5.54,0.5,0.0,-1.03,4.51,42.802,41.7411,0.5,vasicek_mrjd_asian_call_12,call,12,2.1587742919309663,2.1628956485387523,0.0019091188102391033,0.027656209087959162,0.012811070240799197
fixed_marks_vary_sigma,0.67,0.01,40.0,35.0,1.0,0.24,0.63,0.01,6.731343283582089,3.48,5.54,0.5,0.0,-1.03,4.51,42.802,41.7411,0.67,vasicek_mrjd_vanilla_put,put,1,4.467939304587334,4.4746530086561265,0.001502639944526331,0.04925340207047059,0.011023740188211825
fixed_marks_vary_sigma,0.67,0.01,40.0,35.0,1.0,0.24,0.63,0.01,6.731343283582089,3.48,5.54,0.5,0.0,-1.03,4.51,42.802,41.7411,0.67,vasicek_mrjd_asian_call_4,call,4,1.4719067989160186,1.4773149130218013,0.0036742231979398896,0.031705936906281845,0.021540723182766456
fixed_marks_vary_sigma,0.67,0.01,40.0,35.0,1.0,0.24,0.63,0.01,6.731343283582089,3.48,5.54,0.5,0.0,-1.03,4.51,42.802,41.7411,0.67,vasicek_mrjd_asian_put_12,put,12,1.3657468278140834,1.370721808155905,0.00364268123527999,0.027656209087959162,0.020249879790842137
fixed_marks_vary_sigma,0.67,0.01,40.0,35.0,1.0,0.24,0.63,0.01,6.731343283582089,3.48,5.54,0.5,0.0,-1.03,4.51,42.802,41.7411,0.67,vasicek_mrjd_asian_call_12,call,12,1.6488156287110465,1.653790609052868,0.0030173054252953073,0.027656209087959162,0.016773378785582757
fixed_marks_vary_sigma,1.0,0.01,40.0,35.0,1.0,0.24,0.63,0.01,4.51,3.48,5.54,0.5,0.0,-1.03,4.51,42.802,41.7411,1.0,vasicek_mrjd_vanilla_put,put,1,3.8456085903049777,3.8528265151726946,0.0018769265509531391,0.04925340207047059,0.012807700241423822
fixed_marks_vary_sigma,1.0,0.01,40.0,35.0,1.0,0.24,0.63,0.01,4.51,3.48,5.54,0.5,0.0,-1.03,4.51,42.802,41.7411,1.0,vasicek_mrjd_asian_call_4,call,4,0.9254224037694115,0.93204176233772,0.0071527969728705345,0.031705936906281845,0.03426104314866149
fixed_marks_vary_sigma,1.0,0.01,40.0,35.0,1.0,0.24,0.63,0.01,4.51,3.48,5.54,0.5,0.0,-1.03,4.51,42.802,41.7411,1.0,vasicek_mrjd_asian_put_12,put,12,0.8718281977307524,0.8780190286073233,0.007100975734307263,0.027656209087959162,0.03172208602560049
fixed_marks_vary_sigma,1.0,0.01,40.0,35.0,1.0,0.24,0.63,0.01,4.51,3.48,5.54,0.5,0.0,-1.03,4.51,42.802,41.7411,1.0,vasicek_mrjd_asian_call_12,call,12,1.1548969986277156,1.1610878295042864,0.0053605047756872986,0.027656209087959162,0.02394690532646732
fixed_marks_vary_sigma,0.2,0.08,40.0,35.0,1.0,0.24,0.63,0.08,22.549999999999997,3.48,5.54,0.5,0.0,-1.03,4.51,42.802,41.7411,0.2,vasicek_mrjd_vanilla_put,put,1,9.83191647668962,9.85685378376035,0.0025363627864265176,0.3940272165637647,0.04007633888041659
fixed_marks_vary_sigma,0.2,0.08,40.0,35.0,1.0,0.24,0.63,0.08,22.549999999999997,3.48,5.54,0.5,0.0,-1.03,4.51,42.802,41.7411,0.2,vasicek_mrjd_asian_call_4,call,4,5.38568762803267,5.403263981844473,0.003263530123863393,0.25364749525025476,0.04709658501729876
fixed_marks_vary_sigma,0.2,0.08,40.0,35.0,1.0,0.24,0.63,0.08,22.549999999999997,3.48,5.54,0.5,0.0,-1.03,4.51,42.802,41.7411,0.2,vasicek_mrjd_asian_put_12,put,12,4.894918937304162,4.9107905530267635,0.003242467531309662,0.2212496727036733,0.04519986449980412
fixed_marks_vary_sigma,0.2,0.08,40.0,35.0,1.0,0.24,0.63,0.08,22.549999999999997,3.48,5.54,0.5,0.0,-1.03,4.51,42.802,41.7411,0.2,vasicek_mrjd_asian_call_12,call,12,5.177987738201125,5.1938593539237266,0.003065209213514953,0.2212496727036733,0.04272889081435663
fixed_marks_vary_sigma,0.25,0.08,40.0,35.0,1.0,0.24,0.63,0.08,18.04,3.48,5.54,0.5,0.0,-1.03,4.51,42.802,41.7411,0.25,vasicek_mrjd_vanilla_put,put,1,8.256913606196061,8.286921401264063,0.0036342629339713426,0.3940272165637647,0.04772088401991795
fixed_marks_vary_sigma,0.25,0.08,40.0,35.0,1.0,0.24,0.63,0.08,18.04,3.48,5.54,0.5,0.0,-1.03,4.51,42.802,41.7411,0.25,vasicek_mrjd_asian_call_4,call,4,4.268851292841356,4.290167065581205,0.004993327543546429,0.25364749525025476,0.05941820828371523
fixed_marks_vary_sigma,0.25,0.08,40.0,35.0,1.0,0.24,0.63,0.08,18.04,3.48,5.54,0.5,0.0,-1.03,4.51,42.802,41.7411,0.25,vasicek_mrjd_asian_put_12,put,12,3.888198072327781,3.9074705934800162,0.004956671649368175,0.2212496727036733,0.05690288112591338
fixed_marks_vary_sigma,0.25,0.08,40.0,35.0,1.0,0.24,0.63,0.08,18.04,3.48,5.54,0.5,0.0,-1.03,4.51,42.802,41.7411,0.25,vasicek_mrjd_asian_call_12,call,12,4.171266873224744,4.190539394376979,0.004620304031838606,0.2212496727036733,0.053041361156695416
fixed_marks_vary_sigma,0.29,0.08,40.0,35.0,1.0,0.24,0.63,0.08,15.551724137931036,3.48,5.54,0.5,0.0,-1.03,4.51,42.802,41.7411,0.29,vasicek_mrjd_vanilla_put,put,1,7.3949161504627146,7.428578632014283,0.004552111324407878,0.3940272165637647,0.05328352729721075
fixed_marks_vary_sigma,0.29,0.08,40.0,35.0,1.0,0.24,0.63,0.08,15.551724137931036,3.48,5.54,0.5,0.0,-1.03,4.51,42.802,41.7411,0.29,vasicek_mrjd_asian_call_4,call,4,3.652812533200487,3.6769095041618685,0.006596826621230567,0.25364749525025476,0.069438957774276
fixed_marks_vary_sigma,0.29,0.08,40.0,35.0,1.0,0.24,0.63,0.08,15.551724137931036,3.48,5.54,0.5,0.0,-1.03,4.51,42.802,41.7411,0.29,vasicek_mrjd_asian_put_12,put,12,3.3328444426302344,3.354657463253644,0.006544866104280275,0.2212496727036733,0.06638463826084429
fixed_marks_vary_sigma,0.29,0.08,40.0,35.0,1.0,0.24,0.63,0.08,15.551724137931036,3.48,5.54,0.5,0.0,-1.03,4.51,42.802,41.7411,0.29,vasicek_mrjd_asian_call_12,call,12,3.6159132435271975,3.637726264150607,0.006032506632302844,0.2212496727036733,0.061187771332658396
fixed_marks_vary_sigma,0.33,0.08,40.0,35.0,1.0,0.24,0.63,0.08,13.666666666666666,3.48,5.54,0.5,0.0,-1.03,4.51,42.802,41.7411,0.33,vasicek_mrjd_vanilla_put,put,1,6.747287093383573,6.784254935819838,0.005478919441936339,0.3940272165637647,0.0583978732652639
fixed_marks_vary_sigma,0.33,0.08,40.0,35.0,1.0,0.24,0.63,0.08,13.666666666666666,3.48,5.54,0.5,0.0,-1.03,4.51,42.802,41.7411,0.33,vasicek_mrjd_asian_call_4,call,4,3.1862311506679486,3.2129306438763527,0.008379647284161091,0.25364749525025476,0.07960737412195631
fixed_marks_vary_sigma,0.33,0.08,40.0,35.0,1.0,0.24,0.63,0.08,13.666666666666666,3.48,5.54,0.5,0.0,-1.03,4.51,42.802,41.7411,0.33,vasicek_mrjd_asian_put_12,put,12,2.9121833627927387,2.9363842602087455,0.008310224460865868,0.2212496727036733,0.07597381247707503
fixed_marks_vary_sigma,0.33,0.08,40.0,35.0,1.0,0.24,0.63,0.08,13.666666666666666,3.48,5.54,0.5,0.0,-1.03,4.51,42.802,41.7411,0.33,vasicek_mrjd_asian_call_12,call,12,3.1952521636897018,3.2194530611057086,0.007574018004282007,0.2212496727036733,0.0692432588632336
fixed_marks_vary_sigma,0.4,0.08,40.0,35.0,1.0,0.24,0.63,0.08,11.274999999999999,3.48,5.54,0.5,0.0,-1.03,4.51,42.802,41.7411,0.4,vasicek_mrjd_vanilla_put,put,1,5.9362052137732455,5.978163901381896,0.007068267705991227,0.3940272165637647,0.06637695335220868
fixed_marks_vary_sigma,0.4,0.08,40.0,35.0,1.0,0.24,0.63,0.08,11.274999999999999,3.48,5.54,0.5,0.0,-1.03,4.51,42.802,41.7411,0.4,vasicek_mrjd_asian_call_4,call,4,2.5944835382682303,2.6253386198904236,0.011892571745815931,0.25364749525025476,0.09776415672290592
fixed_marks_vary_sigma,0.4,0.08,40.0,35.0,1.0,0.24,0.63,0.08,11.274999999999999,3.48,5.54,0.5,0.0,-1.03,4.51,42.802,41.7411,0.4,vasicek_mrjd_asian_put_12,put,12,2.3785914163233395,2.406631241838388,0.011788416170436902,0.2212496727036733,0.09301709876918063
fixed_marks_vary_sigma,0.4,0.08,40.0,35.0,1.0,0.24,0.63,0.08,11.274999999999999,3.48,5.54,0.5,0.0,-1.03,4.51,42.802,41.7411,0.4,vasicek_mrjd_asian_call_12,call,12,2.6616602172203025,2.689700042735351,0.010534712632979044,0.2212496727036733,0.0831246870927555
fixed_marks_vary_sigma,0.5,0.08,40.0,35.0,1.0,0.24,0.63,0.08,9.02,3.48,5.54,0.5,0.0,-1.03,4.51,42.802,41.7411,0.5,vasicek_mrjd_vanilla_put,put,1,5.189836182253261,5.2373615668932825,0.009157395912135984,0.3940272165637647,0.07592286205702367
fixed_marks_vary_sigma,0.5,0.08,40.0,35.0,1.0,0.24,0.63,0.08,9.02,3.48,5.54,0.5,0.0,-1.03,4.51,42.802,41.7411,0.5,vasicek_mrjd_asian_call_4,call,4,2.036951696486294,2.0729662625251586,0.017680618593454586,0.25364749525025476,0.12452307813081294
fixed_marks_vary_sigma,0.5,0.08,40.0,35.0,1.0,0.24,0.63,0.08,9.02,3.48,5.54,0.5,0.0,-1.03,4.51,42.802,41.7411,0.5,vasicek_mrjd_asian_put_12,put,12,1.8757054910340032,1.908568645545294,0.01752042347179704,0.2212496727036733,0.1179554433045387
fixed_marks_vary_sigma,0.5,0.08,40.0,35.0,1.0,0.24,0.63,0.08,9.02,3.48,5.54,0.5,0.0,-1.03,4.51,42.802,41.7411,0.5,vasicek_mrjd_asian_call_12,call,12,2.1587742919309663,2.191637446442257,0.015223061824539108,0.2212496727036733,0.10248856192639358
fixed_marks_vary_sigma,0.67,0.08,40.0,35.0,1.0,0.24,0.63,0.08,6.731343283582089,3.48,5.54,0.5,0.0,-1.03,4.51,42.802,41.7411,0.67,vasicek_mrjd_vanilla_put,put,1,4.467939304587334,4.521567490414011,0.0120028904089219,0.3940272165637647,0.0881899215056946
fixed_marks_vary_sigma,0.67,0.08,40.0,35.0,1.0,0.24,0.63,0.08,6.731343283582089,3.48,5.54,0.5,0.0,-1.03,4.51,42.802,41.7411,0.67,vasicek_mrjd_asian_call_4,call,4,1.4719067989160186,1.5150080045769312,0.029282564420963563,0.25364749525025476,0.17232578546213165
fixed_marks_vary_sigma,0.67,0.08,40.0,35.0,1.0,0.24,0.63,0.08,6.731343283582089,3.48,5.54,0.5,0.0,-1.03,4.51,42.802,41.7411,0.67,vasicek_mrjd_asian_put_12,put,12,1.3657468278140834,1.4053789880831444,0.029018672759792107,0.2212496727036733,0.1619990383267371
fixed_marks_vary_sigma,0.67,0.08,40.0,35.0,1.0,0.24,0.63,0.08,6.731343283582089,3.48,5.54,0.5,0.0,-1.03,4.51,42.802,41.7411,0.67,vasicek_mrjd_asian_call_12,call,12,1.6488156287110465,1.6884477889801075,0.024036744666256753,0.2212496727036733,0.13418703028466206
fixed_marks_vary_sigma,1.0,0.08,40.0,35.0,1.0,0.24,0.63,0.08,4.51,3.48,5.54,0.5,0.0,-1.03,4.51,42.802,41.7411,1.0,vasicek_mrjd_vanilla_put,put,1,3.8456085903049777,3.9034022916951394,0.01502849289859173,0.3940272165637647,0.10246160193139058
fixed_marks_vary_sigma,1.0,0.08,40.0,35.0,1.0,0.24,0.63,0.08,4.51,3.48,5.54,0.5,0.0,-1.03,4.51,42.802,41.7411,1.0,vasicek_mrjd_asian_call_4,call,4,0.9254224037694115,0.9781363011220829,0.056961985292292724,0.25364749525025476,0.2740883451892919
fixed_marks_vary_sigma,1.0,0.08,40.0,35.0,1.0,0.24,0.63,0.08,4.51,3.48,5.54,0.5,0.0,-1.03,4.51,42.802,41.7411,1.0,vasicek_mrjd_asian_put_12,put,12,0.8718281977307524,0.9210798770021078,0.05649241375714929,0.2212496727036733,0.2537766882048039
fixed_marks_vary_sigma,1.0,0.08,40.0,35.0,1.0,0.24,0.63,0.08,4.51,3.48,5.54,0.5,0.0,-1.03,4.51,42.802,41.7411,1.0,vasicek_mrjd_asian_call_12,call,12,1.1548969986277156,1.2041486778990709,0.0426459496646694,0.2212496727036733,0.19157524261173856
fixed_marks_vary_sigma,0.2,0.7,40.0,35.0,1.0,0.24,0.63,0.7,22.549999999999997,3.48,5.54,0.5,0.0,-1.03,4.51,42.802,41.7411,0.2,vasicek_mrjd_vanilla_put,put,1,9.83191647668962,10.048175284189352,0.02199559038285735,3.447738144932941,0.3506679652036451
fixed_marks_vary_sigma,0.2,0.7,40.0,35.0,1.0,0.24,0.63,0.7,22.549999999999997,3.48,5.54,0.5,0.0,-1.03,4.51,42.802,41.7411,0.2,vasicek_mrjd_asian_call_4,call,4,5.38568762803267,5.538074724764705,0.028294826446832032,2.2194155834397287,0.4120951189013641
fixed_marks_vary_sigma,0.2,0.7,40.0,35.0,1.0,0.24,0.63,0.7,22.549999999999997,3.48,5.54,0.5,0.0,-1.03,4.51,42.802,41.7411,0.2,vasicek_mrjd_asian_put_12,put,12,4.894918937304162,5.032514752594687,0.028109927263944602,1.9359346361571408,0.39549881437328593
fixed_marks_vary_sigma,0.2,0.7,40.0,35.0,1.0,0.24,0.63,0.7,22.549999999999997,3.48,5.54,0.5,0.0,-1.03,4.51,42.802,41.7411,0.2,vasicek_mrjd_asian_call_12,call,12,5.177987738201125,5.31558355349165,0.026573221538436262,1.9359346361571408,0.3738777946256204
fixed_marks_vary_sigma,0.25,0.7,40.0,35.0,1.0,0.24,0.63,0.7,18.04,3.48,5.54,0.5,0.0,-1.03,4.51,42.802,41.7411,0.25,vasicek_mrjd_vanilla_put,put,1,8.256913606196061,8.516384768135474,0.03142471561585713,3.447738144932941,0.417557735174282
fixed_marks_vary_sigma,0.25,0.7,40.0,35.0,1.0,0.24,0.63,0.7,18.04,3.48,5.54,0.5,0.0,-1.03,4.51,42.802,41.7411,0.25,vasicek_mrjd_asian_call_4,call,4,4.268851292841356,4.453035134459941,0.04314599619046262,2.2194155834397287,0.5199093224825082
fixed_marks_vary_sigma,0.25,0.7,40.0,35.0,1.0,0.24,0.63,0.7,18.04,3.48,5.54,0.5,0.0,-1.03,4.51,42.802,41.7411,0.25,vasicek_mrjd_asian_put_12,put,12,3.888198072327781,4.0546945596831385,0.042820989120978474,1.9359346361571408,0.49790020985174194
fixed_marks_vary_sigma,0.25,0.7,40.0,35.0,1.0,0.24,0.63,0.7,18.04,3.48,5.54,0.5,0.0,-1.03,4.51,42.802,41.7411,0.25,vasicek_mrjd_asian_call_12,call,12,4.171266873224744,4.337763360580102,0.03991508872858126,1.9359346361571408,0.46411191012108477
fixed_marks_vary_sigma,0.29,0.7,40.0,35.0,1.0,0.24,0.63,0.7,15.551724137931036,3.48,5.54,0.5,0.0,-1.03,4.51,42.802,41.7411,0.29,vasicek_mrjd_vanilla_put,put,1,7.3949161504627146,7.685397845959863,0.03928126967051175,3.447738144932941,0.46623086385059404
fixed_marks_vary_sigma,0.29,0.7,40.0,35.0,1.0,0.24,0.63,0.7,15.551724137931036,3.48,5.54,0.5,0.0,-1.03,4.51,42.802,41.7411,0.29,vasicek_mrjd_asian_call_4,call,4,3.652812533200487,3.8604796911209833,0.05685130458598833,2.2194155834397287,0.6075908805249148
fixed_marks_vary_sigma,0.29,0.7,40.0,35.0,1.0,0.24,0.63,0.7,15.551724137931036,3.48,5.54,0.5,0.0,-1.03,4.51,42.802,41.7411,0.29,vasicek_mrjd_asian_put_12,put,12,3.3328444426302344,3.5207671368228675,0.056385078099932893,1.9359346361571408,0.5808655847823873
fixed_marks_vary_sigma,0.29,0.7,40.0,35.0,1.0,0.24,0.63,0.7,15.551724137931036,3.48,5.54,0.5,0.0,-1.03,4.51,42.802,41.7411,0.29,vasicek_mrjd_asian_call_12,call,12,3.6159132435271975,3.8038359377198305,0.05197101853287858,1.9359346361571408,0.5353929991607608
fixed_marks_vary_sigma,0.33,0.7,40.0,35.0,1.0,0.24,0.63,0.7,13.666666666666666,3.48,5.54,0.5,0.0,-1.03,4.51,42.802,41.7411,0.33,vasicek_mrjd_vanilla_put,put,1,6.747287093383573,7.065753793145803,0.04719922175455088,3.447738144932941,0.5109813910710591
fixed_marks_vary_sigma,0.33,0.7,40.0,35.0,1.0,0.24,0.63,0.7,13.666666666666666,3.48,5.54,0.5,0.0,-1.03,4.51,42.802,41.7411,0.33,vasicek_mrjd_asian_call_4,call,4,3.1862311506679486,3.4157470129880054,0.07203365087681791,2.2194155834397287,0.6965645235671176
fixed_marks_vary_sigma,0.33,0.7,40.0,35.0,1.0,0.24,0.63,0.7,13.666666666666666,3.48,5.54,0.5,0.0,-1.03,4.51,42.802,41.7411,0.33,vasicek_mrjd_asian_put_12,put,12,2.9121833627927387,3.1201164688188943,0.07140110361277215,1.9359346361571408,0.6647708591744064
fixed_marks_vary_sigma,0.33,0.7,40.0,35.0,1.0,0.24,0.63,0.7,13.666666666666666,3.48,5.54,0.5,0.0,-1.03,4.51,42.802,41.7411,0.33,vasicek_mrjd_asian_call_12,call,12,3.1952521636897018,3.4031852697158573,0.06507564829751834,1.9359346361571408,0.6058785150532938
fixed_marks_vary_sigma,0.4,0.7,40.0,35.0,1.0,0.24,0.63,0.7,11.274999999999999,3.48,5.54,0.5,0.0,-1.03,4.51,42.802,41.7411,0.4,vasicek_mrjd_vanilla_put,put,1,5.9362052137732455,6.296926226456549,0.06076626391661031,3.447738144932941,0.580798341831826
fixed_marks_vary_sigma,0.4,0.7,40.0,35.0,1.0,0.24,0.63,0.7,11.274999999999999,3.48,5.54,0.5,0.0,-1.03,4.51,42.802,41.7411,0.4,vasicek_mrjd_asian_call_4,call,4,2.5944835382682303,2.858642933664503,0.10181579165948162,2.2194155834397287,0.8554363713254267
fixed_marks_vary_sigma,0.4,0.7,40.0,35.0,1.0,0.24,0.63,0.7,11.274999999999999,3.48,5.54,0.5,0.0,-1.03,4.51,42.802,41.7411,0.4,vasicek_mrjd_asian_put_12,put,12,2.3785914163233395,2.6184327816595254,0.10083336031999812,1.9359346361571408,0.8138996142303302
fixed_marks_vary_sigma,0.4,0.7,40.0,35.0,1.0,0.24,0.63,0.7,11.274999999999999,3.48,5.54,0.5,0.0,-1.03,4.51,42.802,41.7411,0.4,vasicek_mrjd_asian_call_12,call,12,2.6616602172203025,2.9015015825564885,0.09010968559565563,1.9359346361571408,0.7273410120616105
fixed_marks_vary_sigma,0.5,0.7,40.0,35.0,1.0,0.24,0.63,0.7,9.02,3.48,5.54,0.5,0.0,-1.03,4.51,42.802,41.7411,0.5,vasicek_mrjd_vanilla_put,put,1,5.189836182253261,5.598017851959275,0.07865020308382734,3.447738144932941,0.6643250429989571
fixed_marks_vary_sigma,0.5,0.7,40.0,35.0,1.0,0.24,0.63,0.7,9.02,3.48,5.54,0.5,0.0,-1.03,4.51,42.802,41.7411,0.5,vasicek_mrjd_asian_call_4,call,4,2.036951696486294,2.3437358567018105,0.15060944289681175,2.2194155834397287,1.0895769336446128
fixed_marks_vary_sigma,0.5,0.7,40.0,35.0,1.0,0.24,0.63,0.7,9.02,3.48,5.54,0.5,0.0,-1.03,4.51,42.802,41.7411,0.5,vasicek_mrjd_asian_put_12,put,12,1.8757054910340032,2.1551816803944375,0.1489979054261711,1.9359346361571408,1.0321101289147134
fixed_marks_vary_sigma,0.5,0.7,40.0,35.0,1.0,0.24,0.63,0.7,9.02,3.48,5.54,0.5,0.0,-1.03,4.51,42.802,41.7411,0.5,vasicek_mrjd_asian_call_12,call,12,2.1587742919309663,2.4382504812914005,0.12946058807771435,1.9359346361571408,0.8967749168559436
fixed_marks_vary_sigma,0.67,0.7,40.0,35.0,1.0,0.24,0.63,0.7,6.731343283582089,3.48,5.54,0.5,0.0,-1.03,4.51,42.802,41.7411,0.67,vasicek_mrjd_vanilla_put,put,1,4.467939304587334,4.929849120311983,0.10338318948298958,3.447738144932941,0.7716618131748276
fixed_marks_vary_sigma,0.67,0.7,40.0,35.0,1.0,0.24,0.63,0.7,6.731343283582089,3.48,5.54,0.5,0.0,-1.03,4.51,42.802,41.7411,0.67,vasicek_mrjd_asian_call_4,call,4,1.4719067989160186,1.8366411274674825,0.24779716271442692,2.2194155834397287,1.5078506227936515
fixed_marks_vary_sigma,0.67,0.7,40.0,35.0,1.0,0.24,0.63,0.7,6.731343283582089,3.48,5.54,0.5,0.0,-1.03,4.51,42.802,41.7411,0.67,vasicek_mrjd_asian_put_12,put,12,1.3657468278140834,1.7000035259738957,0.2447427966534615,1.9359346361571408,1.4174915853589491
fixed_marks_vary_sigma,0.67,0.7,40.0,35.0,1.0,0.24,0.63,0.7,6.731343283582089,3.48,5.54,0.5,0.0,-1.03,4.51,42.802,41.7411,0.67,vasicek_mrjd_asian_call_12,call,12,1.6488156287110465,1.9830723268708588,0.20272533346928293,1.9359346361571408,1.1741365149907925
fixed_marks_vary_sigma,1.0,0.7,40.0,35.0,1.0,0.24,0.63,0.7,4.51,3.48,5.54,0.5,0.0,-1.03,4.51,42.802,41.7411,1.0,vasicek_mrjd_vanilla_put,put,1,3.8456085903049777,4.351491842047434,0.13154829459706838,3.447738144932941,0.8965390168996675
fixed_marks_vary_sigma,1.0,0.7,40.0,35.0,1.0,0.24,0.63,0.7,4.51,3.48,5.54,0.5,0.0,-1.03,4.51,42.802,41.7411,1.0,vasicek_mrjd_asian_call_4,call,4,0.9254224037694115,1.3680979167566574,0.4783496824630018,2.2194155834397287,2.398273020406304
fixed_marks_vary_sigma,1.0,0.7,40.0,35.0,1.0,0.24,0.63,0.7,4.51,3.48,5.54,0.5,0.0,-1.03,4.51,42.802,41.7411,1.0,vasicek_mrjd_asian_put_12,put,12,0.8718281977307524,1.282284357106384,0.4707993621266116,1.9359346361571408,2.2205460217920336
fixed_marks_vary_sigma,1.0,0.7,40.0,35.0,1.0,0.24,0.63,0.7,4.51,3.48,5.54,0.5,0.0,-1.03,4.51,42.802,41.7411,1.0,vasicek_mrjd_asian_call_12,call,12,1.1548969986277156,1.565353158003347,0.35540499270787634,1.9359346361571408,1.6762833728527118
